您正在使用gin模式的GIN_MODE环境名称,config的路径为config.yaml
[GIN-debug] [WARNING] Creating an Engine instance with the Logger and Recovery middleware already attached.

[GIN-debug] [WARNING] Running in "debug" mode. Switch to "release" mode in production.
 - using env:	export GIN_MODE=release
 - using code:	gin.SetMode(gin.ReleaseMode)

无鉴权插件安装==》 &{[0x101140380 0x101140760] / 0x1803cc5d6000 false}
鉴权插件安装==》 &{[0x101140380 0x101140760] / 0x1803cc5d6000 false}
[GIN-debug] POST   /email/emailTest          --> fresh-shop/server/plugin/email/api.(*EmailApi).EmailTest-fm (6 handlers)
[GIN-debug] POST   /email/sendEmail          --> fresh-shop/server/plugin/email/api.(*EmailApi).SendEmail-fm (6 handlers)
[GIN-debug] GET    /uploads/file/*filepath   --> github.com/gin-gonic/gin.(*RouterGroup).createStaticHandler.func1 (3 handlers)
[GIN-debug] HEAD   /uploads/file/*filepath   --> github.com/gin-gonic/gin.(*RouterGroup).createStaticHandler.func1 (3 handlers)
[GIN-debug] GET    /swagger/*any             --> github.com/swaggo/gin-swagger.CustomWrapHandler.func1 (3 handlers)
[fresh_shop/server]2026/09/23 - 23:16:01.224	[34minfo[0m	/Users/zhaoyuedong/Desktop/生鲜项目/fresh-b2b/fresh-shop/server/initialize/router.go:39	register swagger handler
[GIN-debug] GET    /health                   --> fresh-shop/server/initialize.Routers.func1 (3 handlers)
[GIN-debug] POST   /base/login               --> fresh-shop/server/api/v1/system.(*BaseApi).Login-fm (3 handlers)
[GIN-debug] POST   /base/loginWx             --> fresh-shop/server/api/v1/system.(*BaseApi).LoginWx-fm (3 handlers)
[GIN-debug] POST   /base/captcha             --> fresh-shop/server/api/v1/system.(*BaseApi).Captcha-fm (3 handlers)
[GIN-debug] POST   /init/initdb              --> fresh-shop/server/api/v1/system.(*DBApi).InitDB-fm (3 handlers)
[GIN-debug] POST   /init/checkdb             --> fresh-shop/server/api/v1/system.(*DBApi).CheckDB-fm (3 handlers)
[GIN-debug] POST   /api/createApi            --> fresh-shop/server/api/v1/system.(*SystemApiApi).CreateApi-fm (7 handlers)
[GIN-debug] POST   /api/deleteApi            --> fresh-shop/server/api/v1/system.(*SystemApiApi).DeleteApi-fm (7 handlers)
[GIN-debug] POST   /api/getApiById           --> fresh-shop/server/api/v1/system.(*SystemApiApi).GetApiById-fm (7 handlers)
[GIN-debug] POST   /api/updateApi            --> fresh-shop/server/api/v1/system.(*SystemApiApi).UpdateApi-fm (7 handlers)
[GIN-debug] DELETE /api/deleteApisByIds      --> fresh-shop/server/api/v1/system.(*SystemApiApi).DeleteApisByIds-fm (7 handlers)
[GIN-debug] POST   /api/getAllApis           --> fresh-shop/server/api/v1/system.(*SystemApiApi).GetAllApis-fm (6 handlers)
[GIN-debug] POST   /api/getApiList           --> fresh-shop/server/api/v1/system.(*SystemApiApi).GetApiList-fm (6 handlers)
[GIN-debug] POST   /jwt/jsonInBlacklist      --> fresh-shop/server/api/v1/system.(*JwtApi).JsonInBlacklist-fm (6 handlers)
[GIN-debug] POST   /user/admin_register      --> fresh-shop/server/api/v1/system.(*BaseApi).Register-fm (7 handlers)
[GIN-debug] POST   /user/changePassword      --> fresh-shop/server/api/v1/system.(*BaseApi).ChangePassword-fm (7 handlers)
[GIN-debug] POST   /user/setUserAuthority    --> fresh-shop/server/api/v1/system.(*BaseApi).SetUserAuthority-fm (7 handlers)
[GIN-debug] DELETE /user/deleteUser          --> fresh-shop/server/api/v1/system.(*BaseApi).DeleteUser-fm (7 handlers)
[GIN-debug] PUT    /user/setUserInfo         --> fresh-shop/server/api/v1/system.(*BaseApi).SetUserInfo-fm (7 handlers)
[GIN-debug] PUT    /user/setSelfInfo         --> fresh-shop/server/api/v1/system.(*BaseApi).SetSelfInfo-fm (7 handlers)
[GIN-debug] POST   /user/setUserAuthorities  --> fresh-shop/server/api/v1/system.(*BaseApi).SetUserAuthorities-fm (7 handlers)
[GIN-debug] POST   /user/resetPassword       --> fresh-shop/server/api/v1/system.(*BaseApi).ResetPassword-fm (7 handlers)
[GIN-debug] GET    /user/getAuditStatus      --> fresh-shop/server/api/v1/system.(*BaseApi).GetAuditStatus-fm (6 handlers)
[GIN-debug] POST   /user/getUserList         --> fresh-shop/server/api/v1/system.(*BaseApi).GetUserList-fm (6 handlers)
[GIN-debug] GET    /user/getUserInfo         --> fresh-shop/server/api/v1/system.(*BaseApi).GetUserInfo-fm (6 handlers)
[GIN-debug] POST   /menu/addBaseMenu         --> fresh-shop/server/api/v1/system.(*AuthorityMenuApi).AddBaseMenu-fm (7 handlers)
[GIN-debug] POST   /menu/addMenuAuthority    --> fresh-shop/server/api/v1/system.(*AuthorityMenuApi).AddMenuAuthority-fm (7 handlers)
[GIN-debug] POST   /menu/deleteBaseMenu      --> fresh-shop/server/api/v1/system.(*AuthorityMenuApi).DeleteBaseMenu-fm (7 handlers)
[GIN-debug] POST   /menu/updateBaseMenu      --> fresh-shop/server/api/v1/system.(*AuthorityMenuApi).UpdateBaseMenu-fm (7 handlers)
[GIN-debug] POST   /menu/getMenu             --> fresh-shop/server/api/v1/system.(*AuthorityMenuApi).GetMenu-fm (6 handlers)
[GIN-debug] POST   /menu/getMenuList         --> fresh-shop/server/api/v1/system.(*AuthorityMenuApi).GetMenuList-fm (6 handlers)
[GIN-debug] POST   /menu/getBaseMenuTree     --> fresh-shop/server/api/v1/system.(*AuthorityMenuApi).GetBaseMenuTree-fm (6 handlers)
[GIN-debug] POST   /menu/getMenuAuthority    --> fresh-shop/server/api/v1/system.(*AuthorityMenuApi).GetMenuAuthority-fm (6 handlers)
[GIN-debug] POST   /menu/getBaseMenuById     --> fresh-shop/server/api/v1/system.(*AuthorityMenuApi).GetBaseMenuById-fm (6 handlers)
[GIN-debug] POST   /system/getSystemConfig   --> fresh-shop/server/api/v1/system.(*SystemApi).GetSystemConfig-fm (7 handlers)
[GIN-debug] POST   /system/setSystemConfig   --> fresh-shop/server/api/v1/system.(*SystemApi).SetSystemConfig-fm (7 handlers)
[GIN-debug] POST   /system/getServerInfo     --> fresh-shop/server/api/v1/system.(*SystemApi).GetServerInfo-fm (7 handlers)
[GIN-debug] POST   /system/reloadSystem      --> fresh-shop/server/api/v1/system.(*SystemApi).ReloadSystem-fm (7 handlers)
[GIN-debug] POST   /casbin/updateCasbin      --> fresh-shop/server/api/v1/system.(*CasbinApi).UpdateCasbin-fm (7 handlers)
[GIN-debug] POST   /casbin/getPolicyPathByAuthorityId --> fresh-shop/server/api/v1/system.(*CasbinApi).GetPolicyPathByAuthorityId-fm (6 handlers)
[GIN-debug] GET    /autoCode/getDB           --> fresh-shop/server/api/v1/system.(*AutoCodeApi).GetDB-fm (6 handlers)
[GIN-debug] GET    /autoCode/getTables       --> fresh-shop/server/api/v1/system.(*AutoCodeApi).GetTables-fm (6 handlers)
[GIN-debug] GET    /autoCode/getColumn       --> fresh-shop/server/api/v1/system.(*AutoCodeApi).GetColumn-fm (6 handlers)
[GIN-debug] POST   /autoCode/preview         --> fresh-shop/server/api/v1/system.(*AutoCodeApi).PreviewTemp-fm (6 handlers)
[GIN-debug] POST   /autoCode/createTemp      --> fresh-shop/server/api/v1/system.(*AutoCodeApi).CreateTemp-fm (6 handlers)
[GIN-debug] POST   /autoCode/createPackage   --> fresh-shop/server/api/v1/system.(*AutoCodeApi).CreatePackage-fm (6 handlers)
[GIN-debug] POST   /autoCode/getPackage      --> fresh-shop/server/api/v1/system.(*AutoCodeApi).GetPackage-fm (6 handlers)
[GIN-debug] POST   /autoCode/delPackage      --> fresh-shop/server/api/v1/system.(*AutoCodeApi).DelPackage-fm (6 handlers)
[GIN-debug] POST   /autoCode/createPlug      --> fresh-shop/server/api/v1/system.(*AutoCodeApi).AutoPlug-fm (6 handlers)
[GIN-debug] POST   /autoCode/installPlugin   --> fresh-shop/server/api/v1/system.(*AutoCodeApi).InstallPlugin-fm (6 handlers)
[GIN-debug] POST   /authority/createAuthority --> fresh-shop/server/api/v1/system.(*AuthorityApi).CreateAuthority-fm (7 handlers)
[GIN-debug] POST   /authority/deleteAuthority --> fresh-shop/server/api/v1/system.(*AuthorityApi).DeleteAuthority-fm (7 handlers)
[GIN-debug] PUT    /authority/updateAuthority --> fresh-shop/server/api/v1/system.(*AuthorityApi).UpdateAuthority-fm (7 handlers)
[GIN-debug] POST   /authority/copyAuthority  --> fresh-shop/server/api/v1/system.(*AuthorityApi).CopyAuthority-fm (7 handlers)
[GIN-debug] POST   /authority/setDataAuthority --> fresh-shop/server/api/v1/system.(*AuthorityApi).SetDataAuthority-fm (7 handlers)
[GIN-debug] POST   /authority/getAuthorityList --> fresh-shop/server/api/v1/system.(*AuthorityApi).GetAuthorityList-fm (6 handlers)
[GIN-debug] POST   /sysDictionary/createSysDictionary --> fresh-shop/server/api/v1/system.(*DictionaryApi).CreateSysDictionary-fm (7 handlers)
[GIN-debug] DELETE /sysDictionary/deleteSysDictionary --> fresh-shop/server/api/v1/system.(*DictionaryApi).DeleteSysDictionary-fm (7 handlers)
[GIN-debug] PUT    /sysDictionary/updateSysDictionary --> fresh-shop/server/api/v1/system.(*DictionaryApi).UpdateSysDictionary-fm (7 handlers)
[GIN-debug] GET    /sysDictionary/findSysDictionary --> fresh-shop/server/api/v1/system.(*DictionaryApi).FindSysDictionary-fm (6 handlers)
[GIN-debug] GET    /sysDictionary/getSysDictionaryList --> fresh-shop/server/api/v1/system.(*DictionaryApi).GetSysDictionaryList-fm (6 handlers)
[GIN-debug] POST   /autoCode/getMeta         --> fresh-shop/server/api/v1/system.(*AutoCodeHistoryApi).First-fm (6 handlers)
[GIN-debug] POST   /autoCode/rollback        --> fresh-shop/server/api/v1/system.(*AutoCodeHistoryApi).RollBack-fm (6 handlers)
[GIN-debug] POST   /autoCode/delSysHistory   --> fresh-shop/server/api/v1/system.(*AutoCodeHistoryApi).Delete-fm (6 handlers)
[GIN-debug] POST   /autoCode/getSysHistory   --> fresh-shop/server/api/v1/system.(*AutoCodeHistoryApi).GetList-fm (6 handlers)
[GIN-debug] POST   /sysOperationRecord/createSysOperationRecord --> fresh-shop/server/api/v1/system.(*OperationRecordApi).CreateSysOperationRecord-fm (6 handlers)
[GIN-debug] DELETE /sysOperationRecord/deleteSysOperationRecord --> fresh-shop/server/api/v1/system.(*OperationRecordApi).DeleteSysOperationRecord-fm (6 handlers)
[GIN-debug] DELETE /sysOperationRecord/deleteSysOperationRecordByIds --> fresh-shop/server/api/v1/system.(*OperationRecordApi).DeleteSysOperationRecordByIds-fm (6 handlers)
[GIN-debug] GET    /sysOperationRecord/findSysOperationRecord --> fresh-shop/server/api/v1/system.(*OperationRecordApi).FindSysOperationRecord-fm (6 handlers)
[GIN-debug] GET    /sysOperationRecord/getSysOperationRecordList --> fresh-shop/server/api/v1/system.(*OperationRecordApi).GetSysOperationRecordList-fm (6 handlers)
[GIN-debug] POST   /sysDictionaryDetail/createSysDictionaryDetail --> fresh-shop/server/api/v1/system.(*DictionaryDetailApi).CreateSysDictionaryDetail-fm (7 handlers)
[GIN-debug] DELETE /sysDictionaryDetail/deleteSysDictionaryDetail --> fresh-shop/server/api/v1/system.(*DictionaryDetailApi).DeleteSysDictionaryDetail-fm (7 handlers)
[GIN-debug] PUT    /sysDictionaryDetail/updateSysDictionaryDetail --> fresh-shop/server/api/v1/system.(*DictionaryDetailApi).UpdateSysDictionaryDetail-fm (7 handlers)
[GIN-debug] GET    /sysDictionaryDetail/findSysDictionaryDetail --> fresh-shop/server/api/v1/system.(*DictionaryDetailApi).FindSysDictionaryDetail-fm (6 handlers)
[GIN-debug] GET    /sysDictionaryDetail/getSysDictionaryDetailList --> fresh-shop/server/api/v1/system.(*DictionaryDetailApi).GetSysDictionaryDetailList-fm (6 handlers)
[GIN-debug] POST   /authorityBtn/getAuthorityBtn --> fresh-shop/server/api/v1/system.(*AuthorityBtnApi).GetAuthorityBtn-fm (6 handlers)
[GIN-debug] POST   /authorityBtn/setAuthorityBtn --> fresh-shop/server/api/v1/system.(*AuthorityBtnApi).SetAuthorityBtn-fm (6 handlers)
[GIN-debug] POST   /authorityBtn/canRemoveAuthorityBtn --> fresh-shop/server/api/v1/system.(*AuthorityBtnApi).CanRemoveAuthorityBtn-fm (6 handlers)
[GIN-debug] POST   /sysConfig/createSysConfig --> fresh-shop/server/api/v1/system.(*SysConfigApi).CreateSysConfig-fm (7 handlers)
[GIN-debug] DELETE /sysConfig/deleteSysConfig --> fresh-shop/server/api/v1/system.(*SysConfigApi).DeleteSysConfig-fm (7 handlers)
[GIN-debug] DELETE /sysConfig/deleteSysConfigByIds --> fresh-shop/server/api/v1/system.(*SysConfigApi).DeleteSysConfigByIds-fm (7 handlers)
[GIN-debug] PUT    /sysConfig/updateSysConfig --> fresh-shop/server/api/v1/system.(*SysConfigApi).UpdateSysConfig-fm (7 handlers)
[GIN-debug] GET    /sysConfig/findSysConfig  --> fresh-shop/server/api/v1/system.(*SysConfigApi).FindSysConfig-fm (6 handlers)
[GIN-debug] GET    /sysConfig/getSysConfigList --> fresh-shop/server/api/v1/system.(*SysConfigApi).GetSysConfigList-fm (6 handlers)
[GIN-debug] GET    /sysConfig/findSysConfigByName --> fresh-shop/server/api/v1/system.(*SysConfigApi).FindSysConfigByName-fm (3 handlers)
[GIN-debug] POST   /fileUploadAndDownload/upload --> fresh-shop/server/api/v1/file.(*FileUploadAndDownloadApi).UploadFile-fm (6 handlers)
[GIN-debug] POST   /fileUploadAndDownload/getFileList --> fresh-shop/server/api/v1/file.(*FileUploadAndDownloadApi).GetFileList-fm (6 handlers)
[GIN-debug] POST   /fileUploadAndDownload/deleteFile --> fresh-shop/server/api/v1/file.(*FileUploadAndDownloadApi).DeleteFile-fm (6 handlers)
[GIN-debug] POST   /fileUploadAndDownload/editFileName --> fresh-shop/server/api/v1/file.(*FileUploadAndDownloadApi).EditFileName-fm (6 handlers)
[GIN-debug] POST   /fileUploadAndDownload/breakpointContinue --> fresh-shop/server/api/v1/file.(*FileUploadAndDownloadApi).BreakpointContinue-fm (6 handlers)
[GIN-debug] GET    /fileUploadAndDownload/findFile --> fresh-shop/server/api/v1/file.(*FileUploadAndDownloadApi).FindFile-fm (6 handlers)
[GIN-debug] POST   /fileUploadAndDownload/breakpointContinueFinish --> fresh-shop/server/api/v1/file.(*FileUploadAndDownloadApi).BreakpointContinueFinish-fm (6 handlers)
[GIN-debug] POST   /fileUploadAndDownload/removeChunk --> fresh-shop/server/api/v1/file.(*FileUploadAndDownloadApi).RemoveChunk-fm (6 handlers)
[GIN-debug] POST   /userAccountGroup/createAccountGroup --> fresh-shop/server/api/v1/account.(*AccountGroupApi).CreateAccountGroup-fm (7 handlers)
[GIN-debug] POST   /userAccountGroup/syncAccountGroup --> fresh-shop/server/api/v1/account.(*AccountGroupApi).SyncAccountGroup-fm (7 handlers)
[GIN-debug] DELETE /userAccountGroup/deleteAccountGroup --> fresh-shop/server/api/v1/account.(*AccountGroupApi).DeleteAccountGroup-fm (7 handlers)
[GIN-debug] DELETE /userAccountGroup/deleteAccountGroupByIds --> fresh-shop/server/api/v1/account.(*AccountGroupApi).DeleteAccountGroupByIds-fm (7 handlers)
[GIN-debug] PUT    /userAccountGroup/updateAccountGroup --> fresh-shop/server/api/v1/account.(*AccountGroupApi).UpdateAccountGroup-fm (7 handlers)
[GIN-debug] GET    /userAccountGroup/findAccountGroup --> fresh-shop/server/api/v1/account.(*AccountGroupApi).FindAccountGroup-fm (6 handlers)
[GIN-debug] GET    /userAccountGroup/getAccountGroupList --> fresh-shop/server/api/v1/account.(*AccountGroupApi).GetAccountGroupList-fm (6 handlers)
[GIN-debug] GET    /userAccountGroup/getAccountGroupListAll --> fresh-shop/server/api/v1/account.(*AccountGroupApi).GetAccountGroupListAll-fm (6 handlers)
[GIN-debug] POST   /account/createAccount    --> fresh-shop/server/api/v1/account.(*AccountApi).CreateAccount-fm (7 handlers)
[GIN-debug] DELETE /account/deleteAccount    --> fresh-shop/server/api/v1/account.(*AccountApi).DeleteAccount-fm (7 handlers)
[GIN-debug] DELETE /account/deleteAccountByIds --> fresh-shop/server/api/v1/account.(*AccountApi).DeleteAccountByIds-fm (7 handlers)
[GIN-debug] PUT    /account/updateAccount    --> fresh-shop/server/api/v1/account.(*AccountApi).UpdateAccount-fm (7 handlers)
[GIN-debug] GET    /account/findAccount      --> fresh-shop/server/api/v1/account.(*AccountApi).FindAccount-fm (6 handlers)
[GIN-debug] GET    /account/findUserAccount  --> fresh-shop/server/api/v1/account.(*AccountApi).FindUserAccount-fm (6 handlers)
[GIN-debug] GET    /account/getAccountList   --> fresh-shop/server/api/v1/account.(*AccountApi).GetAccountList-fm (6 handlers)
[GIN-debug] POST   /sysRecharge/createSysRecharge --> fresh-shop/server/api/v1/account.(*SysRechargeApi).CreateSysRecharge-fm (7 handlers)
[GIN-debug] DELETE /sysRecharge/deleteSysRecharge --> fresh-shop/server/api/v1/account.(*SysRechargeApi).DeleteSysRecharge-fm (7 handlers)
[GIN-debug] DELETE /sysRecharge/deleteSysRechargeByIds --> fresh-shop/server/api/v1/account.(*SysRechargeApi).DeleteSysRechargeByIds-fm (7 handlers)
[GIN-debug] PUT    /sysRecharge/updateSysRecharge --> fresh-shop/server/api/v1/account.(*SysRechargeApi).UpdateSysRecharge-fm (7 handlers)
[GIN-debug] GET    /sysRecharge/findSysRecharge --> fresh-shop/server/api/v1/account.(*SysRechargeApi).FindSysRecharge-fm (6 handlers)
[GIN-debug] GET    /sysRecharge/getSysRechargeList --> fresh-shop/server/api/v1/account.(*SysRechargeApi).GetSysRechargeList-fm (6 handlers)
[GIN-debug] POST   /userFinanceType/createUserFinanceType --> fresh-shop/server/api/v1/account.(*UserFinanceTypeApi).CreateUserFinanceType-fm (7 handlers)
[GIN-debug] DELETE /userFinanceType/deleteUserFinanceType --> fresh-shop/server/api/v1/account.(*UserFinanceTypeApi).DeleteUserFinanceType-fm (7 handlers)
[GIN-debug] DELETE /userFinanceType/deleteUserFinanceTypeByIds --> fresh-shop/server/api/v1/account.(*UserFinanceTypeApi).DeleteUserFinanceTypeByIds-fm (7 handlers)
[GIN-debug] PUT    /userFinanceType/updateUserFinanceType --> fresh-shop/server/api/v1/account.(*UserFinanceTypeApi).UpdateUserFinanceType-fm (7 handlers)
[GIN-debug] GET    /userFinanceType/findUserFinanceType --> fresh-shop/server/api/v1/account.(*UserFinanceTypeApi).FindUserFinanceType-fm (6 handlers)
[GIN-debug] GET    /userFinanceType/getUserFinanceTypeList --> fresh-shop/server/api/v1/account.(*UserFinanceTypeApi).GetUserFinanceTypeList-fm (6 handlers)
[GIN-debug] GET    /userFinanceType/getUserFinanceTypeListAll --> fresh-shop/server/api/v1/account.(*UserFinanceTypeApi).GetUserFinanceTypeListAll-fm (6 handlers)
[GIN-debug] POST   /userFinanceCash/createUserFinanceCash --> fresh-shop/server/api/v1/account.(*UserFinanceCashApi).CreateUserFinance-fm (7 handlers)
[GIN-debug] DELETE /userFinanceCash/deleteUserFinanceCash --> fresh-shop/server/api/v1/account.(*UserFinanceCashApi).DeleteUserFinance-fm (7 handlers)
[GIN-debug] DELETE /userFinanceCash/deleteUserFinanceCashByIds --> fresh-shop/server/api/v1/account.(*UserFinanceCashApi).DeleteUserFinanceByIds-fm (7 handlers)
[GIN-debug] PUT    /userFinanceCash/updateUserFinanceCash --> fresh-shop/server/api/v1/account.(*UserFinanceCashApi).UpdateUserFinance-fm (7 handlers)
[GIN-debug] GET    /userFinanceCash/findUserFinanceCash --> fresh-shop/server/api/v1/account.(*UserFinanceCashApi).FindUserFinance-fm (6 handlers)
[GIN-debug] GET    /userFinanceCash/getUserFinanceCashList --> fresh-shop/server/api/v1/account.(*UserFinanceCashApi).GetUserFinanceList-fm (6 handlers)
[GIN-debug] POST   /banner/createBanner      --> fresh-shop/server/api/v1/business.(*BannerApi).CreateBanner-fm (7 handlers)
[GIN-debug] DELETE /banner/deleteBanner      --> fresh-shop/server/api/v1/business.(*BannerApi).DeleteBanner-fm (7 handlers)
[GIN-debug] DELETE /banner/deleteBannerByIds --> fresh-shop/server/api/v1/business.(*BannerApi).DeleteBannerByIds-fm (7 handlers)
[GIN-debug] PUT    /banner/updateBanner      --> fresh-shop/server/api/v1/business.(*BannerApi).UpdateBanner-fm (7 handlers)
[GIN-debug] POST   /userDelivery/createUserDelivery --> fresh-shop/server/api/v1/business.(*UserDeliveryApi).CreateUserDelivery-fm (7 handlers)
[GIN-debug] DELETE /userDelivery/deleteUserDelivery --> fresh-shop/server/api/v1/business.(*UserDeliveryApi).DeleteUserDelivery-fm (7 handlers)
[GIN-debug] DELETE /userDelivery/deleteUserDeliveryByIds --> fresh-shop/server/api/v1/business.(*UserDeliveryApi).DeleteUserDeliveryByIds-fm (7 handlers)
[GIN-debug] PUT    /userDelivery/updateUserDelivery --> fresh-shop/server/api/v1/business.(*UserDeliveryApi).UpdateUserDelivery-fm (7 handlers)
[GIN-debug] GET    /userDelivery/findUserDelivery --> fresh-shop/server/api/v1/business.(*UserDeliveryApi).FindUserDelivery-fm (6 handlers)
[GIN-debug] GET    /userDelivery/getUserDeliveryList --> fresh-shop/server/api/v1/business.(*UserDeliveryApi).GetUserDeliveryList-fm (6 handlers)
[GIN-debug] GET    /userDelivery/getUserDeliveryAllList --> fresh-shop/server/api/v1/business.(*UserDeliveryApi).GetUserDeliveryAllList-fm (6 handlers)
[GIN-debug] POST   /pricing/batch-cost-price --> fresh-shop/server/api/v1/business.(*PricingApi).BatchUpdateCostPrice-fm (7 handlers)
[GIN-debug] POST   /pricing/batch-parse      --> fresh-shop/server/api/v1/business.(*PricingApi).BatchParseText-fm (7 handlers)
[GIN-debug] POST   /pricing/apply            --> fresh-shop/server/api/v1/business.(*PricingApi).ApplyPricing-fm (7 handlers)
[GIN-debug] GET    /pricing/markup-rate      --> fresh-shop/server/api/v1/business.(*PricingApi).GetMarkupRate-fm (7 handlers)
[GIN-debug] GET    /bill/list                --> fresh-shop/server/api/v1/business.(*BillApi).GetBillList-fm (7 handlers)
[GIN-debug] POST   /bill/generate            --> fresh-shop/server/api/v1/business.(*BillApi).GenerateBill-fm (7 handlers)
[GIN-debug] GET    /bill/:id                 --> fresh-shop/server/api/v1/business.(*BillApi).GetBillDetail-fm (7 handlers)
[GIN-debug] PUT    /bill/:id/status          --> fresh-shop/server/api/v1/business.(*BillApi).UpdateBillStatus-fm (7 handlers)
[GIN-debug] GET    /banner/findBanner        --> fresh-shop/server/api/v1/business.(*BannerApi).FindBanner-fm (3 handlers)
[GIN-debug] GET    /banner/getBannerList     --> fresh-shop/server/api/v1/business.(*BannerApi).GetBannerList-fm (3 handlers)
[GIN-debug] POST   /category/createCategory  --> fresh-shop/server/api/v1/shop.(*CategoryApi).CreateCategory-fm (7 handlers)
[GIN-debug] DELETE /category/deleteCategory  --> fresh-shop/server/api/v1/shop.(*CategoryApi).DeleteCategory-fm (7 handlers)
[GIN-debug] DELETE /category/deleteCategoryByIds --> fresh-shop/server/api/v1/shop.(*CategoryApi).DeleteCategoryByIds-fm (7 handlers)
[GIN-debug] PUT    /category/updateCategory  --> fresh-shop/server/api/v1/shop.(*CategoryApi).UpdateCategory-fm (7 handlers)
[GIN-debug] POST   /brand/createBrand        --> fresh-shop/server/api/v1/shop.(*BrandApi).CreateBrand-fm (7 handlers)
[GIN-debug] DELETE /brand/deleteBrand        --> fresh-shop/server/api/v1/shop.(*BrandApi).DeleteBrand-fm (7 handlers)
[GIN-debug] DELETE /brand/deleteBrandByIds   --> fresh-shop/server/api/v1/shop.(*BrandApi).DeleteBrandByIds-fm (7 handlers)
[GIN-debug] PUT    /brand/updateBrand        --> fresh-shop/server/api/v1/shop.(*BrandApi).UpdateBrand-fm (7 handlers)
[GIN-debug] POST   /brandCategory/createBrandCategory --> fresh-shop/server/api/v1/shop.(*BrandCategoryApi).CreateBrandCategory-fm (7 handlers)
[GIN-debug] POST   /tags/createTags          --> fresh-shop/server/api/v1/shop.(*TagsApi).CreateTags-fm (7 handlers)
[GIN-debug] DELETE /tags/deleteTags          --> fresh-shop/server/api/v1/shop.(*TagsApi).DeleteTags-fm (7 handlers)
[GIN-debug] DELETE /tags/deleteTagsByIds     --> fresh-shop/server/api/v1/shop.(*TagsApi).DeleteTagsByIds-fm (7 handlers)
[GIN-debug] PUT    /tags/updateTags          --> fresh-shop/server/api/v1/shop.(*TagsApi).UpdateTags-fm (7 handlers)
[GIN-debug] POST   /goods/createGoods        --> fresh-shop/server/api/v1/shop.(*GoodsApi).CreateGoods-fm (7 handlers)
[GIN-debug] DELETE /goods/deleteGoods        --> fresh-shop/server/api/v1/shop.(*GoodsApi).DeleteGoods-fm (7 handlers)
[GIN-debug] DELETE /goods/deleteGoodsByIds   --> fresh-shop/server/api/v1/shop.(*GoodsApi).DeleteGoodsByIds-fm (7 handlers)
[GIN-debug] PUT    /goods/updateGoods        --> fresh-shop/server/api/v1/shop.(*GoodsApi).UpdateGoods-fm (7 handlers)
[GIN-debug] POST   /order/createOrder        --> fresh-shop/server/api/v1/shop.(*OrderApi).CreateOrder-fm (7 handlers)
[GIN-debug] POST   /order/orderPay           --> fresh-shop/server/api/v1/shop.(*OrderApi).OrderPay-fm (7 handlers)
[GIN-debug] POST   /order/cancelOrder        --> fresh-shop/server/api/v1/shop.(*OrderApi).CancelOrder-fm (7 handlers)
[GIN-debug] DELETE /order/deleteOrder        --> fresh-shop/server/api/v1/shop.(*OrderApi).DeleteOrder-fm (7 handlers)
[GIN-debug] DELETE /order/deleteOrderByIds   --> fresh-shop/server/api/v1/shop.(*OrderApi).DeleteOrderByIds-fm (7 handlers)
[GIN-debug] PUT    /order/updateOrder        --> fresh-shop/server/api/v1/shop.(*OrderApi).UpdateOrder-fm (7 handlers)
[GIN-debug] POST   /order/batchSettlement    --> fresh-shop/server/api/v1/shop.(*OrderApi).BatchSettlement-fm (7 handlers)
[GIN-debug] POST   /order/confirmOrder       --> fresh-shop/server/api/v1/shop.(*OrderApi).ConfirmOrder-fm (7 handlers)
[GIN-debug] PUT    /order/updateOrderStatus  --> fresh-shop/server/api/v1/shop.(*OrderApi).UpdateOrderStatus-fm (7 handlers)
[GIN-debug] GET    /order/findOrder          --> fresh-shop/server/api/v1/shop.(*OrderApi).FindOrder-fm (6 handlers)
[GIN-debug] GET    /order/findUserOrderStatus --> fresh-shop/server/api/v1/shop.(*OrderApi).FindUserOrderStatus-fm (6 handlers)
[GIN-debug] GET    /order/getOrderList       --> fresh-shop/server/api/v1/shop.(*OrderApi).GetOrderList-fm (6 handlers)
[GIN-debug] GET    /order/getOrderMonthStatistics --> fresh-shop/server/api/v1/shop.(*OrderApi).GetOrderMonthStatistics-fm (6 handlers)
[GIN-debug] GET    /order/getUserOrderList   --> fresh-shop/server/api/v1/shop.(*OrderApi).GetUserOrderList-fm (6 handlers)
[GIN-debug] GET    /order/orderStatus        --> fresh-shop/server/api/v1/shop.(*OrderApi).OrderStatus-fm (6 handlers)
[GIN-debug] POST   /orderDetails/createOrderDetails --> fresh-shop/server/api/v1/shop.(*OrderDetailsApi).CreateOrderDetails-fm (7 handlers)
[GIN-debug] DELETE /orderDetails/deleteOrderDetails --> fresh-shop/server/api/v1/shop.(*OrderDetailsApi).DeleteOrderDetails-fm (7 handlers)
[GIN-debug] DELETE /orderDetails/deleteOrderDetailsByIds --> fresh-shop/server/api/v1/shop.(*OrderDetailsApi).DeleteOrderDetailsByIds-fm (7 handlers)
[GIN-debug] PUT    /orderDetails/updateOrderDetails --> fresh-shop/server/api/v1/shop.(*OrderDetailsApi).UpdateOrderDetails-fm (7 handlers)
[GIN-debug] GET    /orderDetails/recentlyPurchasedGoods --> fresh-shop/server/api/v1/shop.(*OrderDetailsApi).RecentlyPurchasedGoods-fm (6 handlers)
[GIN-debug] GET    /orderDetails/findOrderDetails --> fresh-shop/server/api/v1/shop.(*OrderDetailsApi).FindOrderDetails-fm (6 handlers)
[GIN-debug] GET    /orderDetails/getOrderDetailsList --> fresh-shop/server/api/v1/shop.(*OrderDetailsApi).GetOrderDetailsList-fm (6 handlers)
[GIN-debug] DELETE /orderDelivery/deleteOrderDelivery --> fresh-shop/server/api/v1/shop.(*OrderDeliveryApi).DeleteOrderDelivery-fm (7 handlers)
[GIN-debug] DELETE /orderDelivery/deleteOrderDeliveryByIds --> fresh-shop/server/api/v1/shop.(*OrderDeliveryApi).DeleteOrderDeliveryByIds-fm (7 handlers)
[GIN-debug] PUT    /orderDelivery/updateOrderDelivery --> fresh-shop/server/api/v1/shop.(*OrderDeliveryApi).UpdateOrderDelivery-fm (7 handlers)
[GIN-debug] POST   /orderDelivery/createOrderDelivery --> fresh-shop/server/api/v1/shop.(*OrderDeliveryApi).CreateOrderDelivery-fm (6 handlers)
[GIN-debug] GET    /orderDelivery/findOrderDelivery --> fresh-shop/server/api/v1/shop.(*OrderDeliveryApi).FindOrderDelivery-fm (6 handlers)
[GIN-debug] GET    /orderDelivery/getOrderDeliveryList --> fresh-shop/server/api/v1/shop.(*OrderDeliveryApi).GetOrderDeliveryList-fm (6 handlers)
[GIN-debug] POST   /orderReturn/createOrderReturn --> fresh-shop/server/api/v1/shop.(*OrderReturnApi).CreateOrderReturn-fm (7 handlers)
[GIN-debug] DELETE /orderReturn/deleteOrderReturn --> fresh-shop/server/api/v1/shop.(*OrderReturnApi).DeleteOrderReturn-fm (7 handlers)
[GIN-debug] DELETE /orderReturn/deleteOrderReturnByIds --> fresh-shop/server/api/v1/shop.(*OrderReturnApi).DeleteOrderReturnByIds-fm (7 handlers)
[GIN-debug] PUT    /orderReturn/updateOrderReturn --> fresh-shop/server/api/v1/shop.(*OrderReturnApi).UpdateOrderReturn-fm (7 handlers)
[GIN-debug] GET    /orderReturn/findOrderReturn --> fresh-shop/server/api/v1/shop.(*OrderReturnApi).FindOrderReturn-fm (6 handlers)
[GIN-debug] GET    /orderReturn/getOrderReturnList --> fresh-shop/server/api/v1/shop.(*OrderReturnApi).GetOrderReturnList-fm (6 handlers)
[GIN-debug] GET    /goods/findGoods          --> fresh-shop/server/api/v1/shop.(*GoodsApi).FindGoods-fm (3 handlers)
[GIN-debug] GET    /goods/getGoodsList       --> fresh-shop/server/api/v1/shop.(*GoodsApi).GetGoodsList-fm (3 handlers)
[GIN-debug] POST   /goods/batchCreateGoodsByExcel --> fresh-shop/server/api/v1/shop.(*GoodsApi).BatchCreateGoodsByExcel-fm (3 handlers)
[GIN-debug] POST   /goods/exportGoods        --> fresh-shop/server/api/v1/shop.(*GoodsApi).ExportGoods-fm (3 handlers)
[GIN-debug] GET    /brand/findBrand          --> fresh-shop/server/api/v1/shop.(*BrandApi).FindBrand-fm (3 handlers)
[GIN-debug] GET    /brand/getBrandList       --> fresh-shop/server/api/v1/shop.(*BrandApi).GetBrandList-fm (3 handlers)
[GIN-debug] GET    /brand/getBrandListByCategoryId --> fresh-shop/server/api/v1/shop.(*BrandApi).GetBrandListByCategoryId-fm (3 handlers)
[GIN-debug] GET    /brand/getBrandListAll    --> fresh-shop/server/api/v1/shop.(*BrandApi).GetBrandListAll-fm (3 handlers)
[GIN-debug] GET    /category/findCategory    --> fresh-shop/server/api/v1/shop.(*CategoryApi).FindCategory-fm (3 handlers)
[GIN-debug] GET    /category/getCategoryList --> fresh-shop/server/api/v1/shop.(*CategoryApi).GetCategoryList-fm (3 handlers)
[GIN-debug] GET    /category/getCategoryListAll --> fresh-shop/server/api/v1/shop.(*CategoryApi).GetCategoryListAll-fm (3 handlers)
[GIN-debug] GET    /tags/findTags            --> fresh-shop/server/api/v1/shop.(*TagsApi).FindTags-fm (3 handlers)
[GIN-debug] GET    /tags/getTagsList         --> fresh-shop/server/api/v1/shop.(*TagsApi).GetTagsList-fm (3 handlers)
[GIN-debug] GET    /tags/getTagsListAll      --> fresh-shop/server/api/v1/shop.(*TagsApi).GetTagsListAll-fm (3 handlers)
[GIN-debug] DELETE /favorites/deleteFavorites --> fresh-shop/server/api/v1/shop.(*FavoritesApi).DeleteFavorites-fm (7 handlers)
[GIN-debug] DELETE /favorites/deleteFavoritesByIds --> fresh-shop/server/api/v1/shop.(*FavoritesApi).DeleteFavoritesByIds-fm (7 handlers)
[GIN-debug] POST   /favorites/favorites      --> fresh-shop/server/api/v1/shop.(*FavoritesApi).Favorites-fm (7 handlers)
[GIN-debug] GET    /favorites/findFavorites  --> fresh-shop/server/api/v1/shop.(*FavoritesApi).FindFavorites-fm (6 handlers)
[GIN-debug] GET    /favorites/getFavoritesList --> fresh-shop/server/api/v1/shop.(*FavoritesApi).GetFavoritesList-fm (6 handlers)
[GIN-debug] POST   /cart/createCart          --> fresh-shop/server/api/v1/shop.(*CartApi).CreateCart-fm (7 handlers)
[GIN-debug] DELETE /cart/deleteCart          --> fresh-shop/server/api/v1/shop.(*CartApi).DeleteCart-fm (7 handlers)
[GIN-debug] DELETE /cart/deleteCartByIds     --> fresh-shop/server/api/v1/shop.(*CartApi).DeleteCartByIds-fm (7 handlers)
[GIN-debug] PUT    /cart/updateCart          --> fresh-shop/server/api/v1/shop.(*CartApi).UpdateCart-fm (7 handlers)
[GIN-debug] POST   /cart/selectAllChecked    --> fresh-shop/server/api/v1/shop.(*CartApi).SelectAllChecked-fm (6 handlers)
[GIN-debug] POST   /cart/selectGoodsSingeChecked --> fresh-shop/server/api/v1/shop.(*CartApi).SelectGoodsSingeChecked-fm (6 handlers)
[GIN-debug] POST   /cart/clearAllChecked     --> fresh-shop/server/api/v1/shop.(*CartApi).ClearAllChecked-fm (6 handlers)
[GIN-debug] GET    /cart/getCartList         --> fresh-shop/server/api/v1/shop.(*CartApi).GetCartList-fm (6 handlers)
[GIN-debug] POST   /userAddress/createUserAddress --> fresh-shop/server/api/v1/shop.(*UserAddressApi).CreateUserAddress-fm (7 handlers)
[GIN-debug] DELETE /userAddress/deleteUserAddress --> fresh-shop/server/api/v1/shop.(*UserAddressApi).DeleteUserAddress-fm (7 handlers)
[GIN-debug] DELETE /userAddress/deleteUserAddressByIds --> fresh-shop/server/api/v1/shop.(*UserAddressApi).DeleteUserAddressByIds-fm (7 handlers)
[GIN-debug] PUT    /userAddress/updateUserAddress --> fresh-shop/server/api/v1/shop.(*UserAddressApi).UpdateUserAddress-fm (7 handlers)
[GIN-debug] GET    /userAddress/findUserAddress --> fresh-shop/server/api/v1/shop.(*UserAddressApi).FindUserAddress-fm (6 handlers)
[GIN-debug] GET    /userAddress/findUserDefaultAddress --> fresh-shop/server/api/v1/shop.(*UserAddressApi).FindUserDefaultAddress-fm (6 handlers)
[GIN-debug] GET    /userAddress/getUserAddressList --> fresh-shop/server/api/v1/shop.(*UserAddressApi).GetUserAddressList-fm (6 handlers)
[GIN-debug] POST   /wechat/createPayData     --> fresh-shop/server/api/v1/wechat.(*WeChatApi).CreatePayData-fm (7 handlers)
[GIN-debug] GET    /wechat/getUnlimitedQRCode --> fresh-shop/server/api/v1/wechat.(*WeChatApi).GetUnlimitedQRCode-fm (6 handlers)
[GIN-debug] GET    /wechat/code2Session      --> fresh-shop/server/api/v1/wechat.(*WeChatApi).Code2Session-fm (3 handlers)
[GIN-debug] POST   /wechat/pay/notify        --> fresh-shop/server/api/v1/wechat.(*WeChatApi).PayNotify-fm (3 handlers)
[fresh_shop/server]2026/09/23 - 23:16:01.225	[34minfo[0m	/Users/zhaoyuedong/Desktop/生鲜项目/fresh-b2b/fresh-shop/server/initialize/router.go:126	router register success

2026/09/23 23:16:01 [32m/Users/zhaoyuedong/Desktop/生鲜项目/fresh-b2b/fresh-shop/server/service/system/jwt_black_list.go:74
[0m[33m[1.067ms] [34;1m[rows:0][0m SELECT `jwt` FROM `jwt_blacklists` WHERE `jwt_blacklists`.`deleted_at` IS NULL
[GIN-debug] [WARNING] Creating an Engine instance with the Logger and Recovery middleware already attached.

[GIN-debug] [WARNING] Running in "debug" mode. Switch to "release" mode in production.
 - using env:	export GIN_MODE=release
 - using code:	gin.SetMode(gin.ReleaseMode)

无鉴权插件安装==》 &{[0x101140380 0x101140760] / 0x1803cc5d6340 false}
鉴权插件安装==》 &{[0x101140380 0x101140760] / 0x1803cc5d6340 false}
[GIN-debug] POST   /email/emailTest          --> fresh-shop/server/plugin/email/api.(*EmailApi).EmailTest-fm (6 handlers)
[GIN-debug] POST   /email/sendEmail          --> fresh-shop/server/plugin/email/api.(*EmailApi).SendEmail-fm (6 handlers)
[GIN-debug] GET    /uploads/file/*filepath   --> github.com/gin-gonic/gin.(*RouterGroup).createStaticHandler.func1 (3 handlers)
[GIN-debug] HEAD   /uploads/file/*filepath   --> github.com/gin-gonic/gin.(*RouterGroup).createStaticHandler.func1 (3 handlers)
[GIN-debug] GET    /swagger/*any             --> github.com/swaggo/gin-swagger.CustomWrapHandler.func1 (3 handlers)
[fresh_shop/server]2026/09/23 - 23:16:01.226	[34minfo[0m	/Users/zhaoyuedong/Desktop/生鲜项目/fresh-b2b/fresh-shop/server/initialize/router.go:39	register swagger handler
[GIN-debug] GET    /health                   --> fresh-shop/server/initialize.Routers.func1 (3 handlers)
[GIN-debug] POST   /base/login               --> fresh-shop/server/api/v1/system.(*BaseApi).Login-fm (3 handlers)
[GIN-debug] POST   /base/loginWx             --> fresh-shop/server/api/v1/system.(*BaseApi).LoginWx-fm (3 handlers)
[GIN-debug] POST   /base/captcha             --> fresh-shop/server/api/v1/system.(*BaseApi).Captcha-fm (3 handlers)
[GIN-debug] POST   /init/initdb              --> fresh-shop/server/api/v1/system.(*DBApi).InitDB-fm (3 handlers)
[GIN-debug] POST   /init/checkdb             --> fresh-shop/server/api/v1/system.(*DBApi).CheckDB-fm (3 handlers)
[GIN-debug] POST   /api/createApi            --> fresh-shop/server/api/v1/system.(*SystemApiApi).CreateApi-fm (7 handlers)
[GIN-debug] POST   /api/deleteApi            --> fresh-shop/server/api/v1/system.(*SystemApiApi).DeleteApi-fm (7 handlers)
[GIN-debug] POST   /api/getApiById           --> fresh-shop/server/api/v1/system.(*SystemApiApi).GetApiById-fm (7 handlers)
[GIN-debug] POST   /api/updateApi            --> fresh-shop/server/api/v1/system.(*SystemApiApi).UpdateApi-fm (7 handlers)
[GIN-debug] DELETE /api/deleteApisByIds      --> fresh-shop/server/api/v1/system.(*SystemApiApi).DeleteApisByIds-fm (7 handlers)
[GIN-debug] POST   /api/getAllApis           --> fresh-shop/server/api/v1/system.(*SystemApiApi).GetAllApis-fm (6 handlers)
[GIN-debug] POST   /api/getApiList           --> fresh-shop/server/api/v1/system.(*SystemApiApi).GetApiList-fm (6 handlers)
[GIN-debug] POST   /jwt/jsonInBlacklist      --> fresh-shop/server/api/v1/system.(*JwtApi).JsonInBlacklist-fm (6 handlers)
[GIN-debug] POST   /user/admin_register      --> fresh-shop/server/api/v1/system.(*BaseApi).Register-fm (7 handlers)
[GIN-debug] POST   /user/changePassword      --> fresh-shop/server/api/v1/system.(*BaseApi).ChangePassword-fm (7 handlers)
[GIN-debug] POST   /user/setUserAuthority    --> fresh-shop/server/api/v1/system.(*BaseApi).SetUserAuthority-fm (7 handlers)
[GIN-debug] DELETE /user/deleteUser          --> fresh-shop/server/api/v1/system.(*BaseApi).DeleteUser-fm (7 handlers)
[GIN-debug] PUT    /user/setUserInfo         --> fresh-shop/server/api/v1/system.(*BaseApi).SetUserInfo-fm (7 handlers)
[GIN-debug] PUT    /user/setSelfInfo         --> fresh-shop/server/api/v1/system.(*BaseApi).SetSelfInfo-fm (7 handlers)
[GIN-debug] POST   /user/setUserAuthorities  --> fresh-shop/server/api/v1/system.(*BaseApi).SetUserAuthorities-fm (7 handlers)
[GIN-debug] POST   /user/resetPassword       --> fresh-shop/server/api/v1/system.(*BaseApi).ResetPassword-fm (7 handlers)
[GIN-debug] GET    /user/getAuditStatus      --> fresh-shop/server/api/v1/system.(*BaseApi).GetAuditStatus-fm (6 handlers)
[GIN-debug] POST   /user/getUserList         --> fresh-shop/server/api/v1/system.(*BaseApi).GetUserList-fm (6 handlers)
[GIN-debug] GET    /user/getUserInfo         --> fresh-shop/server/api/v1/system.(*BaseApi).GetUserInfo-fm (6 handlers)
[GIN-debug] POST   /menu/addBaseMenu         --> fresh-shop/server/api/v1/system.(*AuthorityMenuApi).AddBaseMenu-fm (7 handlers)
[GIN-debug] POST   /menu/addMenuAuthority    --> fresh-shop/server/api/v1/system.(*AuthorityMenuApi).AddMenuAuthority-fm (7 handlers)
[GIN-debug] POST   /menu/deleteBaseMenu      --> fresh-shop/server/api/v1/system.(*AuthorityMenuApi).DeleteBaseMenu-fm (7 handlers)
[GIN-debug] POST   /menu/updateBaseMenu      --> fresh-shop/server/api/v1/system.(*AuthorityMenuApi).UpdateBaseMenu-fm (7 handlers)
[GIN-debug] POST   /menu/getMenu             --> fresh-shop/server/api/v1/system.(*AuthorityMenuApi).GetMenu-fm (6 handlers)
[GIN-debug] POST   /menu/getMenuList         --> fresh-shop/server/api/v1/system.(*AuthorityMenuApi).GetMenuList-fm (6 handlers)
[GIN-debug] POST   /menu/getBaseMenuTree     --> fresh-shop/server/api/v1/system.(*AuthorityMenuApi).GetBaseMenuTree-fm (6 handlers)
[GIN-debug] POST   /menu/getMenuAuthority    --> fresh-shop/server/api/v1/system.(*AuthorityMenuApi).GetMenuAuthority-fm (6 handlers)
[GIN-debug] POST   /menu/getBaseMenuById     --> fresh-shop/server/api/v1/system.(*AuthorityMenuApi).GetBaseMenuById-fm (6 handlers)
[GIN-debug] POST   /system/getSystemConfig   --> fresh-shop/server/api/v1/system.(*SystemApi).GetSystemConfig-fm (7 handlers)
[GIN-debug] POST   /system/setSystemConfig   --> fresh-shop/server/api/v1/system.(*SystemApi).SetSystemConfig-fm (7 handlers)
[GIN-debug] POST   /system/getServerInfo     --> fresh-shop/server/api/v1/system.(*SystemApi).GetServerInfo-fm (7 handlers)
[GIN-debug] POST   /system/reloadSystem      --> fresh-shop/server/api/v1/system.(*SystemApi).ReloadSystem-fm (7 handlers)
[GIN-debug] POST   /casbin/updateCasbin      --> fresh-shop/server/api/v1/system.(*CasbinApi).UpdateCasbin-fm (7 handlers)
[GIN-debug] POST   /casbin/getPolicyPathByAuthorityId --> fresh-shop/server/api/v1/system.(*CasbinApi).GetPolicyPathByAuthorityId-fm (6 handlers)
[GIN-debug] GET    /autoCode/getDB           --> fresh-shop/server/api/v1/system.(*AutoCodeApi).GetDB-fm (6 handlers)
[GIN-debug] GET    /autoCode/getTables       --> fresh-shop/server/api/v1/system.(*AutoCodeApi).GetTables-fm (6 handlers)
[GIN-debug] GET    /autoCode/getColumn       --> fresh-shop/server/api/v1/system.(*AutoCodeApi).GetColumn-fm (6 handlers)
[GIN-debug] POST   /autoCode/preview         --> fresh-shop/server/api/v1/system.(*AutoCodeApi).PreviewTemp-fm (6 handlers)
[GIN-debug] POST   /autoCode/createTemp      --> fresh-shop/server/api/v1/system.(*AutoCodeApi).CreateTemp-fm (6 handlers)
[GIN-debug] POST   /autoCode/createPackage   --> fresh-shop/server/api/v1/system.(*AutoCodeApi).CreatePackage-fm (6 handlers)
[GIN-debug] POST   /autoCode/getPackage      --> fresh-shop/server/api/v1/system.(*AutoCodeApi).GetPackage-fm (6 handlers)
[GIN-debug] POST   /autoCode/delPackage      --> fresh-shop/server/api/v1/system.(*AutoCodeApi).DelPackage-fm (6 handlers)
[GIN-debug] POST   /autoCode/createPlug      --> fresh-shop/server/api/v1/system.(*AutoCodeApi).AutoPlug-fm (6 handlers)
[GIN-debug] POST   /autoCode/installPlugin   --> fresh-shop/server/api/v1/system.(*AutoCodeApi).InstallPlugin-fm (6 handlers)
[GIN-debug] POST   /authority/createAuthority --> fresh-shop/server/api/v1/system.(*AuthorityApi).CreateAuthority-fm (7 handlers)
[GIN-debug] POST   /authority/deleteAuthority --> fresh-shop/server/api/v1/system.(*AuthorityApi).DeleteAuthority-fm (7 handlers)
[GIN-debug] PUT    /authority/updateAuthority --> fresh-shop/server/api/v1/system.(*AuthorityApi).UpdateAuthority-fm (7 handlers)
[GIN-debug] POST   /authority/copyAuthority  --> fresh-shop/server/api/v1/system.(*AuthorityApi).CopyAuthority-fm (7 handlers)
[GIN-debug] POST   /authority/setDataAuthority --> fresh-shop/server/api/v1/system.(*AuthorityApi).SetDataAuthority-fm (7 handlers)
[GIN-debug] POST   /authority/getAuthorityList --> fresh-shop/server/api/v1/system.(*AuthorityApi).GetAuthorityList-fm (6 handlers)
[GIN-debug] POST   /sysDictionary/createSysDictionary --> fresh-shop/server/api/v1/system.(*DictionaryApi).CreateSysDictionary-fm (7 handlers)
[GIN-debug] DELETE /sysDictionary/deleteSysDictionary --> fresh-shop/server/api/v1/system.(*DictionaryApi).DeleteSysDictionary-fm (7 handlers)
[GIN-debug] PUT    /sysDictionary/updateSysDictionary --> fresh-shop/server/api/v1/system.(*DictionaryApi).UpdateSysDictionary-fm (7 handlers)
[GIN-debug] GET    /sysDictionary/findSysDictionary --> fresh-shop/server/api/v1/system.(*DictionaryApi).FindSysDictionary-fm (6 handlers)
[GIN-debug] GET    /sysDictionary/getSysDictionaryList --> fresh-shop/server/api/v1/system.(*DictionaryApi).GetSysDictionaryList-fm (6 handlers)
[GIN-debug] POST   /autoCode/getMeta         --> fresh-shop/server/api/v1/system.(*AutoCodeHistoryApi).First-fm (6 handlers)
[GIN-debug] POST   /autoCode/rollback        --> fresh-shop/server/api/v1/system.(*AutoCodeHistoryApi).RollBack-fm (6 handlers)
[GIN-debug] POST   /autoCode/delSysHistory   --> fresh-shop/server/api/v1/system.(*AutoCodeHistoryApi).Delete-fm (6 handlers)
[GIN-debug] POST   /autoCode/getSysHistory   --> fresh-shop/server/api/v1/system.(*AutoCodeHistoryApi).GetList-fm (6 handlers)
[GIN-debug] POST   /sysOperationRecord/createSysOperationRecord --> fresh-shop/server/api/v1/system.(*OperationRecordApi).CreateSysOperationRecord-fm (6 handlers)
[GIN-debug] DELETE /sysOperationRecord/deleteSysOperationRecord --> fresh-shop/server/api/v1/system.(*OperationRecordApi).DeleteSysOperationRecord-fm (6 handlers)
[GIN-debug] DELETE /sysOperationRecord/deleteSysOperationRecordByIds --> fresh-shop/server/api/v1/system.(*OperationRecordApi).DeleteSysOperationRecordByIds-fm (6 handlers)
[GIN-debug] GET    /sysOperationRecord/findSysOperationRecord --> fresh-shop/server/api/v1/system.(*OperationRecordApi).FindSysOperationRecord-fm (6 handlers)
[GIN-debug] GET    /sysOperationRecord/getSysOperationRecordList --> fresh-shop/server/api/v1/system.(*OperationRecordApi).GetSysOperationRecordList-fm (6 handlers)
[GIN-debug] POST   /sysDictionaryDetail/createSysDictionaryDetail --> fresh-shop/server/api/v1/system.(*DictionaryDetailApi).CreateSysDictionaryDetail-fm (7 handlers)
[GIN-debug] DELETE /sysDictionaryDetail/deleteSysDictionaryDetail --> fresh-shop/server/api/v1/system.(*DictionaryDetailApi).DeleteSysDictionaryDetail-fm (7 handlers)
[GIN-debug] PUT    /sysDictionaryDetail/updateSysDictionaryDetail --> fresh-shop/server/api/v1/system.(*DictionaryDetailApi).UpdateSysDictionaryDetail-fm (7 handlers)
[GIN-debug] GET    /sysDictionaryDetail/findSysDictionaryDetail --> fresh-shop/server/api/v1/system.(*DictionaryDetailApi).FindSysDictionaryDetail-fm (6 handlers)
[GIN-debug] GET    /sysDictionaryDetail/getSysDictionaryDetailList --> fresh-shop/server/api/v1/system.(*DictionaryDetailApi).GetSysDictionaryDetailList-fm (6 handlers)
[GIN-debug] POST   /authorityBtn/getAuthorityBtn --> fresh-shop/server/api/v1/system.(*AuthorityBtnApi).GetAuthorityBtn-fm (6 handlers)
[GIN-debug] POST   /authorityBtn/setAuthorityBtn --> fresh-shop/server/api/v1/system.(*AuthorityBtnApi).SetAuthorityBtn-fm (6 handlers)
[GIN-debug] POST   /authorityBtn/canRemoveAuthorityBtn --> fresh-shop/server/api/v1/system.(*AuthorityBtnApi).CanRemoveAuthorityBtn-fm (6 handlers)
[GIN-debug] POST   /sysConfig/createSysConfig --> fresh-shop/server/api/v1/system.(*SysConfigApi).CreateSysConfig-fm (7 handlers)
[GIN-debug] DELETE /sysConfig/deleteSysConfig --> fresh-shop/server/api/v1/system.(*SysConfigApi).DeleteSysConfig-fm (7 handlers)
[GIN-debug] DELETE /sysConfig/deleteSysConfigByIds --> fresh-shop/server/api/v1/system.(*SysConfigApi).DeleteSysConfigByIds-fm (7 handlers)
[GIN-debug] PUT    /sysConfig/updateSysConfig --> fresh-shop/server/api/v1/system.(*SysConfigApi).UpdateSysConfig-fm (7 handlers)
[GIN-debug] GET    /sysConfig/findSysConfig  --> fresh-shop/server/api/v1/system.(*SysConfigApi).FindSysConfig-fm (6 handlers)
[GIN-debug] GET    /sysConfig/getSysConfigList --> fresh-shop/server/api/v1/system.(*SysConfigApi).GetSysConfigList-fm (6 handlers)
[GIN-debug] GET    /sysConfig/findSysConfigByName --> fresh-shop/server/api/v1/system.(*SysConfigApi).FindSysConfigByName-fm (3 handlers)
[GIN-debug] POST   /fileUploadAndDownload/upload --> fresh-shop/server/api/v1/file.(*FileUploadAndDownloadApi).UploadFile-fm (6 handlers)
[GIN-debug] POST   /fileUploadAndDownload/getFileList --> fresh-shop/server/api/v1/file.(*FileUploadAndDownloadApi).GetFileList-fm (6 handlers)
[GIN-debug] POST   /fileUploadAndDownload/deleteFile --> fresh-shop/server/api/v1/file.(*FileUploadAndDownloadApi).DeleteFile-fm (6 handlers)
[GIN-debug] POST   /fileUploadAndDownload/editFileName --> fresh-shop/server/api/v1/file.(*FileUploadAndDownloadApi).EditFileName-fm (6 handlers)
[GIN-debug] POST   /fileUploadAndDownload/breakpointContinue --> fresh-shop/server/api/v1/file.(*FileUploadAndDownloadApi).BreakpointContinue-fm (6 handlers)
[GIN-debug] GET    /fileUploadAndDownload/findFile --> fresh-shop/server/api/v1/file.(*FileUploadAndDownloadApi).FindFile-fm (6 handlers)
[GIN-debug] POST   /fileUploadAndDownload/breakpointContinueFinish --> fresh-shop/server/api/v1/file.(*FileUploadAndDownloadApi).BreakpointContinueFinish-fm (6 handlers)
[GIN-debug] POST   /fileUploadAndDownload/removeChunk --> fresh-shop/server/api/v1/file.(*FileUploadAndDownloadApi).RemoveChunk-fm (6 handlers)
[GIN-debug] POST   /userAccountGroup/createAccountGroup --> fresh-shop/server/api/v1/account.(*AccountGroupApi).CreateAccountGroup-fm (7 handlers)
[GIN-debug] POST   /userAccountGroup/syncAccountGroup --> fresh-shop/server/api/v1/account.(*AccountGroupApi).SyncAccountGroup-fm (7 handlers)
[GIN-debug] DELETE /userAccountGroup/deleteAccountGroup --> fresh-shop/server/api/v1/account.(*AccountGroupApi).DeleteAccountGroup-fm (7 handlers)
[GIN-debug] DELETE /userAccountGroup/deleteAccountGroupByIds --> fresh-shop/server/api/v1/account.(*AccountGroupApi).DeleteAccountGroupByIds-fm (7 handlers)
[GIN-debug] PUT    /userAccountGroup/updateAccountGroup --> fresh-shop/server/api/v1/account.(*AccountGroupApi).UpdateAccountGroup-fm (7 handlers)
[GIN-debug] GET    /userAccountGroup/findAccountGroup --> fresh-shop/server/api/v1/account.(*AccountGroupApi).FindAccountGroup-fm (6 handlers)
[GIN-debug] GET    /userAccountGroup/getAccountGroupList --> fresh-shop/server/api/v1/account.(*AccountGroupApi).GetAccountGroupList-fm (6 handlers)
[GIN-debug] GET    /userAccountGroup/getAccountGroupListAll --> fresh-shop/server/api/v1/account.(*AccountGroupApi).GetAccountGroupListAll-fm (6 handlers)
[GIN-debug] POST   /account/createAccount    --> fresh-shop/server/api/v1/account.(*AccountApi).CreateAccount-fm (7 handlers)
[GIN-debug] DELETE /account/deleteAccount    --> fresh-shop/server/api/v1/account.(*AccountApi).DeleteAccount-fm (7 handlers)
[GIN-debug] DELETE /account/deleteAccountByIds --> fresh-shop/server/api/v1/account.(*AccountApi).DeleteAccountByIds-fm (7 handlers)
[GIN-debug] PUT    /account/updateAccount    --> fresh-shop/server/api/v1/account.(*AccountApi).UpdateAccount-fm (7 handlers)
[GIN-debug] GET    /account/findAccount      --> fresh-shop/server/api/v1/account.(*AccountApi).FindAccount-fm (6 handlers)
[GIN-debug] GET    /account/findUserAccount  --> fresh-shop/server/api/v1/account.(*AccountApi).FindUserAccount-fm (6 handlers)
[GIN-debug] GET    /account/getAccountList   --> fresh-shop/server/api/v1/account.(*AccountApi).GetAccountList-fm (6 handlers)
[GIN-debug] POST   /sysRecharge/createSysRecharge --> fresh-shop/server/api/v1/account.(*SysRechargeApi).CreateSysRecharge-fm (7 handlers)
[GIN-debug] DELETE /sysRecharge/deleteSysRecharge --> fresh-shop/server/api/v1/account.(*SysRechargeApi).DeleteSysRecharge-fm (7 handlers)
[GIN-debug] DELETE /sysRecharge/deleteSysRechargeByIds --> fresh-shop/server/api/v1/account.(*SysRechargeApi).DeleteSysRechargeByIds-fm (7 handlers)
[GIN-debug] PUT    /sysRecharge/updateSysRecharge --> fresh-shop/server/api/v1/account.(*SysRechargeApi).UpdateSysRecharge-fm (7 handlers)
[GIN-debug] GET    /sysRecharge/findSysRecharge --> fresh-shop/server/api/v1/account.(*SysRechargeApi).FindSysRecharge-fm (6 handlers)
[GIN-debug] GET    /sysRecharge/getSysRechargeList --> fresh-shop/server/api/v1/account.(*SysRechargeApi).GetSysRechargeList-fm (6 handlers)
[GIN-debug] POST   /userFinanceType/createUserFinanceType --> fresh-shop/server/api/v1/account.(*UserFinanceTypeApi).CreateUserFinanceType-fm (7 handlers)
[GIN-debug] DELETE /userFinanceType/deleteUserFinanceType --> fresh-shop/server/api/v1/account.(*UserFinanceTypeApi).DeleteUserFinanceType-fm (7 handlers)
[GIN-debug] DELETE /userFinanceType/deleteUserFinanceTypeByIds --> fresh-shop/server/api/v1/account.(*UserFinanceTypeApi).DeleteUserFinanceTypeByIds-fm (7 handlers)
[GIN-debug] PUT    /userFinanceType/updateUserFinanceType --> fresh-shop/server/api/v1/account.(*UserFinanceTypeApi).UpdateUserFinanceType-fm (7 handlers)
[GIN-debug] GET    /userFinanceType/findUserFinanceType --> fresh-shop/server/api/v1/account.(*UserFinanceTypeApi).FindUserFinanceType-fm (6 handlers)
[GIN-debug] GET    /userFinanceType/getUserFinanceTypeList --> fresh-shop/server/api/v1/account.(*UserFinanceTypeApi).GetUserFinanceTypeList-fm (6 handlers)
[GIN-debug] GET    /userFinanceType/getUserFinanceTypeListAll --> fresh-shop/server/api/v1/account.(*UserFinanceTypeApi).GetUserFinanceTypeListAll-fm (6 handlers)
[GIN-debug] POST   /userFinanceCash/createUserFinanceCash --> fresh-shop/server/api/v1/account.(*UserFinanceCashApi).CreateUserFinance-fm (7 handlers)
[GIN-debug] DELETE /userFinanceCash/deleteUserFinanceCash --> fresh-shop/server/api/v1/account.(*UserFinanceCashApi).DeleteUserFinance-fm (7 handlers)
[GIN-debug] DELETE /userFinanceCash/deleteUserFinanceCashByIds --> fresh-shop/server/api/v1/account.(*UserFinanceCashApi).DeleteUserFinanceByIds-fm (7 handlers)
[GIN-debug] PUT    /userFinanceCash/updateUserFinanceCash --> fresh-shop/server/api/v1/account.(*UserFinanceCashApi).UpdateUserFinance-fm (7 handlers)
[GIN-debug] GET    /userFinanceCash/findUserFinanceCash --> fresh-shop/server/api/v1/account.(*UserFinanceCashApi).FindUserFinance-fm (6 handlers)
[GIN-debug] GET    /userFinanceCash/getUserFinanceCashList --> fresh-shop/server/api/v1/account.(*UserFinanceCashApi).GetUserFinanceList-fm (6 handlers)
[GIN-debug] POST   /banner/createBanner      --> fresh-shop/server/api/v1/business.(*BannerApi).CreateBanner-fm (7 handlers)
[GIN-debug] DELETE /banner/deleteBanner      --> fresh-shop/server/api/v1/business.(*BannerApi).DeleteBanner-fm (7 handlers)
[GIN-debug] DELETE /banner/deleteBannerByIds --> fresh-shop/server/api/v1/business.(*BannerApi).DeleteBannerByIds-fm (7 handlers)
[GIN-debug] PUT    /banner/updateBanner      --> fresh-shop/server/api/v1/business.(*BannerApi).UpdateBanner-fm (7 handlers)
[GIN-debug] POST   /userDelivery/createUserDelivery --> fresh-shop/server/api/v1/business.(*UserDeliveryApi).CreateUserDelivery-fm (7 handlers)
[GIN-debug] DELETE /userDelivery/deleteUserDelivery --> fresh-shop/server/api/v1/business.(*UserDeliveryApi).DeleteUserDelivery-fm (7 handlers)
[GIN-debug] DELETE /userDelivery/deleteUserDeliveryByIds --> fresh-shop/server/api/v1/business.(*UserDeliveryApi).DeleteUserDeliveryByIds-fm (7 handlers)
[GIN-debug] PUT    /userDelivery/updateUserDelivery --> fresh-shop/server/api/v1/business.(*UserDeliveryApi).UpdateUserDelivery-fm (7 handlers)
[GIN-debug] GET    /userDelivery/findUserDelivery --> fresh-shop/server/api/v1/business.(*UserDeliveryApi).FindUserDelivery-fm (6 handlers)
[GIN-debug] GET    /userDelivery/getUserDeliveryList --> fresh-shop/server/api/v1/business.(*UserDeliveryApi).GetUserDeliveryList-fm (6 handlers)
[GIN-debug] GET    /userDelivery/getUserDeliveryAllList --> fresh-shop/server/api/v1/business.(*UserDeliveryApi).GetUserDeliveryAllList-fm (6 handlers)
[GIN-debug] POST   /pricing/batch-cost-price --> fresh-shop/server/api/v1/business.(*PricingApi).BatchUpdateCostPrice-fm (7 handlers)
[GIN-debug] POST   /pricing/batch-parse      --> fresh-shop/server/api/v1/business.(*PricingApi).BatchParseText-fm (7 handlers)
[GIN-debug] POST   /pricing/apply            --> fresh-shop/server/api/v1/business.(*PricingApi).ApplyPricing-fm (7 handlers)
[GIN-debug] GET    /pricing/markup-rate      --> fresh-shop/server/api/v1/business.(*PricingApi).GetMarkupRate-fm (7 handlers)
[GIN-debug] GET    /bill/list                --> fresh-shop/server/api/v1/business.(*BillApi).GetBillList-fm (7 handlers)
[GIN-debug] POST   /bill/generate            --> fresh-shop/server/api/v1/business.(*BillApi).GenerateBill-fm (7 handlers)
[GIN-debug] GET    /bill/:id                 --> fresh-shop/server/api/v1/business.(*BillApi).GetBillDetail-fm (7 handlers)
[GIN-debug] PUT    /bill/:id/status          --> fresh-shop/server/api/v1/business.(*BillApi).UpdateBillStatus-fm (7 handlers)
[GIN-debug] GET    /banner/findBanner        --> fresh-shop/server/api/v1/business.(*BannerApi).FindBanner-fm (3 handlers)
[GIN-debug] GET    /banner/getBannerList     --> fresh-shop/server/api/v1/business.(*BannerApi).GetBannerList-fm (3 handlers)
[GIN-debug] POST   /category/createCategory  --> fresh-shop/server/api/v1/shop.(*CategoryApi).CreateCategory-fm (7 handlers)
[GIN-debug] DELETE /category/deleteCategory  --> fresh-shop/server/api/v1/shop.(*CategoryApi).DeleteCategory-fm (7 handlers)
[GIN-debug] DELETE /category/deleteCategoryByIds --> fresh-shop/server/api/v1/shop.(*CategoryApi).DeleteCategoryByIds-fm (7 handlers)
[GIN-debug] PUT    /category/updateCategory  --> fresh-shop/server/api/v1/shop.(*CategoryApi).UpdateCategory-fm (7 handlers)
[GIN-debug] POST   /brand/createBrand        --> fresh-shop/server/api/v1/shop.(*BrandApi).CreateBrand-fm (7 handlers)
[GIN-debug] DELETE /brand/deleteBrand        --> fresh-shop/server/api/v1/shop.(*BrandApi).DeleteBrand-fm (7 handlers)
[GIN-debug] DELETE /brand/deleteBrandByIds   --> fresh-shop/server/api/v1/shop.(*BrandApi).DeleteBrandByIds-fm (7 handlers)
[GIN-debug] PUT    /brand/updateBrand        --> fresh-shop/server/api/v1/shop.(*BrandApi).UpdateBrand-fm (7 handlers)
[GIN-debug] POST   /brandCategory/createBrandCategory --> fresh-shop/server/api/v1/shop.(*BrandCategoryApi).CreateBrandCategory-fm (7 handlers)
[GIN-debug] POST   /tags/createTags          --> fresh-shop/server/api/v1/shop.(*TagsApi).CreateTags-fm (7 handlers)
[GIN-debug] DELETE /tags/deleteTags          --> fresh-shop/server/api/v1/shop.(*TagsApi).DeleteTags-fm (7 handlers)
[GIN-debug] DELETE /tags/deleteTagsByIds     --> fresh-shop/server/api/v1/shop.(*TagsApi).DeleteTagsByIds-fm (7 handlers)
[GIN-debug] PUT    /tags/updateTags          --> fresh-shop/server/api/v1/shop.(*TagsApi).UpdateTags-fm (7 handlers)
[GIN-debug] POST   /goods/createGoods        --> fresh-shop/server/api/v1/shop.(*GoodsApi).CreateGoods-fm (7 handlers)
[GIN-debug] DELETE /goods/deleteGoods        --> fresh-shop/server/api/v1/shop.(*GoodsApi).DeleteGoods-fm (7 handlers)
[GIN-debug] DELETE /goods/deleteGoodsByIds   --> fresh-shop/server/api/v1/shop.(*GoodsApi).DeleteGoodsByIds-fm (7 handlers)
[GIN-debug] PUT    /goods/updateGoods        --> fresh-shop/server/api/v1/shop.(*GoodsApi).UpdateGoods-fm (7 handlers)
[GIN-debug] POST   /order/createOrder        --> fresh-shop/server/api/v1/shop.(*OrderApi).CreateOrder-fm (7 handlers)
[GIN-debug] POST   /order/orderPay           --> fresh-shop/server/api/v1/shop.(*OrderApi).OrderPay-fm (7 handlers)
[GIN-debug] POST   /order/cancelOrder        --> fresh-shop/server/api/v1/shop.(*OrderApi).CancelOrder-fm (7 handlers)
[GIN-debug] DELETE /order/deleteOrder        --> fresh-shop/server/api/v1/shop.(*OrderApi).DeleteOrder-fm (7 handlers)
[GIN-debug] DELETE /order/deleteOrderByIds   --> fresh-shop/server/api/v1/shop.(*OrderApi).DeleteOrderByIds-fm (7 handlers)
[GIN-debug] PUT    /order/updateOrder        --> fresh-shop/server/api/v1/shop.(*OrderApi).UpdateOrder-fm (7 handlers)
[GIN-debug] POST   /order/batchSettlement    --> fresh-shop/server/api/v1/shop.(*OrderApi).BatchSettlement-fm (7 handlers)
[GIN-debug] POST   /order/confirmOrder       --> fresh-shop/server/api/v1/shop.(*OrderApi).ConfirmOrder-fm (7 handlers)
[GIN-debug] PUT    /order/updateOrderStatus  --> fresh-shop/server/api/v1/shop.(*OrderApi).UpdateOrderStatus-fm (7 handlers)
[GIN-debug] GET    /order/findOrder          --> fresh-shop/server/api/v1/shop.(*OrderApi).FindOrder-fm (6 handlers)
[GIN-debug] GET    /order/findUserOrderStatus --> fresh-shop/server/api/v1/shop.(*OrderApi).FindUserOrderStatus-fm (6 handlers)
[GIN-debug] GET    /order/getOrderList       --> fresh-shop/server/api/v1/shop.(*OrderApi).GetOrderList-fm (6 handlers)
[GIN-debug] GET    /order/getOrderMonthStatistics --> fresh-shop/server/api/v1/shop.(*OrderApi).GetOrderMonthStatistics-fm (6 handlers)
[GIN-debug] GET    /order/getUserOrderList   --> fresh-shop/server/api/v1/shop.(*OrderApi).GetUserOrderList-fm (6 handlers)
[GIN-debug] GET    /order/orderStatus        --> fresh-shop/server/api/v1/shop.(*OrderApi).OrderStatus-fm (6 handlers)
[GIN-debug] POST   /orderDetails/createOrderDetails --> fresh-shop/server/api/v1/shop.(*OrderDetailsApi).CreateOrderDetails-fm (7 handlers)
[GIN-debug] DELETE /orderDetails/deleteOrderDetails --> fresh-shop/server/api/v1/shop.(*OrderDetailsApi).DeleteOrderDetails-fm (7 handlers)
[GIN-debug] DELETE /orderDetails/deleteOrderDetailsByIds --> fresh-shop/server/api/v1/shop.(*OrderDetailsApi).DeleteOrderDetailsByIds-fm (7 handlers)
[GIN-debug] PUT    /orderDetails/updateOrderDetails --> fresh-shop/server/api/v1/shop.(*OrderDetailsApi).UpdateOrderDetails-fm (7 handlers)
[GIN-debug] GET    /orderDetails/recentlyPurchasedGoods --> fresh-shop/server/api/v1/shop.(*OrderDetailsApi).RecentlyPurchasedGoods-fm (6 handlers)
[GIN-debug] GET    /orderDetails/findOrderDetails --> fresh-shop/server/api/v1/shop.(*OrderDetailsApi).FindOrderDetails-fm (6 handlers)
[GIN-debug] GET    /orderDetails/getOrderDetailsList --> fresh-shop/server/api/v1/shop.(*OrderDetailsApi).GetOrderDetailsList-fm (6 handlers)
[GIN-debug] DELETE /orderDelivery/deleteOrderDelivery --> fresh-shop/server/api/v1/shop.(*OrderDeliveryApi).DeleteOrderDelivery-fm (7 handlers)
[GIN-debug] DELETE /orderDelivery/deleteOrderDeliveryByIds --> fresh-shop/server/api/v1/shop.(*OrderDeliveryApi).DeleteOrderDeliveryByIds-fm (7 handlers)
[GIN-debug] PUT    /orderDelivery/updateOrderDelivery --> fresh-shop/server/api/v1/shop.(*OrderDeliveryApi).UpdateOrderDelivery-fm (7 handlers)
[GIN-debug] POST   /orderDelivery/createOrderDelivery --> fresh-shop/server/api/v1/shop.(*OrderDeliveryApi).CreateOrderDelivery-fm (6 handlers)
[GIN-debug] GET    /orderDelivery/findOrderDelivery --> fresh-shop/server/api/v1/shop.(*OrderDeliveryApi).FindOrderDelivery-fm (6 handlers)
[GIN-debug] GET    /orderDelivery/getOrderDeliveryList --> fresh-shop/server/api/v1/shop.(*OrderDeliveryApi).GetOrderDeliveryList-fm (6 handlers)
[GIN-debug] POST   /orderReturn/createOrderReturn --> fresh-shop/server/api/v1/shop.(*OrderReturnApi).CreateOrderReturn-fm (7 handlers)
[GIN-debug] DELETE /orderReturn/deleteOrderReturn --> fresh-shop/server/api/v1/shop.(*OrderReturnApi).DeleteOrderReturn-fm (7 handlers)
[GIN-debug] DELETE /orderReturn/deleteOrderReturnByIds --> fresh-shop/server/api/v1/shop.(*OrderReturnApi).DeleteOrderReturnByIds-fm (7 handlers)
[GIN-debug] PUT    /orderReturn/updateOrderReturn --> fresh-shop/server/api/v1/shop.(*OrderReturnApi).UpdateOrderReturn-fm (7 handlers)
[GIN-debug] GET    /orderReturn/findOrderReturn --> fresh-shop/server/api/v1/shop.(*OrderReturnApi).FindOrderReturn-fm (6 handlers)
[GIN-debug] GET    /orderReturn/getOrderReturnList --> fresh-shop/server/api/v1/shop.(*OrderReturnApi).GetOrderReturnList-fm (6 handlers)
[GIN-debug] GET    /goods/findGoods          --> fresh-shop/server/api/v1/shop.(*GoodsApi).FindGoods-fm (3 handlers)
[GIN-debug] GET    /goods/getGoodsList       --> fresh-shop/server/api/v1/shop.(*GoodsApi).GetGoodsList-fm (3 handlers)
[GIN-debug] POST   /goods/batchCreateGoodsByExcel --> fresh-shop/server/api/v1/shop.(*GoodsApi).BatchCreateGoodsByExcel-fm (3 handlers)
[GIN-debug] POST   /goods/exportGoods        --> fresh-shop/server/api/v1/shop.(*GoodsApi).ExportGoods-fm (3 handlers)
[GIN-debug] GET    /brand/findBrand          --> fresh-shop/server/api/v1/shop.(*BrandApi).FindBrand-fm (3 handlers)
[GIN-debug] GET    /brand/getBrandList       --> fresh-shop/server/api/v1/shop.(*BrandApi).GetBrandList-fm (3 handlers)
[GIN-debug] GET    /brand/getBrandListByCategoryId --> fresh-shop/server/api/v1/shop.(*BrandApi).GetBrandListByCategoryId-fm (3 handlers)
[GIN-debug] GET    /brand/getBrandListAll    --> fresh-shop/server/api/v1/shop.(*BrandApi).GetBrandListAll-fm (3 handlers)
[GIN-debug] GET    /category/findCategory    --> fresh-shop/server/api/v1/shop.(*CategoryApi).FindCategory-fm (3 handlers)
[GIN-debug] GET    /category/getCategoryList --> fresh-shop/server/api/v1/shop.(*CategoryApi).GetCategoryList-fm (3 handlers)
[GIN-debug] GET    /category/getCategoryListAll --> fresh-shop/server/api/v1/shop.(*CategoryApi).GetCategoryListAll-fm (3 handlers)
[GIN-debug] GET    /tags/findTags            --> fresh-shop/server/api/v1/shop.(*TagsApi).FindTags-fm (3 handlers)
[GIN-debug] GET    /tags/getTagsList         --> fresh-shop/server/api/v1/shop.(*TagsApi).GetTagsList-fm (3 handlers)
[GIN-debug] GET    /tags/getTagsListAll      --> fresh-shop/server/api/v1/shop.(*TagsApi).GetTagsListAll-fm (3 handlers)
[GIN-debug] DELETE /favorites/deleteFavorites --> fresh-shop/server/api/v1/shop.(*FavoritesApi).DeleteFavorites-fm (7 handlers)
[GIN-debug] DELETE /favorites/deleteFavoritesByIds --> fresh-shop/server/api/v1/shop.(*FavoritesApi).DeleteFavoritesByIds-fm (7 handlers)
[GIN-debug] POST   /favorites/favorites      --> fresh-shop/server/api/v1/shop.(*FavoritesApi).Favorites-fm (7 handlers)
[GIN-debug] GET    /favorites/findFavorites  --> fresh-shop/server/api/v1/shop.(*FavoritesApi).FindFavorites-fm (6 handlers)
[GIN-debug] GET    /favorites/getFavoritesList --> fresh-shop/server/api/v1/shop.(*FavoritesApi).GetFavoritesList-fm (6 handlers)
[GIN-debug] POST   /cart/createCart          --> fresh-shop/server/api/v1/shop.(*CartApi).CreateCart-fm (7 handlers)
[GIN-debug] DELETE /cart/deleteCart          --> fresh-shop/server/api/v1/shop.(*CartApi).DeleteCart-fm (7 handlers)
[GIN-debug] DELETE /cart/deleteCartByIds     --> fresh-shop/server/api/v1/shop.(*CartApi).DeleteCartByIds-fm (7 handlers)
[GIN-debug] PUT    /cart/updateCart          --> fresh-shop/server/api/v1/shop.(*CartApi).UpdateCart-fm (7 handlers)
[GIN-debug] POST   /cart/selectAllChecked    --> fresh-shop/server/api/v1/shop.(*CartApi).SelectAllChecked-fm (6 handlers)
[GIN-debug] POST   /cart/selectGoodsSingeChecked --> fresh-shop/server/api/v1/shop.(*CartApi).SelectGoodsSingeChecked-fm (6 handlers)
[GIN-debug] POST   /cart/clearAllChecked     --> fresh-shop/server/api/v1/shop.(*CartApi).ClearAllChecked-fm (6 handlers)
[GIN-debug] GET    /cart/getCartList         --> fresh-shop/server/api/v1/shop.(*CartApi).GetCartList-fm (6 handlers)
[GIN-debug] POST   /userAddress/createUserAddress --> fresh-shop/server/api/v1/shop.(*UserAddressApi).CreateUserAddress-fm (7 handlers)
[GIN-debug] DELETE /userAddress/deleteUserAddress --> fresh-shop/server/api/v1/shop.(*UserAddressApi).DeleteUserAddress-fm (7 handlers)
[GIN-debug] DELETE /userAddress/deleteUserAddressByIds --> fresh-shop/server/api/v1/shop.(*UserAddressApi).DeleteUserAddressByIds-fm (7 handlers)
[GIN-debug] PUT    /userAddress/updateUserAddress --> fresh-shop/server/api/v1/shop.(*UserAddressApi).UpdateUserAddress-fm (7 handlers)
[GIN-debug] GET    /userAddress/findUserAddress --> fresh-shop/server/api/v1/shop.(*UserAddressApi).FindUserAddress-fm (6 handlers)
[GIN-debug] GET    /userAddress/findUserDefaultAddress --> fresh-shop/server/api/v1/shop.(*UserAddressApi).FindUserDefaultAddress-fm (6 handlers)
[GIN-debug] GET    /userAddress/getUserAddressList --> fresh-shop/server/api/v1/shop.(*UserAddressApi).GetUserAddressList-fm (6 handlers)
[GIN-debug] POST   /wechat/createPayData     --> fresh-shop/server/api/v1/wechat.(*WeChatApi).CreatePayData-fm (7 handlers)
[GIN-debug] GET    /wechat/getUnlimitedQRCode --> fresh-shop/server/api/v1/wechat.(*WeChatApi).GetUnlimitedQRCode-fm (6 handlers)
[GIN-debug] GET    /wechat/code2Session      --> fresh-shop/server/api/v1/wechat.(*WeChatApi).Code2Session-fm (3 handlers)
[GIN-debug] POST   /wechat/pay/notify        --> fresh-shop/server/api/v1/wechat.(*WeChatApi).PayNotify-fm (3 handlers)
[fresh_shop/server]2026/09/23 - 23:16:01.227	[34minfo[0m	/Users/zhaoyuedong/Desktop/生鲜项目/fresh-b2b/fresh-shop/server/initialize/router.go:126	router register success
[GIN-debug] GET    /form-generator/*filepath --> github.com/gin-gonic/gin.(*RouterGroup).createStaticHandler.func1 (3 handlers)
[GIN-debug] HEAD   /form-generator/*filepath --> github.com/gin-gonic/gin.(*RouterGroup).createStaticHandler.func1 (3 handlers)
[fresh_shop/server]2026/09/23 - 23:16:01.227	[34minfo[0m	/Users/zhaoyuedong/Desktop/生鲜项目/fresh-b2b/fresh-shop/server/core/server.go:36	server run success on 	{"address": ":48888"}

	欢迎使用 启运冻品
	当前版本:v2.5.5
	默认自动化文档地址:http://127.0.0.1:48888/swagger/index.html
	默认前端文件运行地址:http://127.0.0.1:8080
2026/09/23 23:16:01 23154 :48888
[GIN] 2026/09/23 - 23:16:03 | 200 |      41.708µs |             ::1 | GET      "/health"
[fresh_shop/server]2026/09/23 - 23:17:54.121	[31merror[0m	/Users/zhaoyuedong/Desktop/生鲜项目/fresh-b2b/fresh-shop/server/utils/clamis.go:15	从Gin的Context中获取从jwt解析信息失败, 请检查请求头是否存在x-token且claims是否为规定结构
[fresh_shop/server]2026/09/23 - 23:17:54.121	[31merror[0m	/Users/zhaoyuedong/Desktop/生鲜项目/fresh-b2b/fresh-shop/server/utils/clamis.go:15	从Gin的Context中获取从jwt解析信息失败, 请检查请求头是否存在x-token且claims是否为规定结构

2026/09/23 23:17:54 [32m/Users/zhaoyuedong/Desktop/生鲜项目/fresh-b2b/fresh-shop/server/service/business/banner.go:60
[0m[33m[1.655ms] [34;1m[rows:1][0m SELECT count(*) FROM `shop_banner` WHERE `shop_banner`.`deleted_at` IS NULL

2026/09/23 23:17:54 [32m/Users/zhaoyuedong/Desktop/生鲜项目/fresh-b2b/fresh-shop/server/service/business/banner.go:65
[0m[33m[0.691ms] [34;1m[rows:5][0m SELECT * FROM `shop_banner` WHERE `shop_banner`.`deleted_at` IS NULL ORDER BY sort asc 
[GIN] 2026/09/23 - 23:17:54 | 200 |      3.6245ms |    192.168.3.51 | GET      "/banner/getBannerList"

2026/09/23 23:17:54 [32m/Users/zhaoyuedong/Desktop/生鲜项目/fresh-b2b/fresh-shop/server/service/shop/category.go:63
[0m[33m[10.185ms] [34;1m[rows:1][0m SELECT count(*) FROM `shop_category` WHERE is_first = 1 AND `shop_category`.`deleted_at` IS NULL

2026/09/23 23:17:54 [32m/Users/zhaoyuedong/Desktop/生鲜项目/fresh-b2b/fresh-shop/server/service/shop/goods.go:1267
[0m[33m[8.939ms] [34;1m[rows:1][0m SELECT count(*) FROM `shop_goods` WHERE goods_area = 0 AND status = 1 AND is_hot = 1 AND `shop_goods`.`deleted_at` IS NULL

2026/09/23 23:17:54 [32m/Users/zhaoyuedong/Desktop/生鲜项目/fresh-b2b/fresh-shop/server/service/shop/goods.go:1267
[0m[33m[11.729ms] [34;1m[rows:1][0m SELECT count(*) FROM `shop_goods` WHERE goods_area = 0 AND status = 1 AND is_new = 1 AND `shop_goods`.`deleted_at` IS NULL

2026/09/23 23:17:54 [32m/Users/zhaoyuedong/Desktop/生鲜项目/fresh-b2b/fresh-shop/server/service/shop/category.go:68
[0m[33m[1.584ms] [34;1m[rows:0][0m SELECT * FROM `shop_brand_category` WHERE `shop_brand_category`.`category_id` IN (37,38)

2026/09/23 23:17:54 [32m/Users/zhaoyuedong/Desktop/生鲜项目/fresh-b2b/fresh-shop/server/service/shop/category.go:68
[0m[33m[4.262ms] [34;1m[rows:2][0m SELECT * FROM `shop_category` WHERE is_first = 1 AND `shop_category`.`deleted_at` IS NULL ORDER BY sort asc LIMIT 4
[GIN] 2026/09/23 - 23:17:54 | 200 |   15.683292ms |    192.168.3.51 | GET      "/category/getCategoryList?page=1&pageSize=4&isFirst=1"

2026/09/23 23:17:54 [32m/Users/zhaoyuedong/Desktop/生鲜项目/fresh-b2b/fresh-shop/server/service/shop/goods.go:1272
[0m[33m[0.448ms] [34;1m[rows:2][0m SELECT * FROM `shop_brand` WHERE `shop_brand`.`id` IN (2,0,1) AND `shop_brand`.`deleted_at` IS NULL

2026/09/23 23:17:54 [32m/Users/zhaoyuedong/Desktop/生鲜项目/fresh-b2b/fresh-shop/server/service/shop/goods.go:1272
[0m[33m[0.813ms] [34;1m[rows:2][0m SELECT * FROM `shop_brand` WHERE `shop_brand`.`id` IN (2,0,1) AND `shop_brand`.`deleted_at` IS NULL

2026/09/23 23:17:54 [32m/Users/zhaoyuedong/Desktop/生鲜项目/fresh-b2b/fresh-shop/server/service/shop/goods.go:1272
[0m[33m[0.522ms] [34;1m[rows:1][0m SELECT * FROM `shop_category` WHERE `shop_category`.`id` = 38 AND `shop_category`.`deleted_at` IS NULL

2026/09/23 23:17:54 [32m/Users/zhaoyuedong/Desktop/生鲜项目/fresh-b2b/fresh-shop/server/service/shop/goods.go:1272
[0m[33m[0.687ms] [34;1m[rows:1][0m SELECT * FROM `shop_category` WHERE `shop_category`.`id` = 38 AND `shop_category`.`deleted_at` IS NULL

2026/09/23 23:17:54 [32m/Users/zhaoyuedong/Desktop/生鲜项目/fresh-b2b/fresh-shop/server/service/shop/goods.go:1272
[0m[33m[1.053ms] [34;1m[rows:12][0m SELECT * FROM `shop_goods_description` WHERE `shop_goods_description`.`goods_id` IN (725,713,712,711,710,674,672,671,670,669,665,664) AND `shop_goods_description`.`deleted_at` IS NULL

2026/09/23 23:17:54 [32m/Users/zhaoyuedong/Desktop/生鲜项目/fresh-b2b/fresh-shop/server/service/shop/goods.go:1272
[0m[33m[1.086ms] [34;1m[rows:12][0m SELECT * FROM `shop_goods_description` WHERE `shop_goods_description`.`goods_id` IN (725,713,712,711,710,674,672,671,670,669,665,664) AND `shop_goods_description`.`deleted_at` IS NULL

2026/09/23 23:17:54 [32m/Users/zhaoyuedong/Desktop/生鲜项目/fresh-b2b/fresh-shop/server/service/shop/goods.go:1272
[0m[33m[0.972ms] [34;1m[rows:17][0m SELECT * FROM `shop_goods_image` WHERE `shop_goods_image`.`goods_id` IN (725,713,712,711,710,674,672,671,670,669,665,664) AND `shop_goods_image`.`deleted_at` IS NULL

2026/09/23 23:17:54 [32m/Users/zhaoyuedong/Desktop/生鲜项目/fresh-b2b/fresh-shop/server/service/shop/goods.go:1272
[0m[33m[0.858ms] [34;1m[rows:17][0m SELECT * FROM `shop_goods_image` WHERE `shop_goods_image`.`goods_id` IN (725,713,712,711,710,674,672,671,670,669,665,664) AND `shop_goods_image`.`deleted_at` IS NULL

2026/09/23 23:17:54 [32m/Users/zhaoyuedong/Desktop/生鲜项目/fresh-b2b/fresh-shop/server/service/shop/goods.go:1272
[0m[33m[8.346ms] [34;1m[rows:12][0m SELECT * FROM `shop_goods` WHERE goods_area = 0 AND status = 1 AND is_new = 1 AND `shop_goods`.`deleted_at` IS NULL ORDER BY sort asc, created_at desc,sort asc LIMIT 12

2026/09/23 23:17:54 [32m/Users/zhaoyuedong/Desktop/生鲜项目/fresh-b2b/fresh-shop/server/service/shop/goods.go:1272
[0m[33m[11.115ms] [34;1m[rows:12][0m SELECT * FROM `shop_goods` WHERE goods_area = 0 AND status = 1 AND is_hot = 1 AND `shop_goods`.`deleted_at` IS NULL ORDER BY sort asc, created_at desc,sort asc LIMIT 12
[GIN] 2026/09/23 - 23:17:54 | 200 |   22.435125ms |    192.168.3.51 | GET      "/goods/getGoodsList?goodsArea=0&isNew=1&page=1&pageSize=12&status=1"
[GIN] 2026/09/23 - 23:17:54 | 200 |   22.599208ms |    192.168.3.51 | GET      "/goods/getGoodsList?goodsArea=0&isHot=1&page=1&pageSize=12&status=1"
[fresh_shop/server]2026/09/23 - 23:17:56.131	[31merror[0m	/Users/zhaoyuedong/Desktop/生鲜项目/fresh-b2b/fresh-shop/server/utils/clamis.go:15	从Gin的Context中获取从jwt解析信息失败, 请检查请求头是否存在x-token且claims是否为规定结构

2026/09/23 23:17:56 [32m/Users/zhaoyuedong/Desktop/生鲜项目/fresh-b2b/fresh-shop/server/service/shop/goods.go:1189
[0m[33m[0.309ms] [34;1m[rows:1][0m SELECT * FROM `shop_brand` WHERE `shop_brand`.`id` = 2 AND `shop_brand`.`deleted_at` IS NULL

2026/09/23 23:17:56 [32m/Users/zhaoyuedong/Desktop/生鲜项目/fresh-b2b/fresh-shop/server/service/shop/goods.go:1189
[0m[33m[0.790ms] [34;1m[rows:1][0m SELECT * FROM `shop_goods_description` WHERE `shop_goods_description`.`goods_id` = 725 AND `shop_goods_description`.`deleted_at` IS NULL

2026/09/23 23:17:56 [32m/Users/zhaoyuedong/Desktop/生鲜项目/fresh-b2b/fresh-shop/server/service/shop/goods.go:1189
[0m[33m[0.759ms] [34;1m[rows:1][0m SELECT * FROM `shop_goods_image` WHERE `shop_goods_image`.`goods_id` = 725 AND `shop_goods_image`.`deleted_at` IS NULL

2026/09/23 23:17:56 [32m/Users/zhaoyuedong/Desktop/生鲜项目/fresh-b2b/fresh-shop/server/service/shop/goods.go:1189
[0m[33m[0.393ms] [34;1m[rows:0][0m SELECT * FROM `shop_goods_spec` WHERE `shop_goods_spec`.`goods_id` = 725 AND `shop_goods_spec`.`deleted_at` IS NULL

2026/09/23 23:17:56 [32m/Users/zhaoyuedong/Desktop/生鲜项目/fresh-b2b/fresh-shop/server/service/shop/goods.go:1189
[0m[33m[3.180ms] [34;1m[rows:1][0m SELECT * FROM `shop_goods` WHERE id = 725 AND `shop_goods`.`deleted_at` IS NULL ORDER BY `shop_goods`.`id` LIMIT 1

2026/09/23 23:17:56 [31;1m/Users/zhaoyuedong/Desktop/生鲜项目/fresh-b2b/fresh-shop/server/service/shop/goods.go:1211 [35;1mrecord not found
[0m[33m[0.856ms] [34;1m[rows:0][0m SELECT * FROM `shop_favorites` WHERE (user_id = 0 and goods_id = 725) AND `shop_favorites`.`deleted_at` IS NULL ORDER BY `shop_favorites`.`id` LIMIT 1

2026/09/23 23:17:56 [31;1m/Users/zhaoyuedong/Desktop/生鲜项目/fresh-b2b/fresh-shop/server/service/shop/goods.go:1219 [35;1msql: Scan error on column index 0, name "cartNum": converting NULL to int is unsupported
[0m[33m[2.008ms] [34;1m[rows:1][0m SELECT SUM(num) as cartNum FROM `shop_cart` WHERE user_id = 0 AND `shop_cart`.`deleted_at` IS NULL

2026/09/23 23:17:56 [31;1m/Users/zhaoyuedong/Desktop/生鲜项目/fresh-b2b/fresh-shop/server/service/shop/goods.go:1220 [35;1mrecord not found
[0m[33m[0.443ms] [34;1m[rows:0][0m SELECT * FROM `shop_cart` WHERE (user_id = 0 and goods_id = 725) AND `shop_cart`.`deleted_at` IS NULL ORDER BY `shop_cart`.`id` LIMIT 1
[GIN] 2026/09/23 - 23:17:56 | 200 |    7.103833ms |    192.168.3.51 | GET      "/goods/findGoods?ID=725"
[GIN] 2026/09/23 - 23:18:07 | 200 |  409.383458ms |    192.168.3.51 | GET      "/wechat/code2Session?js_code=0b312V000IRv8X1NXg300AT324112V0e"

2026/09/23 23:18:10 [31;1m/Users/zhaoyuedong/Desktop/生鲜项目/fresh-b2b/fresh-shop/server/service/system/sys_user.go:41 [35;1mrecord not found
[0m[33m[3.880ms] [34;1m[rows:0][0m SELECT * FROM `sys_users` WHERE phone = '17780639916' AND `sys_users`.`deleted_at` IS NULL ORDER BY `sys_users`.`id` LIMIT 1

2026/09/23 23:18:10 [32m/Users/zhaoyuedong/Desktop/生鲜项目/fresh-b2b/fresh-shop/server/service/system/sys_user.go:79
[0m[33m[0.457ms] [34;1m[rows:2][0m SELECT * FROM `user_account_group` WHERE `user_account_group`.`deleted_at` IS NULL

2026/09/23 23:18:10 [31;1m/Users/zhaoyuedong/Desktop/生鲜项目/fresh-b2b/fresh-shop/server/service/system/sys_user.go:96 [35;1mrecord not found
[0m[33m[0.416ms] [34;1m[rows:0][0m SELECT * FROM `sys_users` WHERE username = '17780639916' AND `sys_users`.`deleted_at` IS NULL ORDER BY `sys_users`.`id` LIMIT 1

2026/09/23 23:18:10 [31;1m/Users/zhaoyuedong/Desktop/生鲜项目/fresh-b2b/fresh-shop/server/service/system/sys_user.go:104 [35;1mrecord not found
[0m[33m[0.220ms] [34;1m[rows:0][0m SELECT * FROM `sys_users` WHERE invitation_code = '8DZ8A3EL' AND `sys_users`.`deleted_at` IS NULL ORDER BY `sys_users`.`id` LIMIT 1

2026/09/23 23:18:10 [31;1m/Users/zhaoyuedong/Desktop/生鲜项目/fresh-b2b/fresh-shop/server/service/system/sys_user.go:118 [35;1mError 1292: Incorrect datetime value: '0000-00-00' for column 'login_time' at row 1
[0m[33m[1.775ms] [34;1m[rows:0][0m INSERT INTO `sys_users` (`created_at`,`updated_at`,`deleted_at`,`uuid`,`open_id`,`username`,`invitation_code`,`password`,`safe_password`,`nick_name`,`sex`,`side_mode`,`header_img`,`base_color`,`active_color`,`authority_id`,`phone`,`email`,`enable`,`login_ip`,`login_time`,`origin_contact_name`,`change_contact_name`,`origin_customer_name`,`change_customer_name`,`audit_status`,`audit_remark`,`apply_time`) VALUES ('2026-09-23 23:18:10.432','2026-09-23 23:18:10.432',NULL,'ef0de453-9ebd-4c14-ad88-eb078770252e','oa5HwvyGINaj5Q5yhg7pA-nIy2i4','17780639916','8DZ8A3EL','$2a$10$fzuo.hti.l6.jSjrW32vpuVTV6BDLzKvCr2Fu5jrY.O5EPaOkbPha','','启运9916',0,'dark','https://fs.ssooai.com/picture/images/avatar/face.png','#fff','#1890ff',1000,'17780639916','',1,'','0000-00-00 00:00:00','','','','',0,'','0000-00-00 00:00:00')

2026/09/23 23:18:10 [32m/Users/zhaoyuedong/Desktop/生鲜项目/fresh-b2b/fresh-shop/server/service/system/sys_user.go:128
[0m[33m[1.194ms] [34;1m[rows:2][0m INSERT INTO `user_account` (`created_at`,`updated_at`,`deleted_at`,`user_id`,`group_id`,`amount`,`freeze_amount`,`lock_amount`,`in_amount`,`out_amount`,`status`) VALUES ('2026-09-23 23:18:10.434','2026-09-23 23:18:10.434',NULL,0,1,0.000000,0.000000,0.000000,0.000000,0.000000,1),('2026-09-23 23:18:10.434','2026-09-23 23:18:10.434',NULL,0,2,0.000000,0.000000,0.000000,0.000000,0.000000,1)
[GIN] 2026/09/23 - 23:18:10 | 200 |   79.929417ms |    192.168.3.51 | POST     "/base/loginWx"

2026/09/23 23:18:10 [32m/Users/zhaoyuedong/go/pkg/mod/gorm.io/driver/mysql@v1.3.3/migrator.go:228
[0m[33m[0.173ms] [34;1m[rows:-][0m SELECT DATABASE()

2026/09/23 23:18:10 [32m/Users/zhaoyuedong/go/pkg/mod/gorm.io/driver/mysql@v1.3.3/migrator.go:231
[0m[33m[1.942ms] [34;1m[rows:1][0m SELECT SCHEMA_NAME from Information_schema.SCHEMATA where SCHEMA_NAME LIKE 'fresh_shop%' ORDER BY SCHEMA_NAME='fresh_shop' DESC limit 1

2026/09/23 23:18:10 [32m/Users/zhaoyuedong/go/pkg/mod/github.com/casbin/gorm-adapter/v3@v3.7.3/adapter.go:381
[0m[33m[1.248ms] [34;1m[rows:-][0m SELECT count(*) FROM information_schema.tables WHERE table_schema = 'fresh_shop' AND table_name = 'casbin_rule' AND table_type = 'BASE TABLE'

2026/09/23 23:18:10 [32m/Users/zhaoyuedong/go/pkg/mod/gorm.io/driver/mysql@v1.3.3/migrator.go:228
[0m[33m[0.128ms] [34;1m[rows:-][0m SELECT DATABASE()

2026/09/23 23:18:10 [32m/Users/zhaoyuedong/go/pkg/mod/gorm.io/driver/mysql@v1.3.3/migrator.go:231
[0m[33m[0.367ms] [34;1m[rows:1][0m SELECT SCHEMA_NAME from Information_schema.SCHEMATA where SCHEMA_NAME LIKE 'fresh_shop%' ORDER BY SCHEMA_NAME='fresh_shop' DESC limit 1

2026/09/23 23:18:10 [32m/Users/zhaoyuedong/go/pkg/mod/gorm.io/driver/mysql@v1.3.3/migrator.go:148
[0m[33m[0.246ms] [34;1m[rows:-][0m SELECT * FROM `casbin_rule` LIMIT 1

2026/09/23 23:18:10 [32m/Users/zhaoyuedong/go/pkg/mod/gorm.io/driver/mysql@v1.3.3/migrator.go:166
[0m[33m[0.968ms] [34;1m[rows:-][0m SELECT column_name, column_default, is_nullable = 'YES', data_type, character_maximum_length, column_type, column_key, extra, column_comment, numeric_precision, numeric_scale , datetime_precision FROM information_schema.columns WHERE table_schema = 'fresh_shop' AND table_name = 'casbin_rule' ORDER BY ORDINAL_POSITION

2026/09/23 23:18:10 [32m/Users/zhaoyuedong/go/pkg/mod/gorm.io/driver/mysql@v1.3.3/migrator.go:228
[0m[33m[0.089ms] [34;1m[rows:-][0m SELECT DATABASE()

2026/09/23 23:18:10 [32m/Users/zhaoyuedong/go/pkg/mod/gorm.io/driver/mysql@v1.3.3/migrator.go:231
[0m[33m[0.397ms] [34;1m[rows:1][0m SELECT SCHEMA_NAME from Information_schema.SCHEMATA where SCHEMA_NAME LIKE 'fresh_shop%' ORDER BY SCHEMA_NAME='fresh_shop' DESC limit 1

2026/09/23 23:18:10 [32m/Users/zhaoyuedong/go/pkg/mod/github.com/casbin/gorm-adapter/v3@v3.7.3/adapter.go:387
[0m[33m[4.137ms] [34;1m[rows:-][0m SELECT count(*) FROM information_schema.statistics WHERE table_schema = 'fresh_shop' AND table_name = 'casbin_rule' AND index_name = 'idx_casbin_rule'

2026/09/23 23:18:10 [32m/Users/zhaoyuedong/go/pkg/mod/github.com/casbin/gorm-adapter/v3@v3.7.3/adapter.go:432
[0m[33m[3.215ms] [34;1m[rows:747][0m SELECT * FROM `casbin_rule` ORDER BY ID

2026/09/23 23:18:10 [32m/Users/zhaoyuedong/go/pkg/mod/github.com/casbin/gorm-adapter/v3@v3.7.3/adapter.go:432
[0m[33m[2.503ms] [34;1m[rows:747][0m SELECT * FROM `casbin_rule` ORDER BY ID
[GIN] 2026/09/23 - 23:18:10 | 200 |   18.137791ms |    192.168.3.51 | GET      "/user/getAuditStatus"

2026/09/23 23:18:37 [32m/Users/zhaoyuedong/Desktop/生鲜项目/fresh-b2b/fresh-shop/server/service/system/sys_user.go:292
[0m[33m[0.884ms] [34;1m[rows:0][0m DELETE FROM `sys_user_authority` WHERE sys_user_id = 0

2026/09/23 23:18:37 [32m/Users/zhaoyuedong/Desktop/生鲜项目/fresh-b2b/fresh-shop/server/service/system/sys_user.go:302
[0m[33m[0.530ms] [34;1m[rows:1][0m INSERT INTO `sys_user_authority` (`sys_user_id`,`sys_authority_authority_id`) VALUES (0,1001)

2026/09/23 23:18:37 [31;1m/Users/zhaoyuedong/Desktop/生鲜项目/fresh-b2b/fresh-shop/server/service/system/sys_user.go:306 [35;1mrecord not found
[0m[33m[0.501ms] [34;1m[rows:0][0m SELECT * FROM `sys_users` WHERE id = 0 AND `sys_users`.`deleted_at` IS NULL ORDER BY `sys_users`.`id` LIMIT 1
[fresh_shop/server]2026/09/23 - 23:18:37.618	[31merror[0m	/Users/zhaoyuedong/Desktop/生鲜项目/fresh-b2b/fresh-shop/server/api/v1/system/sys_user.go:478	设置客户类型失败!	{"error": "record not found"}

2026/09/23 23:18:37 [32m/Users/zhaoyuedong/Desktop/生鲜项目/fresh-b2b/fresh-shop/server/service/system/sys_operation_record.go:19
[0m[33m[2.374ms] [34;1m[rows:1][0m INSERT INTO `sys_operation_records` (`created_at`,`updated_at`,`deleted_at`,`ip`,`method`,`path`,`status`,`latency`,`agent`,`error_message`,`body`,`resp`,`user_id`) VALUES ('2026-09-23 23:18:37.62','2026-09-23 23:18:37.62',NULL,'192.168.3.51','PUT','/user/setSelfInfo',200,4349125,'Mozilla/5.0 (iPhone; CPU iPhone OS 15_0 like Mac OS X) AppleWebKit/605.1.15 (KHTML, like Gecko) Version/15.0 Mobile/15E148 Safari/604.1 wechatdevtools/2.02.2608070 MicroMessenger/8.0.5 Language/zh_CN webview/ hash/755040093 sid/s0 winId/s0 token/4f3d79fc8792505295cfa9de359a8915','','{"AuthorityIds":[1001],"originContactName":"赵玥栋","originCustomerName":"飞黄腾达公司","auditStatus":2}','{"code":7,"data":{},"msg":"修改客户类型失败"}',0)
[GIN] 2026/09/23 - 23:18:37 | 200 |    7.372541ms |    192.168.3.51 | PUT      "/user/setSelfInfo"

2026/09/23 23:18:40 [32m/Users/zhaoyuedong/Desktop/生鲜项目/fresh-b2b/fresh-shop/server/service/system/sys_user.go:292
[0m[33m[0.519ms] [34;1m[rows:0][0m DELETE FROM `sys_user_authority` WHERE sys_user_id = 0

2026/09/23 23:18:40 [32m/Users/zhaoyuedong/Desktop/生鲜项目/fresh-b2b/fresh-shop/server/service/system/sys_user.go:302
[0m[33m[0.453ms] [34;1m[rows:1][0m INSERT INTO `sys_user_authority` (`sys_user_id`,`sys_authority_authority_id`) VALUES (0,1001)

2026/09/23 23:18:40 [31;1m/Users/zhaoyuedong/Desktop/生鲜项目/fresh-b2b/fresh-shop/server/service/system/sys_user.go:306 [35;1mrecord not found
[0m[33m[0.487ms] [34;1m[rows:0][0m SELECT * FROM `sys_users` WHERE id = 0 AND `sys_users`.`deleted_at` IS NULL ORDER BY `sys_users`.`id` LIMIT 1
[fresh_shop/server]2026/09/23 - 23:18:40.682	[31merror[0m	/Users/zhaoyuedong/Desktop/生鲜项目/fresh-b2b/fresh-shop/server/api/v1/system/sys_user.go:478	设置客户类型失败!	{"error": "record not found"}

2026/09/23 23:18:40 [32m/Users/zhaoyuedong/Desktop/生鲜项目/fresh-b2b/fresh-shop/server/service/system/sys_operation_record.go:19
[0m[33m[0.889ms] [34;1m[rows:1][0m INSERT INTO `sys_operation_records` (`created_at`,`updated_at`,`deleted_at`,`ip`,`method`,`path`,`status`,`latency`,`agent`,`error_message`,`body`,`resp`,`user_id`) VALUES ('2026-09-23 23:18:40.683','2026-09-23 23:18:40.683',NULL,'192.168.3.51','PUT','/user/setSelfInfo',200,2508083,'Mozilla/5.0 (iPhone; CPU iPhone OS 15_0 like Mac OS X) AppleWebKit/605.1.15 (KHTML, like Gecko) Version/15.0 Mobile/15E148 Safari/604.1 wechatdevtools/2.02.2608070 MicroMessenger/8.0.5 Language/zh_CN webview/ hash/755040093 sid/s0 winId/s0 token/4f3d79fc8792505295cfa9de359a8915','','{"AuthorityIds":[1001],"originContactName":"赵玥栋","originCustomerName":"飞黄腾达公司","auditStatus":2}','{"code":7,"data":{},"msg":"修改客户类型失败"}',0)
[GIN] 2026/09/23 - 23:18:40 | 200 |      3.7795ms |    192.168.3.51 | PUT      "/user/setSelfInfo"

2026/09/23 23:18:44 [32m/Users/zhaoyuedong/Desktop/生鲜项目/fresh-b2b/fresh-shop/server/service/system/sys_user.go:292
[0m[33m[0.505ms] [34;1m[rows:0][0m DELETE FROM `sys_user_authority` WHERE sys_user_id = 0

2026/09/23 23:18:44 [32m/Users/zhaoyuedong/Desktop/生鲜项目/fresh-b2b/fresh-shop/server/service/system/sys_user.go:302
[0m[33m[0.402ms] [34;1m[rows:1][0m INSERT INTO `sys_user_authority` (`sys_user_id`,`sys_authority_authority_id`) VALUES (0,1000)

2026/09/23 23:18:44 [31;1m/Users/zhaoyuedong/Desktop/生鲜项目/fresh-b2b/fresh-shop/server/service/system/sys_user.go:306 [35;1mrecord not found
[0m[33m[0.445ms] [34;1m[rows:0][0m SELECT * FROM `sys_users` WHERE id = 0 AND `sys_users`.`deleted_at` IS NULL ORDER BY `sys_users`.`id` LIMIT 1
[fresh_shop/server]2026/09/23 - 23:18:44.715	[31merror[0m	/Users/zhaoyuedong/Desktop/生鲜项目/fresh-b2b/fresh-shop/server/api/v1/system/sys_user.go:478	设置客户类型失败!	{"error": "record not found"}

2026/09/23 23:18:44 [32m/Users/zhaoyuedong/Desktop/生鲜项目/fresh-b2b/fresh-shop/server/service/system/sys_operation_record.go:19
[0m[33m[1.182ms] [34;1m[rows:1][0m INSERT INTO `sys_operation_records` (`created_at`,`updated_at`,`deleted_at`,`ip`,`method`,`path`,`status`,`latency`,`agent`,`error_message`,`body`,`resp`,`user_id`) VALUES ('2026-09-23 23:18:44.716','2026-09-23 23:18:44.716',NULL,'192.168.3.51','PUT','/user/setSelfInfo',200,2775291,'Mozilla/5.0 (iPhone; CPU iPhone OS 15_0 like Mac OS X) AppleWebKit/605.1.15 (KHTML, like Gecko) Version/15.0 Mobile/15E148 Safari/604.1 wechatdevtools/2.02.2608070 MicroMessenger/8.0.5 Language/zh_CN webview/ hash/755040093 sid/s0 winId/s0 token/4f3d79fc8792505295cfa9de359a8915','','{"AuthorityIds":[1000],"originContactName":"赵玥栋","originCustomerName":"飞黄腾达公司","auditStatus":2}','{"code":7,"data":{},"msg":"修改客户类型失败"}',0)
[GIN] 2026/09/23 - 23:18:44 | 200 |    4.241958ms |    192.168.3.51 | PUT      "/user/setSelfInfo"

2026/09/23 23:18:51 [32m/Users/zhaoyuedong/Desktop/生鲜项目/fresh-b2b/fresh-shop/server/service/system/sys_user.go:292
[0m[33m[0.576ms] [34;1m[rows:0][0m DELETE FROM `sys_user_authority` WHERE sys_user_id = 0

2026/09/23 23:18:51 [32m/Users/zhaoyuedong/Desktop/生鲜项目/fresh-b2b/fresh-shop/server/service/system/sys_user.go:302
[0m[33m[0.603ms] [34;1m[rows:1][0m INSERT INTO `sys_user_authority` (`sys_user_id`,`sys_authority_authority_id`) VALUES (0,1001)

2026/09/23 23:18:51 [31;1m/Users/zhaoyuedong/Desktop/生鲜项目/fresh-b2b/fresh-shop/server/service/system/sys_user.go:306 [35;1mrecord not found
[0m[33m[0.694ms] [34;1m[rows:0][0m SELECT * FROM `sys_users` WHERE id = 0 AND `sys_users`.`deleted_at` IS NULL ORDER BY `sys_users`.`id` LIMIT 1
[fresh_shop/server]2026/09/23 - 23:18:51.168	[31merror[0m	/Users/zhaoyuedong/Desktop/生鲜项目/fresh-b2b/fresh-shop/server/api/v1/system/sys_user.go:478	设置客户类型失败!	{"error": "record not found"}

2026/09/23 23:18:51 [32m/Users/zhaoyuedong/Desktop/生鲜项目/fresh-b2b/fresh-shop/server/service/system/sys_operation_record.go:19
[0m[33m[1.274ms] [34;1m[rows:1][0m INSERT INTO `sys_operation_records` (`created_at`,`updated_at`,`deleted_at`,`ip`,`method`,`path`,`status`,`latency`,`agent`,`error_message`,`body`,`resp`,`user_id`) VALUES ('2026-09-23 23:18:51.168','2026-09-23 23:18:51.168',NULL,'192.168.3.51','PUT','/user/setSelfInfo',200,3417333,'Mozilla/5.0 (iPhone; CPU iPhone OS 15_0 like Mac OS X) AppleWebKit/605.1.15 (KHTML, like Gecko) Version/15.0 Mobile/15E148 Safari/604.1 wechatdevtools/2.02.2608070 MicroMessenger/8.0.5 Language/zh_CN webview/ hash/755040093 sid/s0 winId/s0 token/4f3d79fc8792505295cfa9de359a8915','','{"AuthorityIds":[1001],"originContactName":"赵玥栋","originCustomerName":"飞黄腾达公司","auditStatus":2}','{"code":7,"data":{},"msg":"修改客户类型失败"}',0)
[GIN] 2026/09/23 - 23:18:51 | 200 |    5.079375ms |    192.168.3.51 | PUT      "/user/setSelfInfo"

2026/09/23 23:22:05 [32m/Users/zhaoyuedong/Desktop/生鲜项目/fresh-b2b/fresh-shop/server/service/system/sys_user.go:248
[0m[33m[0.729ms] [34;1m[rows:1][0m SELECT count(*) FROM `sys_users` WHERE id != 1 AND `sys_users`.`deleted_at` IS NULL

2026/09/23 23:22:05 [32m/Users/zhaoyuedong/Desktop/生鲜项目/fresh-b2b/fresh-shop/server/service/system/sys_authority.go:162
[0m[33m[0.762ms] [34;1m[rows:1][0m SELECT count(*) FROM `sys_authorities` WHERE authority_id not in (888, 999) AND parent_id = '0'

2026/09/23 23:22:05 [32m/Users/zhaoyuedong/Desktop/生鲜项目/fresh-b2b/fresh-shop/server/service/system/sys_user.go:265
[0m[33m[2.614ms] [34;1m[rows:1][0m SELECT * FROM `sys_user_authority` WHERE `sys_user_authority`.`sys_user_id` = 83

2026/09/23 23:22:05 [32m/Users/zhaoyuedong/Desktop/生鲜项目/fresh-b2b/fresh-shop/server/service/system/sys_authority.go:166
[0m[33m[2.252ms] [34;1m[rows:0][0m SELECT * FROM `sys_data_authority_id` WHERE `sys_data_authority_id`.`sys_authority_authority_id` IN (1000,1001)

2026/09/23 23:22:05 [32m/Users/zhaoyuedong/Desktop/生鲜项目/fresh-b2b/fresh-shop/server/service/system/sys_authority.go:166
[0m[33m[6.007ms] [34;1m[rows:2][0m SELECT * FROM `sys_authorities` WHERE authority_id not in (888, 999) AND parent_id = '0' AND parent_id = '0' LIMIT 999

2026/09/23 23:22:05 [32m/Users/zhaoyuedong/Desktop/生鲜项目/fresh-b2b/fresh-shop/server/service/system/sys_user.go:265
[0m[33m[2.339ms] [34;1m[rows:1][0m SELECT * FROM `sys_authorities` WHERE `sys_authorities`.`authority_id` = 1000

2026/09/23 23:22:05 [32m/Users/zhaoyuedong/Desktop/生鲜项目/fresh-b2b/fresh-shop/server/service/system/sys_authority.go:217
[0m[33m[0.365ms] [34;1m[rows:0][0m SELECT * FROM `sys_authorities` WHERE parent_id = 1000

2026/09/23 23:22:05 [32m/Users/zhaoyuedong/Desktop/生鲜项目/fresh-b2b/fresh-shop/server/service/system/sys_user.go:265
[0m[33m[0.286ms] [34;1m[rows:1][0m SELECT * FROM `sys_authorities` WHERE `sys_authorities`.`authority_id` = 1000

2026/09/23 23:22:05 [32m/Users/zhaoyuedong/Desktop/生鲜项目/fresh-b2b/fresh-shop/server/service/system/sys_user.go:265
[0m[33m[6.558ms] [34;1m[rows:1][0m SELECT * FROM `sys_users` WHERE id != 1 AND `sys_users`.`deleted_at` IS NULL LIMIT 10

2026/09/23 23:22:05 [32m/Users/zhaoyuedong/Desktop/生鲜项目/fresh-b2b/fresh-shop/server/service/system/sys_authority.go:217
[0m[33m[0.353ms] [34;1m[rows:0][0m SELECT * FROM `sys_authorities` WHERE parent_id = 1001
[GIN] 2026/09/23 - 23:22:05 | 200 |    8.608792ms |       127.0.0.1 | POST     "/authority/getAuthorityList"

2026/09/23 23:22:05 [32m/Users/zhaoyuedong/Desktop/生鲜项目/fresh-b2b/fresh-shop/server/service/common/account.go:176
[0m[33m[1.049ms] [34;1m[rows:1][0m SELECT `user_account`.`id`,`user_account`.`created_at`,`user_account`.`updated_at`,`user_account`.`deleted_at`,`user_account`.`user_id`,`user_account`.`group_id`,`user_account`.`amount`,`user_account`.`freeze_amount`,`user_account`.`lock_amount`,`user_account`.`in_amount`,`user_account`.`out_amount`,`user_account`.`status`,`Group`.`id` AS `Group__id`,`Group`.`created_at` AS `Group__created_at`,`Group`.`updated_at` AS `Group__updated_at`,`Group`.`deleted_at` AS `Group__deleted_at`,`Group`.`name_en` AS `Group__name_en`,`Group`.`name_cn` AS `Group__name_cn`,`Group`.`places` AS `Group__places`,`Group`.`status` AS `Group__status`,`Group`.`sync` AS `Group__sync` FROM `user_account` LEFT JOIN `user_account_group` `Group` ON `user_account`.`group_id` = `Group`.`id` AND `Group`.`deleted_at` IS NULL WHERE (Group.status = 1 and user_id = 83) AND `user_account`.`deleted_at` IS NULL
[GIN] 2026/09/23 - 23:22:05 | 200 |   10.821958ms |       127.0.0.1 | POST     "/user/getUserList"

2026/09/23 23:22:17 [32m/Users/zhaoyuedong/Desktop/生鲜项目/fresh-b2b/fresh-shop/server/service/system/sys_menu.go:30
[0m[33m[0.563ms] [34;1m[rows:25][0m SELECT * FROM `sys_authority_menus` WHERE sys_authority_authority_id = 999

2026/09/23 23:22:17 [32m/Users/zhaoyuedong/Desktop/生鲜项目/fresh-b2b/fresh-shop/server/service/system/sys_menu.go:41
[0m[33m[0.378ms] [34;1m[rows:2][0m SELECT * FROM `sys_base_menu_parameters` WHERE `sys_base_menu_parameters`.`sys_base_menu_id` IN (37,42,1,52,53,36,44,7,11,38,39,45,46,47,24) AND `sys_base_menu_parameters`.`deleted_at` IS NULL

2026/09/23 23:22:17 [32m/Users/zhaoyuedong/Desktop/生鲜项目/fresh-b2b/fresh-shop/server/service/system/sys_menu.go:41
[0m[33m[1.148ms] [34;1m[rows:15][0m SELECT * FROM `sys_base_menus` WHERE id in ('1','7','11','12','13','24','30','32','33','35','36','37','38','39','40','42','43','44','45','46','47','50','51','52','53') AND `sys_base_menus`.`deleted_at` IS NULL ORDER BY sort

2026/09/23 23:22:17 [32m/Users/zhaoyuedong/Desktop/生鲜项目/fresh-b2b/fresh-shop/server/service/system/sys_menu.go:55
[0m[33m[0.407ms] [34;1m[rows:0][0m SELECT * FROM `sys_authority_btns` WHERE authority_id = 999
[GIN] 2026/09/23 - 23:22:17 | 200 |    2.969583ms |       127.0.0.1 | POST     "/menu/getMenu"

2026/09/23 23:22:17 [32m/Users/zhaoyuedong/Desktop/生鲜项目/fresh-b2b/fresh-shop/server/service/system/sys_user.go:379
[0m[33m[0.224ms] [34;1m[rows:2][0m SELECT * FROM `sys_user_authority` WHERE `sys_user_authority`.`sys_user_id` = 1

2026/09/23 23:22:17 [32m/Users/zhaoyuedong/Desktop/生鲜项目/fresh-b2b/fresh-shop/server/service/system/sys_user.go:379
[0m[33m[0.229ms] [34;1m[rows:2][0m SELECT * FROM `sys_authorities` WHERE `sys_authorities`.`authority_id` IN (888,999)

2026/09/23 23:22:17 [32m/Users/zhaoyuedong/Desktop/生鲜项目/fresh-b2b/fresh-shop/server/service/system/sys_user.go:379
[0m[33m[0.145ms] [34;1m[rows:1][0m SELECT * FROM `sys_authorities` WHERE `sys_authorities`.`authority_id` = 999

2026/09/23 23:22:17 [32m/Users/zhaoyuedong/Desktop/生鲜项目/fresh-b2b/fresh-shop/server/service/system/sys_user.go:379
[0m[33m[1.376ms] [34;1m[rows:1][0m SELECT * FROM `sys_users` WHERE uuid = 'f0f71391-6d0e-418c-a601-af3dde923073' AND `sys_users`.`deleted_at` IS NULL ORDER BY `sys_users`.`id` LIMIT 1

2026/09/23 23:22:17 [32m/Users/zhaoyuedong/Desktop/生鲜项目/fresh-b2b/fresh-shop/server/service/system/sys_menu.go:227
[0m[33m[0.199ms] [34;1m[rows:25][0m SELECT `sys_base_menu_id` FROM `sys_authority_menus` WHERE sys_authority_authority_id = 999

2026/09/23 23:22:17 [32m/Users/zhaoyuedong/Desktop/生鲜项目/fresh-b2b/fresh-shop/server/service/system/sys_menu.go:232
[0m[33m[0.416ms] [34;1m[rows:1][0m SELECT * FROM `sys_base_menus` WHERE (name = 'dashboard' and id in ('1','7','11','12','13','24','30','32','33','35','36','37','38','39','40','42','43','44','45','46','47','50','51','52','53')) AND `sys_base_menus`.`deleted_at` IS NULL ORDER BY `sys_base_menus`.`id` LIMIT 1

2026/09/23 23:22:17 [32m/Users/zhaoyuedong/Desktop/生鲜项目/fresh-b2b/fresh-shop/server/service/common/account.go:161
[0m[33m[0.169ms] [34;1m[rows:1][0m SELECT * FROM `user_account_group` WHERE `user_account_group`.`id` = 2 AND `user_account_group`.`deleted_at` IS NULL

2026/09/23 23:22:17 [32m/Users/zhaoyuedong/Desktop/生鲜项目/fresh-b2b/fresh-shop/server/service/common/account.go:161
[0m[33m[0.548ms] [34;1m[rows:1][0m SELECT * FROM `user_account` WHERE (user_id = 1 and group_id = 2) AND `user_account`.`deleted_at` IS NULL ORDER BY `user_account`.`id` LIMIT 1
[GIN] 2026/09/23 - 23:22:17 | 200 |    3.354166ms |       127.0.0.1 | GET      "/user/getUserInfo"

2026/09/23 23:22:17 [32m/Users/zhaoyuedong/Desktop/生鲜项目/fresh-b2b/fresh-shop/server/service/system/sys_user.go:248
[0m[33m[0.290ms] [34;1m[rows:1][0m SELECT count(*) FROM `sys_users` WHERE id != 1 AND `sys_users`.`deleted_at` IS NULL

2026/09/23 23:22:17 [32m/Users/zhaoyuedong/Desktop/生鲜项目/fresh-b2b/fresh-shop/server/service/system/sys_authority.go:162
[0m[33m[0.287ms] [34;1m[rows:1][0m SELECT count(*) FROM `sys_authorities` WHERE authority_id not in (888, 999) AND parent_id = '0'

2026/09/23 23:22:17 [32m/Users/zhaoyuedong/Desktop/生鲜项目/fresh-b2b/fresh-shop/server/service/system/sys_user.go:265
[0m[33m[0.151ms] [34;1m[rows:1][0m SELECT * FROM `sys_user_authority` WHERE `sys_user_authority`.`sys_user_id` = 83

2026/09/23 23:22:17 [32m/Users/zhaoyuedong/Desktop/生鲜项目/fresh-b2b/fresh-shop/server/service/system/sys_authority.go:166
[0m[33m[0.255ms] [34;1m[rows:0][0m SELECT * FROM `sys_data_authority_id` WHERE `sys_data_authority_id`.`sys_authority_authority_id` IN (1000,1001)

2026/09/23 23:22:17 [32m/Users/zhaoyuedong/Desktop/生鲜项目/fresh-b2b/fresh-shop/server/service/system/sys_authority.go:166
[0m[33m[0.468ms] [34;1m[rows:2][0m SELECT * FROM `sys_authorities` WHERE authority_id not in (888, 999) AND parent_id = '0' AND parent_id = '0' LIMIT 999

2026/09/23 23:22:17 [32m/Users/zhaoyuedong/Desktop/生鲜项目/fresh-b2b/fresh-shop/server/service/system/sys_user.go:265
[0m[33m[0.189ms] [34;1m[rows:1][0m SELECT * FROM `sys_authorities` WHERE `sys_authorities`.`authority_id` = 1000

2026/09/23 23:22:17 [32m/Users/zhaoyuedong/Desktop/生鲜项目/fresh-b2b/fresh-shop/server/service/system/sys_authority.go:217
[0m[33m[0.194ms] [34;1m[rows:0][0m SELECT * FROM `sys_authorities` WHERE parent_id = 1000

2026/09/23 23:22:17 [32m/Users/zhaoyuedong/Desktop/生鲜项目/fresh-b2b/fresh-shop/server/service/system/sys_user.go:265
[0m[33m[0.164ms] [34;1m[rows:1][0m SELECT * FROM `sys_authorities` WHERE `sys_authorities`.`authority_id` = 1000

2026/09/23 23:22:17 [32m/Users/zhaoyuedong/Desktop/生鲜项目/fresh-b2b/fresh-shop/server/service/system/sys_user.go:265
[0m[33m[0.778ms] [34;1m[rows:1][0m SELECT * FROM `sys_users` WHERE id != 1 AND `sys_users`.`deleted_at` IS NULL LIMIT 10

2026/09/23 23:22:17 [32m/Users/zhaoyuedong/Desktop/生鲜项目/fresh-b2b/fresh-shop/server/service/system/sys_authority.go:217
[0m[33m[0.125ms] [34;1m[rows:0][0m SELECT * FROM `sys_authorities` WHERE parent_id = 1001
[GIN] 2026/09/23 - 23:22:17 | 200 |    1.173708ms |       127.0.0.1 | POST     "/authority/getAuthorityList"

2026/09/23 23:22:17 [32m/Users/zhaoyuedong/Desktop/生鲜项目/fresh-b2b/fresh-shop/server/service/common/account.go:176
[0m[33m[0.335ms] [34;1m[rows:1][0m SELECT `user_account`.`id`,`user_account`.`created_at`,`user_account`.`updated_at`,`user_account`.`deleted_at`,`user_account`.`user_id`,`user_account`.`group_id`,`user_account`.`amount`,`user_account`.`freeze_amount`,`user_account`.`lock_amount`,`user_account`.`in_amount`,`user_account`.`out_amount`,`user_account`.`status`,`Group`.`id` AS `Group__id`,`Group`.`created_at` AS `Group__created_at`,`Group`.`updated_at` AS `Group__updated_at`,`Group`.`deleted_at` AS `Group__deleted_at`,`Group`.`name_en` AS `Group__name_en`,`Group`.`name_cn` AS `Group__name_cn`,`Group`.`places` AS `Group__places`,`Group`.`status` AS `Group__status`,`Group`.`sync` AS `Group__sync` FROM `user_account` LEFT JOIN `user_account_group` `Group` ON `user_account`.`group_id` = `Group`.`id` AND `Group`.`deleted_at` IS NULL WHERE (Group.status = 1 and user_id = 83) AND `user_account`.`deleted_at` IS NULL
[GIN] 2026/09/23 - 23:22:17 | 200 |    1.538083ms |       127.0.0.1 | POST     "/user/getUserList"

2026/09/23 23:22:17 [32m/Users/zhaoyuedong/Desktop/生鲜项目/fresh-b2b/fresh-shop/server/service/system/sys_dictionary.go:90
[0m[33m[0.486ms] [34;1m[rows:5][0m SELECT * FROM `sys_dictionary_details` WHERE `sys_dictionary_details`.`sys_dictionary_id` = 22 AND status = true AND `sys_dictionary_details`.`deleted_at` IS NULL

2026/09/23 23:22:17 [32m/Users/zhaoyuedong/Desktop/生鲜项目/fresh-b2b/fresh-shop/server/service/system/sys_dictionary.go:90
[0m[33m[2.301ms] [34;1m[rows:1][0m SELECT * FROM `sys_dictionaries` WHERE ((type = 'auditStatus' OR id = 0) and status = true) AND `sys_dictionaries`.`deleted_at` IS NULL ORDER BY `sys_dictionaries`.`id` LIMIT 1
[GIN] 2026/09/23 - 23:22:17 | 200 |    3.161541ms |       127.0.0.1 | GET      "/sysDictionary/findSysDictionary?type=auditStatus"

2026/09/23 23:22:34 [32m/Users/zhaoyuedong/Desktop/生鲜项目/fresh-b2b/fresh-shop/server/service/system/sys_user.go:292
[0m[33m[0.544ms] [34;1m[rows:1][0m DELETE FROM `sys_user_authority` WHERE sys_user_id = 83

2026/09/23 23:22:34 [32m/Users/zhaoyuedong/Desktop/生鲜项目/fresh-b2b/fresh-shop/server/service/system/sys_user.go:302
[0m[33m[0.252ms] [34;1m[rows:1][0m INSERT INTO `sys_user_authority` (`sys_user_id`,`sys_authority_authority_id`) VALUES (83,1000)

2026/09/23 23:22:34 [32m/Users/zhaoyuedong/Desktop/生鲜项目/fresh-b2b/fresh-shop/server/service/system/sys_user.go:306
[0m[33m[0.350ms] [34;1m[rows:1][0m SELECT * FROM `sys_users` WHERE id = 83 AND `sys_users`.`deleted_at` IS NULL ORDER BY `sys_users`.`id` LIMIT 1

2026/09/23 23:22:34 [32m/Users/zhaoyuedong/Desktop/生鲜项目/fresh-b2b/fresh-shop/server/service/system/sys_user.go:306
[0m[33m[0.392ms] [34;1m[rows:1][0m UPDATE `sys_users` SET `authority_id`=1000,`updated_at`='2026-09-23 23:22:34.818' WHERE id = 83 AND `sys_users`.`deleted_at` IS NULL AND `id` = 83 ORDER BY `sys_users`.`id` LIMIT 1

2026/09/23 23:22:34 [32m/Users/zhaoyuedong/Desktop/生鲜项目/fresh-b2b/fresh-shop/server/service/system/sys_operation_record.go:19
[0m[33m[0.876ms] [34;1m[rows:1][0m INSERT INTO `sys_operation_records` (`created_at`,`updated_at`,`deleted_at`,`ip`,`method`,`path`,`status`,`latency`,`agent`,`error_message`,`body`,`resp`,`user_id`) VALUES ('2026-09-23 23:22:34.822','2026-09-23 23:22:34.822',NULL,'127.0.0.1','POST','/user/setUserAuthorities',200,5832292,'Mozilla/5.0 (Macintosh; Intel Mac OS X 10_15_7) AppleWebKit/537.36 (KHTML, like Gecko) Chrome/151.0.0.0 Safari/537.36','','{"ID":83,"authorityIds":[1000]}','{"code":0,"data":{},"msg":"修改成功"}',1)
[GIN] 2026/09/23 - 23:22:34 | 200 |    7.346458ms |       127.0.0.1 | POST     "/user/setUserAuthorities"

2026/09/23 23:22:53 [32m/Users/zhaoyuedong/Desktop/生鲜项目/fresh-b2b/fresh-shop/server/service/system/sys_menu.go:30
[0m[33m[0.479ms] [34;1m[rows:25][0m SELECT * FROM `sys_authority_menus` WHERE sys_authority_authority_id = 999

2026/09/23 23:22:53 [32m/Users/zhaoyuedong/Desktop/生鲜项目/fresh-b2b/fresh-shop/server/service/system/sys_menu.go:41
[0m[33m[0.327ms] [34;1m[rows:2][0m SELECT * FROM `sys_base_menu_parameters` WHERE `sys_base_menu_parameters`.`sys_base_menu_id` IN (37,42,1,52,53,36,44,7,11,38,39,45,46,47,24) AND `sys_base_menu_parameters`.`deleted_at` IS NULL

2026/09/23 23:22:53 [32m/Users/zhaoyuedong/Desktop/生鲜项目/fresh-b2b/fresh-shop/server/service/system/sys_menu.go:41
[0m[33m[0.951ms] [34;1m[rows:15][0m SELECT * FROM `sys_base_menus` WHERE id in ('1','7','11','12','13','24','30','32','33','35','36','37','38','39','40','42','43','44','45','46','47','50','51','52','53') AND `sys_base_menus`.`deleted_at` IS NULL ORDER BY sort

2026/09/23 23:22:53 [32m/Users/zhaoyuedong/Desktop/生鲜项目/fresh-b2b/fresh-shop/server/service/system/sys_menu.go:55
[0m[33m[0.194ms] [34;1m[rows:0][0m SELECT * FROM `sys_authority_btns` WHERE authority_id = 999
[GIN] 2026/09/23 - 23:22:53 | 200 |    1.956208ms |       127.0.0.1 | POST     "/menu/getMenu"

2026/09/23 23:22:53 [32m/Users/zhaoyuedong/Desktop/生鲜项目/fresh-b2b/fresh-shop/server/service/system/sys_user.go:379
[0m[33m[0.203ms] [34;1m[rows:2][0m SELECT * FROM `sys_user_authority` WHERE `sys_user_authority`.`sys_user_id` = 1

2026/09/23 23:22:53 [32m/Users/zhaoyuedong/Desktop/生鲜项目/fresh-b2b/fresh-shop/server/service/system/sys_user.go:379
[0m[33m[0.254ms] [34;1m[rows:2][0m SELECT * FROM `sys_authorities` WHERE `sys_authorities`.`authority_id` IN (888,999)

2026/09/23 23:22:53 [32m/Users/zhaoyuedong/Desktop/生鲜项目/fresh-b2b/fresh-shop/server/service/system/sys_user.go:379
[0m[33m[0.246ms] [34;1m[rows:1][0m SELECT * FROM `sys_authorities` WHERE `sys_authorities`.`authority_id` = 999

2026/09/23 23:22:53 [32m/Users/zhaoyuedong/Desktop/生鲜项目/fresh-b2b/fresh-shop/server/service/system/sys_user.go:379
[0m[33m[1.723ms] [34;1m[rows:1][0m SELECT * FROM `sys_users` WHERE uuid = 'f0f71391-6d0e-418c-a601-af3dde923073' AND `sys_users`.`deleted_at` IS NULL ORDER BY `sys_users`.`id` LIMIT 1

2026/09/23 23:22:53 [32m/Users/zhaoyuedong/Desktop/生鲜项目/fresh-b2b/fresh-shop/server/service/system/sys_menu.go:227
[0m[33m[0.269ms] [34;1m[rows:25][0m SELECT `sys_base_menu_id` FROM `sys_authority_menus` WHERE sys_authority_authority_id = 999

2026/09/23 23:22:53 [32m/Users/zhaoyuedong/Desktop/生鲜项目/fresh-b2b/fresh-shop/server/service/system/sys_menu.go:232
[0m[33m[0.475ms] [34;1m[rows:1][0m SELECT * FROM `sys_base_menus` WHERE (name = 'dashboard' and id in ('1','7','11','12','13','24','30','32','33','35','36','37','38','39','40','42','43','44','45','46','47','50','51','52','53')) AND `sys_base_menus`.`deleted_at` IS NULL ORDER BY `sys_base_menus`.`id` LIMIT 1

2026/09/23 23:22:53 [32m/Users/zhaoyuedong/Desktop/生鲜项目/fresh-b2b/fresh-shop/server/service/common/account.go:161
[0m[33m[0.207ms] [34;1m[rows:1][0m SELECT * FROM `user_account_group` WHERE `user_account_group`.`id` = 2 AND `user_account_group`.`deleted_at` IS NULL

2026/09/23 23:22:53 [32m/Users/zhaoyuedong/Desktop/生鲜项目/fresh-b2b/fresh-shop/server/service/common/account.go:161
[0m[33m[0.622ms] [34;1m[rows:1][0m SELECT * FROM `user_account` WHERE (user_id = 1 and group_id = 2) AND `user_account`.`deleted_at` IS NULL ORDER BY `user_account`.`id` LIMIT 1
[GIN] 2026/09/23 - 23:22:53 | 200 |    3.483625ms |       127.0.0.1 | GET      "/user/getUserInfo"

2026/09/23 23:22:53 [32m/Users/zhaoyuedong/Desktop/生鲜项目/fresh-b2b/fresh-shop/server/service/system/sys_user.go:248
[0m[33m[0.507ms] [34;1m[rows:1][0m SELECT count(*) FROM `sys_users` WHERE id != 1 AND `sys_users`.`deleted_at` IS NULL

2026/09/23 23:22:53 [32m/Users/zhaoyuedong/Desktop/生鲜项目/fresh-b2b/fresh-shop/server/service/system/sys_authority.go:162
[0m[33m[0.595ms] [34;1m[rows:1][0m SELECT count(*) FROM `sys_authorities` WHERE authority_id not in (888, 999) AND parent_id = '0'

2026/09/23 23:22:53 [32m/Users/zhaoyuedong/Desktop/生鲜项目/fresh-b2b/fresh-shop/server/service/system/sys_user.go:265
[0m[33m[0.210ms] [34;1m[rows:1][0m SELECT * FROM `sys_user_authority` WHERE `sys_user_authority`.`sys_user_id` = 83

2026/09/23 23:22:53 [32m/Users/zhaoyuedong/Desktop/生鲜项目/fresh-b2b/fresh-shop/server/service/system/sys_authority.go:166
[0m[33m[0.186ms] [34;1m[rows:0][0m SELECT * FROM `sys_data_authority_id` WHERE `sys_data_authority_id`.`sys_authority_authority_id` IN (1000,1001)

2026/09/23 23:22:53 [32m/Users/zhaoyuedong/Desktop/生鲜项目/fresh-b2b/fresh-shop/server/service/system/sys_authority.go:166
[0m[33m[0.577ms] [34;1m[rows:2][0m SELECT * FROM `sys_authorities` WHERE authority_id not in (888, 999) AND parent_id = '0' AND parent_id = '0' LIMIT 999

2026/09/23 23:22:53 [32m/Users/zhaoyuedong/Desktop/生鲜项目/fresh-b2b/fresh-shop/server/service/system/sys_authority.go:217
[0m[33m[0.155ms] [34;1m[rows:0][0m SELECT * FROM `sys_authorities` WHERE parent_id = 1000

2026/09/23 23:22:53 [32m/Users/zhaoyuedong/Desktop/生鲜项目/fresh-b2b/fresh-shop/server/service/system/sys_user.go:265
[0m[33m[0.193ms] [34;1m[rows:1][0m SELECT * FROM `sys_authorities` WHERE `sys_authorities`.`authority_id` = 1000

2026/09/23 23:22:53 [32m/Users/zhaoyuedong/Desktop/生鲜项目/fresh-b2b/fresh-shop/server/service/system/sys_authority.go:217
[0m[33m[0.169ms] [34;1m[rows:0][0m SELECT * FROM `sys_authorities` WHERE parent_id = 1001
[GIN] 2026/09/23 - 23:22:53 | 200 |    1.737541ms |       127.0.0.1 | POST     "/authority/getAuthorityList"

2026/09/23 23:22:53 [32m/Users/zhaoyuedong/Desktop/生鲜项目/fresh-b2b/fresh-shop/server/service/system/sys_user.go:265
[0m[33m[0.167ms] [34;1m[rows:1][0m SELECT * FROM `sys_authorities` WHERE `sys_authorities`.`authority_id` = 1000

2026/09/23 23:22:53 [32m/Users/zhaoyuedong/Desktop/生鲜项目/fresh-b2b/fresh-shop/server/service/system/sys_user.go:265
[0m[33m[1.148ms] [34;1m[rows:1][0m SELECT * FROM `sys_users` WHERE id != 1 AND `sys_users`.`deleted_at` IS NULL LIMIT 10

2026/09/23 23:22:53 [32m/Users/zhaoyuedong/Desktop/生鲜项目/fresh-b2b/fresh-shop/server/service/common/account.go:176
[0m[33m[0.673ms] [34;1m[rows:1][0m SELECT `user_account`.`id`,`user_account`.`created_at`,`user_account`.`updated_at`,`user_account`.`deleted_at`,`user_account`.`user_id`,`user_account`.`group_id`,`user_account`.`amount`,`user_account`.`freeze_amount`,`user_account`.`lock_amount`,`user_account`.`in_amount`,`user_account`.`out_amount`,`user_account`.`status`,`Group`.`id` AS `Group__id`,`Group`.`created_at` AS `Group__created_at`,`Group`.`updated_at` AS `Group__updated_at`,`Group`.`deleted_at` AS `Group__deleted_at`,`Group`.`name_en` AS `Group__name_en`,`Group`.`name_cn` AS `Group__name_cn`,`Group`.`places` AS `Group__places`,`Group`.`status` AS `Group__status`,`Group`.`sync` AS `Group__sync` FROM `user_account` LEFT JOIN `user_account_group` `Group` ON `user_account`.`group_id` = `Group`.`id` AND `Group`.`deleted_at` IS NULL WHERE (Group.status = 1 and user_id = 83) AND `user_account`.`deleted_at` IS NULL
[GIN] 2026/09/23 - 23:22:53 | 200 |    2.676459ms |       127.0.0.1 | POST     "/user/getUserList"

2026/09/23 23:22:53 [32m/Users/zhaoyuedong/Desktop/生鲜项目/fresh-b2b/fresh-shop/server/service/system/sys_dictionary.go:90
[0m[33m[0.448ms] [34;1m[rows:5][0m SELECT * FROM `sys_dictionary_details` WHERE `sys_dictionary_details`.`sys_dictionary_id` = 22 AND status = true AND `sys_dictionary_details`.`deleted_at` IS NULL

2026/09/23 23:22:53 [32m/Users/zhaoyuedong/Desktop/生鲜项目/fresh-b2b/fresh-shop/server/service/system/sys_dictionary.go:90
[0m[33m[1.350ms] [34;1m[rows:1][0m SELECT * FROM `sys_dictionaries` WHERE ((type = 'auditStatus' OR id = 0) and status = true) AND `sys_dictionaries`.`deleted_at` IS NULL ORDER BY `sys_dictionaries`.`id` LIMIT 1
[GIN] 2026/09/23 - 23:22:53 | 200 |    1.539792ms |       127.0.0.1 | GET      "/sysDictionary/findSysDictionary?type=auditStatus"

2026/09/23 23:22:56 [32m/Users/zhaoyuedong/Desktop/生鲜项目/fresh-b2b/fresh-shop/server/service/system/sys_user.go:292
[0m[33m[0.544ms] [34;1m[rows:0][0m DELETE FROM `sys_user_authority` WHERE sys_user_id = 0

2026/09/23 23:22:56 [32m/Users/zhaoyuedong/Desktop/生鲜项目/fresh-b2b/fresh-shop/server/service/system/sys_user.go:302
[0m[33m[0.842ms] [34;1m[rows:1][0m INSERT INTO `sys_user_authority` (`sys_user_id`,`sys_authority_authority_id`) VALUES (0,1001)

2026/09/23 23:22:56 [31;1m/Users/zhaoyuedong/Desktop/生鲜项目/fresh-b2b/fresh-shop/server/service/system/sys_user.go:306 [35;1mrecord not found
[0m[33m[0.815ms] [34;1m[rows:0][0m SELECT * FROM `sys_users` WHERE id = 0 AND `sys_users`.`deleted_at` IS NULL ORDER BY `sys_users`.`id` LIMIT 1
[fresh_shop/server]2026/09/23 - 23:22:56.451	[31merror[0m	/Users/zhaoyuedong/Desktop/生鲜项目/fresh-b2b/fresh-shop/server/api/v1/system/sys_user.go:478	设置客户类型失败!	{"error": "record not found"}

2026/09/23 23:22:56 [32m/Users/zhaoyuedong/Desktop/生鲜项目/fresh-b2b/fresh-shop/server/service/system/sys_operation_record.go:19
[0m[33m[1.596ms] [34;1m[rows:1][0m INSERT INTO `sys_operation_records` (`created_at`,`updated_at`,`deleted_at`,`ip`,`method`,`path`,`status`,`latency`,`agent`,`error_message`,`body`,`resp`,`user_id`) VALUES ('2026-09-23 23:22:56.453','2026-09-23 23:22:56.453',NULL,'192.168.3.51','PUT','/user/setSelfInfo',200,4087333,'Mozilla/5.0 (iPhone; CPU iPhone OS 15_0 like Mac OS X) AppleWebKit/605.1.15 (KHTML, like Gecko) Version/15.0 Mobile/15E148 Safari/604.1 wechatdevtools/2.02.2608070 MicroMessenger/8.0.5 Language/zh_CN webview/ hash/755040093 sid/s0 winId/s0 token/4f3d79fc8792505295cfa9de359a8915','','{"AuthorityIds":[1001],"originContactName":"赵玥栋","originCustomerName":"飞黄腾达公司","auditStatus":2}','{"code":7,"data":{},"msg":"修改客户类型失败"}',0)
[GIN] 2026/09/23 - 23:22:56 | 200 |     6.20825ms |    192.168.3.51 | PUT      "/user/setSelfInfo"
[GIN] 2026/09/23 - 23:24:00 | 200 |      99.666µs |    192.168.3.51 | GET      "/user/getAuditStatus"

2026/09/23 23:24:00 [32m/Users/zhaoyuedong/Desktop/生鲜项目/fresh-b2b/fresh-shop/server/service/business/banner.go:60
[0m[33m[0.498ms] [34;1m[rows:1][0m SELECT count(*) FROM `shop_banner` WHERE `shop_banner`.`deleted_at` IS NULL

2026/09/23 23:24:00 [32m/Users/zhaoyuedong/Desktop/生鲜项目/fresh-b2b/fresh-shop/server/service/shop/category.go:63
[0m[33m[0.327ms] [34;1m[rows:1][0m SELECT count(*) FROM `shop_category` WHERE is_first = 1 AND `shop_category`.`deleted_at` IS NULL

2026/09/23 23:24:00 [32m/Users/zhaoyuedong/Desktop/生鲜项目/fresh-b2b/fresh-shop/server/service/business/banner.go:65
[0m[33m[0.199ms] [34;1m[rows:5][0m SELECT * FROM `shop_banner` WHERE `shop_banner`.`deleted_at` IS NULL ORDER BY sort asc 
[GIN] 2026/09/23 - 23:24:00 | 200 |     827.167µs |    192.168.3.51 | GET      "/banner/getBannerList"

2026/09/23 23:24:00 [32m/Users/zhaoyuedong/Desktop/生鲜项目/fresh-b2b/fresh-shop/server/service/shop/category.go:68
[0m[33m[0.341ms] [34;1m[rows:0][0m SELECT * FROM `shop_brand_category` WHERE `shop_brand_category`.`category_id` IN (37,38)

2026/09/23 23:24:00 [32m/Users/zhaoyuedong/Desktop/生鲜项目/fresh-b2b/fresh-shop/server/service/shop/category.go:68
[0m[33m[0.640ms] [34;1m[rows:2][0m SELECT * FROM `shop_category` WHERE is_first = 1 AND `shop_category`.`deleted_at` IS NULL ORDER BY sort asc LIMIT 4
[GIN] 2026/09/23 - 23:24:00 | 200 |    1.063666ms |    192.168.3.51 | GET      "/category/getCategoryList?page=1&pageSize=4&isFirst=1"

2026/09/23 23:24:00 [32m/Users/zhaoyuedong/Desktop/生鲜项目/fresh-b2b/fresh-shop/server/service/shop/goods.go:1267
[0m[33m[0.688ms] [34;1m[rows:1][0m SELECT count(*) FROM `shop_goods` WHERE goods_area = 0 AND status = 1 AND is_hot = 1 AND `shop_goods`.`deleted_at` IS NULL

2026/09/23 23:24:00 [32m/Users/zhaoyuedong/Desktop/生鲜项目/fresh-b2b/fresh-shop/server/service/shop/goods.go:1267
[0m[33m[0.584ms] [34;1m[rows:1][0m SELECT count(*) FROM `shop_goods` WHERE goods_area = 0 AND status = 1 AND is_new = 1 AND `shop_goods`.`deleted_at` IS NULL

2026/09/23 23:24:00 [31;1m/Users/zhaoyuedong/Desktop/生鲜项目/fresh-b2b/fresh-shop/server/service/system/sys_user.go:379 [35;1mrecord not found
[0m[33m[0.310ms] [34;1m[rows:0][0m SELECT * FROM `sys_users` WHERE uuid = 'ef0de453-9ebd-4c14-ad88-eb078770252e' AND `sys_users`.`deleted_at` IS NULL ORDER BY `sys_users`.`id` LIMIT 1
[fresh_shop/server]2026/09/23 - 23:24:00.251	[31merror[0m	/Users/zhaoyuedong/Desktop/生鲜项目/fresh-b2b/fresh-shop/server/api/v1/system/sys_user.go:540	获取失败!	{"error": "record not found"}
[GIN] 2026/09/23 - 23:24:00 | 200 |     569.417µs |    192.168.3.51 | GET      "/user/getUserInfo"

2026/09/23 23:24:00 [32m/Users/zhaoyuedong/Desktop/生鲜项目/fresh-b2b/fresh-shop/server/service/shop/goods.go:1272
[0m[33m[0.346ms] [34;1m[rows:2][0m SELECT * FROM `shop_brand` WHERE `shop_brand`.`id` IN (2,0,1) AND `shop_brand`.`deleted_at` IS NULL

2026/09/23 23:24:00 [32m/Users/zhaoyuedong/Desktop/生鲜项目/fresh-b2b/fresh-shop/server/service/shop/goods.go:1272
[0m[33m[0.330ms] [34;1m[rows:1][0m SELECT * FROM `shop_category` WHERE `shop_category`.`id` = 38 AND `shop_category`.`deleted_at` IS NULL

2026/09/23 23:24:00 [32m/Users/zhaoyuedong/Desktop/生鲜项目/fresh-b2b/fresh-shop/server/service/shop/goods.go:1272
[0m[33m[0.461ms] [34;1m[rows:2][0m SELECT * FROM `shop_brand` WHERE `shop_brand`.`id` IN (2,0,1) AND `shop_brand`.`deleted_at` IS NULL

2026/09/23 23:24:00 [32m/Users/zhaoyuedong/Desktop/生鲜项目/fresh-b2b/fresh-shop/server/service/shop/goods.go:1272
[0m[33m[0.385ms] [34;1m[rows:1][0m SELECT * FROM `shop_category` WHERE `shop_category`.`id` = 38 AND `shop_category`.`deleted_at` IS NULL

2026/09/23 23:24:00 [32m/Users/zhaoyuedong/Desktop/生鲜项目/fresh-b2b/fresh-shop/server/service/shop/goods.go:1272
[0m[33m[0.858ms] [34;1m[rows:12][0m SELECT * FROM `shop_goods_description` WHERE `shop_goods_description`.`goods_id` IN (725,713,712,711,710,674,672,671,670,669,665,664) AND `shop_goods_description`.`deleted_at` IS NULL

2026/09/23 23:24:00 [32m/Users/zhaoyuedong/Desktop/生鲜项目/fresh-b2b/fresh-shop/server/service/shop/goods.go:1272
[0m[33m[0.713ms] [34;1m[rows:12][0m SELECT * FROM `shop_goods_description` WHERE `shop_goods_description`.`goods_id` IN (725,713,712,711,710,674,672,671,670,669,665,664) AND `shop_goods_description`.`deleted_at` IS NULL

2026/09/23 23:24:00 [32m/Users/zhaoyuedong/Desktop/生鲜项目/fresh-b2b/fresh-shop/server/service/shop/order.go:418
[0m[33m[0.973ms] [34;1m[rows:1][0m SELECT COUNT(CASE WHEN status = 0 and status_cancel = 0 THEN 1 ELSE null END ) as unpaid,COUNT(CASE WHEN status = 1 and status_cancel = 0 and status_refund = 0 THEN 1 ELSE null END ) as delivered,COUNT(CASE WHEN status = 2 and status_cancel = 0 and status_refund = 0 THEN 1 ELSE null END ) as shipped,COUNT(CASE WHEN status = 3 and status_cancel = 0 and status_refund = 0 THEN 1 ELSE null END) as success FROM `shop_order` WHERE user_id = 0 AND deleted_at is null

2026/09/23 23:24:00 [32m/Users/zhaoyuedong/Desktop/生鲜项目/fresh-b2b/fresh-shop/server/service/shop/goods.go:1272
[0m[33m[2.007ms] [34;1m[rows:17][0m SELECT * FROM `shop_goods_image` WHERE `shop_goods_image`.`goods_id` IN (725,713,712,711,710,674,672,671,670,669,665,664) AND `shop_goods_image`.`deleted_at` IS NULL

2026/09/23 23:24:00 [32m/Users/zhaoyuedong/Desktop/生鲜项目/fresh-b2b/fresh-shop/server/service/shop/goods.go:1272
[0m[33m[5.308ms] [34;1m[rows:12][0m SELECT * FROM `shop_goods` WHERE goods_area = 0 AND status = 1 AND is_hot = 1 AND `shop_goods`.`deleted_at` IS NULL ORDER BY sort asc, created_at desc,sort asc LIMIT 12
[GIN] 2026/09/23 - 23:24:00 | 200 |       6.358ms |    192.168.3.51 | GET      "/goods/getGoodsList?goodsArea=0&isHot=1&page=1&pageSize=12&status=1"

2026/09/23 23:24:00 [32m/Users/zhaoyuedong/Desktop/生鲜项目/fresh-b2b/fresh-shop/server/service/shop/order.go:602
[0m[33m[2.095ms] [34;1m[rows:1][0m SELECT 
count(1) as month_total,
count(case settlement_type when 1 then 1 else null end) as month_unpaid,
count(case settlement_type when 2 then 1 else null end) as month_paid,
sum(total) as settlement_total,
sum(case settlement_type when 1 then total else 0 end) as settlement_unpaid,
sum(case settlement_type when 2 then total else 0 end) as settlement_paid
 FROM `shop_order` WHERE (goods_area = 0 and status > 0  and status_cancel = 0 and status_refund = 0 and settlement_type != 0) AND user_id = 0 AND (created_at BETWEEN '2026-08-01 00:00:00' AND '2026-08-31 23:59:59')
[GIN] 2026/09/23 - 23:24:00 | 200 |    4.833125ms |    192.168.3.51 | GET      "/order/findUserOrderStatus?settlementMonth=2026-08-23%2023%3A24%3A00"

2026/09/23 23:24:00 [32m/Users/zhaoyuedong/Desktop/生鲜项目/fresh-b2b/fresh-shop/server/service/shop/goods.go:1272
[0m[33m[2.622ms] [34;1m[rows:17][0m SELECT * FROM `shop_goods_image` WHERE `shop_goods_image`.`goods_id` IN (725,713,712,711,710,674,672,671,670,669,665,664) AND `shop_goods_image`.`deleted_at` IS NULL

2026/09/23 23:24:00 [32m/Users/zhaoyuedong/Desktop/生鲜项目/fresh-b2b/fresh-shop/server/service/shop/goods.go:1272
[0m[33m[6.040ms] [34;1m[rows:12][0m SELECT * FROM `shop_goods` WHERE goods_area = 0 AND status = 1 AND is_new = 1 AND `shop_goods`.`deleted_at` IS NULL ORDER BY sort asc, created_at desc,sort asc LIMIT 12
[GIN] 2026/09/23 - 23:24:00 | 200 |      6.9895ms |    192.168.3.51 | GET      "/goods/getGoodsList?goodsArea=0&isNew=1&page=1&pageSize=12&status=1"

2026/09/23 23:24:08 [31;1m/Users/zhaoyuedong/Desktop/生鲜项目/fresh-b2b/fresh-shop/server/service/system/sys_user.go:379 [35;1mrecord not found
[0m[33m[0.626ms] [34;1m[rows:0][0m SELECT * FROM `sys_users` WHERE uuid = 'ef0de453-9ebd-4c14-ad88-eb078770252e' AND `sys_users`.`deleted_at` IS NULL ORDER BY `sys_users`.`id` LIMIT 1
[fresh_shop/server]2026/09/23 - 23:24:08.288	[31merror[0m	/Users/zhaoyuedong/Desktop/生鲜项目/fresh-b2b/fresh-shop/server/api/v1/system/sys_user.go:540	获取失败!	{"error": "record not found"}
[GIN] 2026/09/23 - 23:24:08 | 200 |    1.349708ms |    192.168.3.51 | GET      "/user/getUserInfo"
[GIN] 2026/09/23 - 23:24:18 | 404 |         333ns |    192.168.3.51 | GET      "/business/bill/list?page=1&pageSize=20"
[GIN] 2026/09/23 - 23:24:22 | 200 |      73.041µs |    192.168.3.51 | GET      "/user/getAuditStatus"

2026/09/23 23:24:35 [32m/Users/zhaoyuedong/Desktop/生鲜项目/fresh-b2b/fresh-shop/server/service/system/sys_user.go:292
[0m[33m[0.727ms] [34;1m[rows:0][0m DELETE FROM `sys_user_authority` WHERE sys_user_id = 0

2026/09/23 23:24:35 [32m/Users/zhaoyuedong/Desktop/生鲜项目/fresh-b2b/fresh-shop/server/service/system/sys_user.go:302
[0m[33m[0.504ms] [34;1m[rows:1][0m INSERT INTO `sys_user_authority` (`sys_user_id`,`sys_authority_authority_id`) VALUES (0,1001)

2026/09/23 23:24:35 [31;1m/Users/zhaoyuedong/Desktop/生鲜项目/fresh-b2b/fresh-shop/server/service/system/sys_user.go:306 [35;1mrecord not found
[0m[33m[0.466ms] [34;1m[rows:0][0m SELECT * FROM `sys_users` WHERE id = 0 AND `sys_users`.`deleted_at` IS NULL ORDER BY `sys_users`.`id` LIMIT 1
[fresh_shop/server]2026/09/23 - 23:24:35.144	[31merror[0m	/Users/zhaoyuedong/Desktop/生鲜项目/fresh-b2b/fresh-shop/server/api/v1/system/sys_user.go:478	设置客户类型失败!	{"error": "record not found"}

2026/09/23 23:24:35 [32m/Users/zhaoyuedong/Desktop/生鲜项目/fresh-b2b/fresh-shop/server/service/system/sys_operation_record.go:19
[0m[33m[1.687ms] [34;1m[rows:1][0m INSERT INTO `sys_operation_records` (`created_at`,`updated_at`,`deleted_at`,`ip`,`method`,`path`,`status`,`latency`,`agent`,`error_message`,`body`,`resp`,`user_id`) VALUES ('2026-09-23 23:24:35.145','2026-09-23 23:24:35.145',NULL,'192.168.3.51','PUT','/user/setSelfInfo',200,4129709,'Mozilla/5.0 (iPhone; CPU iPhone OS 15_0 like Mac OS X) AppleWebKit/605.1.15 (KHTML, like Gecko) Version/15.0 Mobile/15E148 Safari/604.1 wechatdevtools/2.02.2608070 MicroMessenger/8.0.5 Language/zh_CN webview/ hash/755040093 sid/s0 winId/s0 token/4f3d79fc8792505295cfa9de359a8915','','{"AuthorityIds":[1001],"originContactName":"赵玥栋","originCustomerName":"飞黄腾达","auditStatus":2}','{"code":7,"data":{},"msg":"修改客户类型失败"}',0)
[GIN] 2026/09/23 - 23:24:35 | 200 |    6.300291ms |    192.168.3.51 | PUT      "/user/setSelfInfo"

2026/09/23 23:24:39 [32m/Users/zhaoyuedong/Desktop/生鲜项目/fresh-b2b/fresh-shop/server/service/system/sys_user.go:292
[0m[33m[0.509ms] [34;1m[rows:0][0m DELETE FROM `sys_user_authority` WHERE sys_user_id = 0

2026/09/23 23:24:39 [32m/Users/zhaoyuedong/Desktop/生鲜项目/fresh-b2b/fresh-shop/server/service/system/sys_user.go:302
[0m[33m[0.396ms] [34;1m[rows:1][0m INSERT INTO `sys_user_authority` (`sys_user_id`,`sys_authority_authority_id`) VALUES (0,1001)

2026/09/23 23:24:39 [31;1m/Users/zhaoyuedong/Desktop/生鲜项目/fresh-b2b/fresh-shop/server/service/system/sys_user.go:306 [35;1mrecord not found
[0m[33m[0.483ms] [34;1m[rows:0][0m SELECT * FROM `sys_users` WHERE id = 0 AND `sys_users`.`deleted_at` IS NULL ORDER BY `sys_users`.`id` LIMIT 1
[fresh_shop/server]2026/09/23 - 23:24:39.907	[31merror[0m	/Users/zhaoyuedong/Desktop/生鲜项目/fresh-b2b/fresh-shop/server/api/v1/system/sys_user.go:478	设置客户类型失败!	{"error": "record not found"}

2026/09/23 23:24:39 [32m/Users/zhaoyuedong/Desktop/生鲜项目/fresh-b2b/fresh-shop/server/service/system/sys_operation_record.go:19
[0m[33m[1.036ms] [34;1m[rows:1][0m INSERT INTO `sys_operation_records` (`created_at`,`updated_at`,`deleted_at`,`ip`,`method`,`path`,`status`,`latency`,`agent`,`error_message`,`body`,`resp`,`user_id`) VALUES ('2026-09-23 23:24:39.908','2026-09-23 23:24:39.908',NULL,'192.168.3.51','PUT','/user/setSelfInfo',200,2878791,'Mozilla/5.0 (iPhone; CPU iPhone OS 15_0 like Mac OS X) AppleWebKit/605.1.15 (KHTML, like Gecko) Version/15.0 Mobile/15E148 Safari/604.1 wechatdevtools/2.02.2608070 MicroMessenger/8.0.5 Language/zh_CN webview/ hash/755040093 sid/s0 winId/s0 token/4f3d79fc8792505295cfa9de359a8915','','{"AuthorityIds":[1001],"originContactName":"赵玥栋","originCustomerName":"飞黄腾达","auditStatus":2}','{"code":7,"data":{},"msg":"修改客户类型失败"}',0)
[GIN] 2026/09/23 - 23:24:39 | 200 |    4.194375ms |    192.168.3.51 | PUT      "/user/setSelfInfo"
[GIN] 2026/09/23 - 23:28:33 | 200 |      89.084µs |    192.168.3.51 | GET      "/user/getAuditStatus"

2026/09/23 23:28:33 [32m/Users/zhaoyuedong/Desktop/生鲜项目/fresh-b2b/fresh-shop/server/service/business/banner.go:60
[0m[33m[0.525ms] [34;1m[rows:1][0m SELECT count(*) FROM `shop_banner` WHERE `shop_banner`.`deleted_at` IS NULL

2026/09/23 23:28:33 [32m/Users/zhaoyuedong/Desktop/生鲜项目/fresh-b2b/fresh-shop/server/service/shop/category.go:63
[0m[33m[0.448ms] [34;1m[rows:1][0m SELECT count(*) FROM `shop_category` WHERE is_first = 1 AND `shop_category`.`deleted_at` IS NULL

2026/09/23 23:28:33 [32m/Users/zhaoyuedong/Desktop/生鲜项目/fresh-b2b/fresh-shop/server/service/business/banner.go:65
[0m[33m[0.257ms] [34;1m[rows:5][0m SELECT * FROM `shop_banner` WHERE `shop_banner`.`deleted_at` IS NULL ORDER BY sort asc 
[GIN] 2026/09/23 - 23:28:33 | 200 |     973.709µs |    192.168.3.51 | GET      "/banner/getBannerList"

2026/09/23 23:28:33 [32m/Users/zhaoyuedong/Desktop/生鲜项目/fresh-b2b/fresh-shop/server/service/shop/category.go:68
[0m[33m[0.257ms] [34;1m[rows:0][0m SELECT * FROM `shop_brand_category` WHERE `shop_brand_category`.`category_id` IN (37,38)

2026/09/23 23:28:33 [32m/Users/zhaoyuedong/Desktop/生鲜项目/fresh-b2b/fresh-shop/server/service/shop/category.go:68
[0m[33m[1.751ms] [34;1m[rows:2][0m SELECT * FROM `shop_category` WHERE is_first = 1 AND `shop_category`.`deleted_at` IS NULL ORDER BY sort asc LIMIT 4

2026/09/23 23:28:33 [32m/Users/zhaoyuedong/Desktop/生鲜项目/fresh-b2b/fresh-shop/server/service/shop/goods.go:1267
[0m[33m[0.568ms] [34;1m[rows:1][0m SELECT count(*) FROM `shop_goods` WHERE goods_area = 0 AND status = 1 AND is_hot = 1 AND `shop_goods`.`deleted_at` IS NULL
[GIN] 2026/09/23 - 23:28:33 | 200 |    2.333375ms |    192.168.3.51 | GET      "/category/getCategoryList?page=1&pageSize=4&isFirst=1"

2026/09/23 23:28:33 [32m/Users/zhaoyuedong/Desktop/生鲜项目/fresh-b2b/fresh-shop/server/service/shop/goods.go:1267
[0m[33m[0.466ms] [34;1m[rows:1][0m SELECT count(*) FROM `shop_goods` WHERE goods_area = 0 AND status = 1 AND is_new = 1 AND `shop_goods`.`deleted_at` IS NULL

2026/09/23 23:28:33 [31;1m/Users/zhaoyuedong/Desktop/生鲜项目/fresh-b2b/fresh-shop/server/service/system/sys_user.go:379 [35;1mrecord not found
[0m[33m[0.634ms] [34;1m[rows:0][0m SELECT * FROM `sys_users` WHERE uuid = 'ef0de453-9ebd-4c14-ad88-eb078770252e' AND `sys_users`.`deleted_at` IS NULL ORDER BY `sys_users`.`id` LIMIT 1
[fresh_shop/server]2026/09/23 - 23:28:33.365	[31merror[0m	/Users/zhaoyuedong/Desktop/生鲜项目/fresh-b2b/fresh-shop/server/api/v1/system/sys_user.go:540	获取失败!	{"error": "record not found"}
[GIN] 2026/09/23 - 23:28:33 | 200 |    1.043542ms |    192.168.3.51 | GET      "/user/getUserInfo"

2026/09/23 23:28:33 [32m/Users/zhaoyuedong/Desktop/生鲜项目/fresh-b2b/fresh-shop/server/service/shop/order.go:418
[0m[33m[0.627ms] [34;1m[rows:1][0m SELECT COUNT(CASE WHEN status = 0 and status_cancel = 0 THEN 1 ELSE null END ) as unpaid,COUNT(CASE WHEN status = 1 and status_cancel = 0 and status_refund = 0 THEN 1 ELSE null END ) as delivered,COUNT(CASE WHEN status = 2 and status_cancel = 0 and status_refund = 0 THEN 1 ELSE null END ) as shipped,COUNT(CASE WHEN status = 3 and status_cancel = 0 and status_refund = 0 THEN 1 ELSE null END) as success FROM `shop_order` WHERE user_id = 0 AND deleted_at is null

2026/09/23 23:28:33 [32m/Users/zhaoyuedong/Desktop/生鲜项目/fresh-b2b/fresh-shop/server/service/shop/goods.go:1272
[0m[33m[0.626ms] [34;1m[rows:2][0m SELECT * FROM `shop_brand` WHERE `shop_brand`.`id` IN (2,0,1) AND `shop_brand`.`deleted_at` IS NULL

2026/09/23 23:28:33 [32m/Users/zhaoyuedong/Desktop/生鲜项目/fresh-b2b/fresh-shop/server/service/shop/order.go:602
[0m[33m[0.642ms] [34;1m[rows:1][0m SELECT 
count(1) as month_total,
count(case settlement_type when 1 then 1 else null end) as month_unpaid,
count(case settlement_type when 2 then 1 else null end) as month_paid,
sum(total) as settlement_total,
sum(case settlement_type when 1 then total else 0 end) as settlement_unpaid,
sum(case settlement_type when 2 then total else 0 end) as settlement_paid
 FROM `shop_order` WHERE (goods_area = 0 and status > 0  and status_cancel = 0 and status_refund = 0 and settlement_type != 0) AND user_id = 0 AND (created_at BETWEEN '2026-08-01 00:00:00' AND '2026-08-31 23:59:59')

2026/09/23 23:28:33 [32m/Users/zhaoyuedong/Desktop/生鲜项目/fresh-b2b/fresh-shop/server/service/shop/goods.go:1272
[0m[33m[0.570ms] [34;1m[rows:2][0m SELECT * FROM `shop_brand` WHERE `shop_brand`.`id` IN (2,0,1) AND `shop_brand`.`deleted_at` IS NULL
[GIN] 2026/09/23 - 23:28:33 | 200 |    1.480292ms |    192.168.3.51 | GET      "/order/findUserOrderStatus?settlementMonth=2026-08-23%2023%3A28%3A33"

2026/09/23 23:28:33 [32m/Users/zhaoyuedong/Desktop/生鲜项目/fresh-b2b/fresh-shop/server/service/shop/goods.go:1272
[0m[33m[0.654ms] [34;1m[rows:1][0m SELECT * FROM `shop_category` WHERE `shop_category`.`id` = 38 AND `shop_category`.`deleted_at` IS NULL

2026/09/23 23:28:33 [32m/Users/zhaoyuedong/Desktop/生鲜项目/fresh-b2b/fresh-shop/server/service/shop/goods.go:1272
[0m[33m[0.949ms] [34;1m[rows:1][0m SELECT * FROM `shop_category` WHERE `shop_category`.`id` = 38 AND `shop_category`.`deleted_at` IS NULL

2026/09/23 23:28:33 [32m/Users/zhaoyuedong/Desktop/生鲜项目/fresh-b2b/fresh-shop/server/service/shop/goods.go:1272
[0m[33m[2.778ms] [34;1m[rows:12][0m SELECT * FROM `shop_goods_description` WHERE `shop_goods_description`.`goods_id` IN (725,713,712,711,710,674,672,671,670,669,665,664) AND `shop_goods_description`.`deleted_at` IS NULL

2026/09/23 23:28:33 [32m/Users/zhaoyuedong/Desktop/生鲜项目/fresh-b2b/fresh-shop/server/service/shop/goods.go:1272
[0m[33m[2.840ms] [34;1m[rows:12][0m SELECT * FROM `shop_goods_description` WHERE `shop_goods_description`.`goods_id` IN (725,713,712,711,710,674,672,671,670,669,665,664) AND `shop_goods_description`.`deleted_at` IS NULL

2026/09/23 23:28:33 [32m/Users/zhaoyuedong/Desktop/生鲜项目/fresh-b2b/fresh-shop/server/service/shop/goods.go:1272
[0m[33m[1.021ms] [34;1m[rows:17][0m SELECT * FROM `shop_goods_image` WHERE `shop_goods_image`.`goods_id` IN (725,713,712,711,710,674,672,671,670,669,665,664) AND `shop_goods_image`.`deleted_at` IS NULL

2026/09/23 23:28:33 [32m/Users/zhaoyuedong/Desktop/生鲜项目/fresh-b2b/fresh-shop/server/service/shop/goods.go:1272
[0m[33m[7.207ms] [34;1m[rows:12][0m SELECT * FROM `shop_goods` WHERE goods_area = 0 AND status = 1 AND is_new = 1 AND `shop_goods`.`deleted_at` IS NULL ORDER BY sort asc, created_at desc,sort asc LIMIT 12
[GIN] 2026/09/23 - 23:28:33 | 200 |     8.44325ms |    192.168.3.51 | GET      "/goods/getGoodsList?goodsArea=0&isNew=1&page=1&pageSize=12&status=1"

2026/09/23 23:28:33 [32m/Users/zhaoyuedong/Desktop/生鲜项目/fresh-b2b/fresh-shop/server/service/shop/goods.go:1272
[0m[33m[2.411ms] [34;1m[rows:17][0m SELECT * FROM `shop_goods_image` WHERE `shop_goods_image`.`goods_id` IN (725,713,712,711,710,674,672,671,670,669,665,664) AND `shop_goods_image`.`deleted_at` IS NULL

2026/09/23 23:28:33 [32m/Users/zhaoyuedong/Desktop/生鲜项目/fresh-b2b/fresh-shop/server/service/shop/goods.go:1272
[0m[33m[8.782ms] [34;1m[rows:12][0m SELECT * FROM `shop_goods` WHERE goods_area = 0 AND status = 1 AND is_hot = 1 AND `shop_goods`.`deleted_at` IS NULL ORDER BY sort asc, created_at desc,sort asc LIMIT 12
[GIN] 2026/09/23 - 23:28:33 | 200 |   10.957917ms |    192.168.3.51 | GET      "/goods/getGoodsList?goodsArea=0&isHot=1&page=1&pageSize=12&status=1"

2026/09/23 23:28:37 [31;1m/Users/zhaoyuedong/Desktop/生鲜项目/fresh-b2b/fresh-shop/server/service/system/sys_user.go:379 [35;1mrecord not found
[0m[33m[1.237ms] [34;1m[rows:0][0m SELECT * FROM `sys_users` WHERE uuid = 'ef0de453-9ebd-4c14-ad88-eb078770252e' AND `sys_users`.`deleted_at` IS NULL ORDER BY `sys_users`.`id` LIMIT 1
[fresh_shop/server]2026/09/23 - 23:28:37.943	[31merror[0m	/Users/zhaoyuedong/Desktop/生鲜项目/fresh-b2b/fresh-shop/server/api/v1/system/sys_user.go:540	获取失败!	{"error": "record not found"}
[GIN] 2026/09/23 - 23:28:37 | 200 |    1.540416ms |    192.168.3.51 | GET      "/user/getUserInfo"
[GIN] 2026/09/23 - 23:28:41 | 200 |      71.875µs |    192.168.3.51 | GET      "/user/getAuditStatus"

2026/09/23 23:28:51 [32m/Users/zhaoyuedong/Desktop/生鲜项目/fresh-b2b/fresh-shop/server/service/system/sys_user.go:292
[0m[33m[0.550ms] [34;1m[rows:0][0m DELETE FROM `sys_user_authority` WHERE sys_user_id = 0

2026/09/23 23:28:51 [32m/Users/zhaoyuedong/Desktop/生鲜项目/fresh-b2b/fresh-shop/server/service/system/sys_user.go:302
[0m[33m[0.460ms] [34;1m[rows:1][0m INSERT INTO `sys_user_authority` (`sys_user_id`,`sys_authority_authority_id`) VALUES (0,1001)

2026/09/23 23:28:51 [31;1m/Users/zhaoyuedong/Desktop/生鲜项目/fresh-b2b/fresh-shop/server/service/system/sys_user.go:306 [35;1mrecord not found
[0m[33m[0.420ms] [34;1m[rows:0][0m SELECT * FROM `sys_users` WHERE id = 0 AND `sys_users`.`deleted_at` IS NULL ORDER BY `sys_users`.`id` LIMIT 1
[fresh_shop/server]2026/09/23 - 23:28:51.439	[31merror[0m	/Users/zhaoyuedong/Desktop/生鲜项目/fresh-b2b/fresh-shop/server/api/v1/system/sys_user.go:478	设置客户类型失败!	{"error": "record not found"}

2026/09/23 23:28:51 [32m/Users/zhaoyuedong/Desktop/生鲜项目/fresh-b2b/fresh-shop/server/service/system/sys_operation_record.go:19
[0m[33m[2.462ms] [34;1m[rows:1][0m INSERT INTO `sys_operation_records` (`created_at`,`updated_at`,`deleted_at`,`ip`,`method`,`path`,`status`,`latency`,`agent`,`error_message`,`body`,`resp`,`user_id`) VALUES ('2026-09-23 23:28:51.44','2026-09-23 23:28:51.44',NULL,'192.168.3.51','PUT','/user/setSelfInfo',200,3121875,'Mozilla/5.0 (iPhone; CPU iPhone OS 15_0 like Mac OS X) AppleWebKit/605.1.15 (KHTML, like Gecko) Version/15.0 Mobile/15E148 Safari/604.1 wechatdevtools/2.02.2608070 MicroMessenger/8.0.5 Language/zh_CN webview/ hash/755040093 sid/s0 winId/s0 token/4f3d79fc8792505295cfa9de359a8915','','{"AuthorityIds":[1001],"originContactName":"赵玥栋","originCustomerName":"辉煌腾达","auditStatus":2}','{"code":7,"data":{},"msg":"修改客户类型失败"}',0)
[GIN] 2026/09/23 - 23:28:51 | 200 |    5.901083ms |    192.168.3.51 | PUT      "/user/setSelfInfo"

2026/09/23 23:30:43 [32m/Users/zhaoyuedong/Desktop/生鲜项目/fresh-b2b/fresh-shop/server/service/system/sys_menu.go:30
[0m[33m[0.945ms] [34;1m[rows:25][0m SELECT * FROM `sys_authority_menus` WHERE sys_authority_authority_id = 999

2026/09/23 23:30:43 [32m/Users/zhaoyuedong/Desktop/生鲜项目/fresh-b2b/fresh-shop/server/service/system/sys_menu.go:41
[0m[33m[0.346ms] [34;1m[rows:2][0m SELECT * FROM `sys_base_menu_parameters` WHERE `sys_base_menu_parameters`.`sys_base_menu_id` IN (37,42,1,52,53,36,44,7,11,38,39,45,46,47,24) AND `sys_base_menu_parameters`.`deleted_at` IS NULL

2026/09/23 23:30:43 [32m/Users/zhaoyuedong/Desktop/生鲜项目/fresh-b2b/fresh-shop/server/service/system/sys_menu.go:41
[0m[33m[1.492ms] [34;1m[rows:15][0m SELECT * FROM `sys_base_menus` WHERE id in ('1','7','11','12','13','24','30','32','33','35','36','37','38','39','40','42','43','44','45','46','47','50','51','52','53') AND `sys_base_menus`.`deleted_at` IS NULL ORDER BY sort

2026/09/23 23:30:43 [32m/Users/zhaoyuedong/Desktop/生鲜项目/fresh-b2b/fresh-shop/server/service/system/sys_menu.go:55
[0m[33m[0.375ms] [34;1m[rows:0][0m SELECT * FROM `sys_authority_btns` WHERE authority_id = 999
[GIN] 2026/09/23 - 23:30:43 | 200 |    3.343208ms |       127.0.0.1 | POST     "/menu/getMenu"

2026/09/23 23:30:43 [32m/Users/zhaoyuedong/Desktop/生鲜项目/fresh-b2b/fresh-shop/server/service/system/sys_user.go:379
[0m[33m[0.203ms] [34;1m[rows:2][0m SELECT * FROM `sys_user_authority` WHERE `sys_user_authority`.`sys_user_id` = 1

2026/09/23 23:30:43 [32m/Users/zhaoyuedong/Desktop/生鲜项目/fresh-b2b/fresh-shop/server/service/system/sys_user.go:379
[0m[33m[0.302ms] [34;1m[rows:2][0m SELECT * FROM `sys_authorities` WHERE `sys_authorities`.`authority_id` IN (888,999)

2026/09/23 23:30:43 [32m/Users/zhaoyuedong/Desktop/生鲜项目/fresh-b2b/fresh-shop/server/service/system/sys_user.go:379
[0m[33m[0.155ms] [34;1m[rows:1][0m SELECT * FROM `sys_authorities` WHERE `sys_authorities`.`authority_id` = 999

2026/09/23 23:30:43 [32m/Users/zhaoyuedong/Desktop/生鲜项目/fresh-b2b/fresh-shop/server/service/system/sys_user.go:379
[0m[33m[1.326ms] [34;1m[rows:1][0m SELECT * FROM `sys_users` WHERE uuid = 'f0f71391-6d0e-418c-a601-af3dde923073' AND `sys_users`.`deleted_at` IS NULL ORDER BY `sys_users`.`id` LIMIT 1

2026/09/23 23:30:43 [32m/Users/zhaoyuedong/Desktop/生鲜项目/fresh-b2b/fresh-shop/server/service/system/sys_menu.go:227
[0m[33m[0.162ms] [34;1m[rows:25][0m SELECT `sys_base_menu_id` FROM `sys_authority_menus` WHERE sys_authority_authority_id = 999

2026/09/23 23:30:43 [32m/Users/zhaoyuedong/Desktop/生鲜项目/fresh-b2b/fresh-shop/server/service/system/sys_menu.go:232
[0m[33m[0.329ms] [34;1m[rows:1][0m SELECT * FROM `sys_base_menus` WHERE (name = 'dashboard' and id in ('1','7','11','12','13','24','30','32','33','35','36','37','38','39','40','42','43','44','45','46','47','50','51','52','53')) AND `sys_base_menus`.`deleted_at` IS NULL ORDER BY `sys_base_menus`.`id` LIMIT 1

2026/09/23 23:30:43 [32m/Users/zhaoyuedong/Desktop/生鲜项目/fresh-b2b/fresh-shop/server/service/common/account.go:161
[0m[33m[0.224ms] [34;1m[rows:1][0m SELECT * FROM `user_account_group` WHERE `user_account_group`.`id` = 2 AND `user_account_group`.`deleted_at` IS NULL

2026/09/23 23:30:43 [32m/Users/zhaoyuedong/Desktop/生鲜项目/fresh-b2b/fresh-shop/server/service/common/account.go:161
[0m[33m[0.601ms] [34;1m[rows:1][0m SELECT * FROM `user_account` WHERE (user_id = 1 and group_id = 2) AND `user_account`.`deleted_at` IS NULL ORDER BY `user_account`.`id` LIMIT 1
[GIN] 2026/09/23 - 23:30:43 | 200 |    2.669375ms |       127.0.0.1 | GET      "/user/getUserInfo"

2026/09/23 23:30:43 [32m/Users/zhaoyuedong/Desktop/生鲜项目/fresh-b2b/fresh-shop/server/service/system/sys_user.go:248
[0m[33m[0.336ms] [34;1m[rows:1][0m SELECT count(*) FROM `sys_users` WHERE id != 1 AND `sys_users`.`deleted_at` IS NULL

2026/09/23 23:30:43 [32m/Users/zhaoyuedong/Desktop/生鲜项目/fresh-b2b/fresh-shop/server/service/system/sys_authority.go:162
[0m[33m[0.456ms] [34;1m[rows:1][0m SELECT count(*) FROM `sys_authorities` WHERE authority_id not in (888, 999) AND parent_id = '0'

2026/09/23 23:30:43 [32m/Users/zhaoyuedong/Desktop/生鲜项目/fresh-b2b/fresh-shop/server/service/system/sys_user.go:265
[0m[33m[0.271ms] [34;1m[rows:1][0m SELECT * FROM `sys_user_authority` WHERE `sys_user_authority`.`sys_user_id` = 83

2026/09/23 23:30:43 [32m/Users/zhaoyuedong/Desktop/生鲜项目/fresh-b2b/fresh-shop/server/service/system/sys_authority.go:166
[0m[33m[0.282ms] [34;1m[rows:0][0m SELECT * FROM `sys_data_authority_id` WHERE `sys_data_authority_id`.`sys_authority_authority_id` IN (1000,1001)

2026/09/23 23:30:43 [32m/Users/zhaoyuedong/Desktop/生鲜项目/fresh-b2b/fresh-shop/server/service/system/sys_authority.go:166
[0m[33m[0.735ms] [34;1m[rows:2][0m SELECT * FROM `sys_authorities` WHERE authority_id not in (888, 999) AND parent_id = '0' AND parent_id = '0' LIMIT 999

2026/09/23 23:30:43 [32m/Users/zhaoyuedong/Desktop/生鲜项目/fresh-b2b/fresh-shop/server/service/system/sys_user.go:265
[0m[33m[0.271ms] [34;1m[rows:1][0m SELECT * FROM `sys_authorities` WHERE `sys_authorities`.`authority_id` = 1001

2026/09/23 23:30:43 [32m/Users/zhaoyuedong/Desktop/生鲜项目/fresh-b2b/fresh-shop/server/service/system/sys_authority.go:217
[0m[33m[0.240ms] [34;1m[rows:0][0m SELECT * FROM `sys_authorities` WHERE parent_id = 1000

2026/09/23 23:30:43 [32m/Users/zhaoyuedong/Desktop/生鲜项目/fresh-b2b/fresh-shop/server/service/system/sys_user.go:265
[0m[33m[0.270ms] [34;1m[rows:1][0m SELECT * FROM `sys_authorities` WHERE `sys_authorities`.`authority_id` = 1001

2026/09/23 23:30:43 [32m/Users/zhaoyuedong/Desktop/生鲜项目/fresh-b2b/fresh-shop/server/service/system/sys_user.go:265
[0m[33m[1.252ms] [34;1m[rows:1][0m SELECT * FROM `sys_users` WHERE id != 1 AND `sys_users`.`deleted_at` IS NULL LIMIT 10

2026/09/23 23:30:43 [32m/Users/zhaoyuedong/Desktop/生鲜项目/fresh-b2b/fresh-shop/server/service/system/sys_authority.go:217
[0m[33m[0.250ms] [34;1m[rows:0][0m SELECT * FROM `sys_authorities` WHERE parent_id = 1001
[GIN] 2026/09/23 - 23:30:43 | 200 |    1.927375ms |       127.0.0.1 | POST     "/authority/getAuthorityList"

2026/09/23 23:30:43 [32m/Users/zhaoyuedong/Desktop/生鲜项目/fresh-b2b/fresh-shop/server/service/common/account.go:176
[0m[33m[0.504ms] [34;1m[rows:1][0m SELECT `user_account`.`id`,`user_account`.`created_at`,`user_account`.`updated_at`,`user_account`.`deleted_at`,`user_account`.`user_id`,`user_account`.`group_id`,`user_account`.`amount`,`user_account`.`freeze_amount`,`user_account`.`lock_amount`,`user_account`.`in_amount`,`user_account`.`out_amount`,`user_account`.`status`,`Group`.`id` AS `Group__id`,`Group`.`created_at` AS `Group__created_at`,`Group`.`updated_at` AS `Group__updated_at`,`Group`.`deleted_at` AS `Group__deleted_at`,`Group`.`name_en` AS `Group__name_en`,`Group`.`name_cn` AS `Group__name_cn`,`Group`.`places` AS `Group__places`,`Group`.`status` AS `Group__status`,`Group`.`sync` AS `Group__sync` FROM `user_account` LEFT JOIN `user_account_group` `Group` ON `user_account`.`group_id` = `Group`.`id` AND `Group`.`deleted_at` IS NULL WHERE (Group.status = 1 and user_id = 83) AND `user_account`.`deleted_at` IS NULL
[GIN] 2026/09/23 - 23:30:43 | 200 |    2.361792ms |       127.0.0.1 | POST     "/user/getUserList"

2026/09/23 23:30:43 [32m/Users/zhaoyuedong/Desktop/生鲜项目/fresh-b2b/fresh-shop/server/service/system/sys_dictionary.go:90
[0m[33m[0.866ms] [34;1m[rows:5][0m SELECT * FROM `sys_dictionary_details` WHERE `sys_dictionary_details`.`sys_dictionary_id` = 22 AND status = true AND `sys_dictionary_details`.`deleted_at` IS NULL

2026/09/23 23:30:43 [32m/Users/zhaoyuedong/Desktop/生鲜项目/fresh-b2b/fresh-shop/server/service/system/sys_dictionary.go:90
[0m[33m[1.736ms] [34;1m[rows:1][0m SELECT * FROM `sys_dictionaries` WHERE ((type = 'auditStatus' OR id = 0) and status = true) AND `sys_dictionaries`.`deleted_at` IS NULL ORDER BY `sys_dictionaries`.`id` LIMIT 1
[GIN] 2026/09/23 - 23:30:43 | 200 |    1.979417ms |       127.0.0.1 | GET      "/sysDictionary/findSysDictionary?type=auditStatus"

2026/09/23 23:31:26 [32m/Users/zhaoyuedong/Desktop/生鲜项目/fresh-b2b/fresh-shop/server/service/system/sys_menu.go:30
[0m[33m[0.556ms] [34;1m[rows:25][0m SELECT * FROM `sys_authority_menus` WHERE sys_authority_authority_id = 999

2026/09/23 23:31:26 [32m/Users/zhaoyuedong/Desktop/生鲜项目/fresh-b2b/fresh-shop/server/service/system/sys_menu.go:41
[0m[33m[0.362ms] [34;1m[rows:2][0m SELECT * FROM `sys_base_menu_parameters` WHERE `sys_base_menu_parameters`.`sys_base_menu_id` IN (37,42,1,52,53,36,44,7,11,38,39,45,46,47,24) AND `sys_base_menu_parameters`.`deleted_at` IS NULL

2026/09/23 23:31:26 [32m/Users/zhaoyuedong/Desktop/生鲜项目/fresh-b2b/fresh-shop/server/service/system/sys_menu.go:41
[0m[33m[1.166ms] [34;1m[rows:15][0m SELECT * FROM `sys_base_menus` WHERE id in ('1','7','11','12','13','24','30','32','33','35','36','37','38','39','40','42','43','44','45','46','47','50','51','52','53') AND `sys_base_menus`.`deleted_at` IS NULL ORDER BY sort

2026/09/23 23:31:26 [32m/Users/zhaoyuedong/Desktop/生鲜项目/fresh-b2b/fresh-shop/server/service/system/sys_menu.go:55
[0m[33m[0.420ms] [34;1m[rows:0][0m SELECT * FROM `sys_authority_btns` WHERE authority_id = 999
[GIN] 2026/09/23 - 23:31:26 | 200 |    2.712125ms |       127.0.0.1 | POST     "/menu/getMenu"

2026/09/23 23:31:26 [32m/Users/zhaoyuedong/Desktop/生鲜项目/fresh-b2b/fresh-shop/server/service/system/sys_user.go:379
[0m[33m[0.463ms] [34;1m[rows:2][0m SELECT * FROM `sys_user_authority` WHERE `sys_user_authority`.`sys_user_id` = 1

2026/09/23 23:31:26 [32m/Users/zhaoyuedong/Desktop/生鲜项目/fresh-b2b/fresh-shop/server/service/system/sys_user.go:379
[0m[33m[0.340ms] [34;1m[rows:2][0m SELECT * FROM `sys_authorities` WHERE `sys_authorities`.`authority_id` IN (888,999)

2026/09/23 23:31:26 [32m/Users/zhaoyuedong/Desktop/生鲜项目/fresh-b2b/fresh-shop/server/service/system/sys_user.go:379
[0m[33m[0.285ms] [34;1m[rows:1][0m SELECT * FROM `sys_authorities` WHERE `sys_authorities`.`authority_id` = 999

2026/09/23 23:31:26 [32m/Users/zhaoyuedong/Desktop/生鲜项目/fresh-b2b/fresh-shop/server/service/system/sys_user.go:379
[0m[33m[2.716ms] [34;1m[rows:1][0m SELECT * FROM `sys_users` WHERE uuid = 'f0f71391-6d0e-418c-a601-af3dde923073' AND `sys_users`.`deleted_at` IS NULL ORDER BY `sys_users`.`id` LIMIT 1

2026/09/23 23:31:26 [32m/Users/zhaoyuedong/Desktop/生鲜项目/fresh-b2b/fresh-shop/server/service/system/sys_menu.go:227
[0m[33m[0.302ms] [34;1m[rows:25][0m SELECT `sys_base_menu_id` FROM `sys_authority_menus` WHERE sys_authority_authority_id = 999

2026/09/23 23:31:26 [32m/Users/zhaoyuedong/Desktop/生鲜项目/fresh-b2b/fresh-shop/server/service/system/sys_menu.go:232
[0m[33m[0.602ms] [34;1m[rows:1][0m SELECT * FROM `sys_base_menus` WHERE (name = 'dashboard' and id in ('1','7','11','12','13','24','30','32','33','35','36','37','38','39','40','42','43','44','45','46','47','50','51','52','53')) AND `sys_base_menus`.`deleted_at` IS NULL ORDER BY `sys_base_menus`.`id` LIMIT 1

2026/09/23 23:31:26 [32m/Users/zhaoyuedong/Desktop/生鲜项目/fresh-b2b/fresh-shop/server/service/common/account.go:161
[0m[33m[0.215ms] [34;1m[rows:1][0m SELECT * FROM `user_account_group` WHERE `user_account_group`.`id` = 2 AND `user_account_group`.`deleted_at` IS NULL

2026/09/23 23:31:26 [32m/Users/zhaoyuedong/Desktop/生鲜项目/fresh-b2b/fresh-shop/server/service/common/account.go:161
[0m[33m[0.691ms] [34;1m[rows:1][0m SELECT * FROM `user_account` WHERE (user_id = 1 and group_id = 2) AND `user_account`.`deleted_at` IS NULL ORDER BY `user_account`.`id` LIMIT 1
[GIN] 2026/09/23 - 23:31:26 | 200 |    4.772375ms |       127.0.0.1 | GET      "/user/getUserInfo"

2026/09/23 23:31:26 [32m/Users/zhaoyuedong/Desktop/生鲜项目/fresh-b2b/fresh-shop/server/service/system/sys_user.go:248
[0m[33m[0.547ms] [34;1m[rows:1][0m SELECT count(*) FROM `sys_users` WHERE id != 1 AND `sys_users`.`deleted_at` IS NULL

2026/09/23 23:31:26 [32m/Users/zhaoyuedong/Desktop/生鲜项目/fresh-b2b/fresh-shop/server/service/system/sys_authority.go:162
[0m[33m[0.606ms] [34;1m[rows:1][0m SELECT count(*) FROM `sys_authorities` WHERE authority_id not in (888, 999) AND parent_id = '0'

2026/09/23 23:31:26 [32m/Users/zhaoyuedong/Desktop/生鲜项目/fresh-b2b/fresh-shop/server/service/system/sys_user.go:265
[0m[33m[0.218ms] [34;1m[rows:1][0m SELECT * FROM `sys_user_authority` WHERE `sys_user_authority`.`sys_user_id` = 83

2026/09/23 23:31:26 [32m/Users/zhaoyuedong/Desktop/生鲜项目/fresh-b2b/fresh-shop/server/service/system/sys_authority.go:166
[0m[33m[0.233ms] [34;1m[rows:0][0m SELECT * FROM `sys_data_authority_id` WHERE `sys_data_authority_id`.`sys_authority_authority_id` IN (1000,1001)

2026/09/23 23:31:26 [32m/Users/zhaoyuedong/Desktop/生鲜项目/fresh-b2b/fresh-shop/server/service/system/sys_authority.go:166
[0m[33m[0.643ms] [34;1m[rows:2][0m SELECT * FROM `sys_authorities` WHERE authority_id not in (888, 999) AND parent_id = '0' AND parent_id = '0' LIMIT 999

2026/09/23 23:31:26 [32m/Users/zhaoyuedong/Desktop/生鲜项目/fresh-b2b/fresh-shop/server/service/system/sys_user.go:265
[0m[33m[0.225ms] [34;1m[rows:1][0m SELECT * FROM `sys_authorities` WHERE `sys_authorities`.`authority_id` = 1001

2026/09/23 23:31:26 [32m/Users/zhaoyuedong/Desktop/生鲜项目/fresh-b2b/fresh-shop/server/service/system/sys_authority.go:217
[0m[33m[0.210ms] [34;1m[rows:0][0m SELECT * FROM `sys_authorities` WHERE parent_id = 1000

2026/09/23 23:31:26 [32m/Users/zhaoyuedong/Desktop/生鲜项目/fresh-b2b/fresh-shop/server/service/system/sys_user.go:265
[0m[33m[0.260ms] [34;1m[rows:1][0m SELECT * FROM `sys_authorities` WHERE `sys_authorities`.`authority_id` = 1001

2026/09/23 23:31:26 [32m/Users/zhaoyuedong/Desktop/生鲜项目/fresh-b2b/fresh-shop/server/service/system/sys_user.go:265
[0m[33m[1.244ms] [34;1m[rows:1][0m SELECT * FROM `sys_users` WHERE id != 1 AND `sys_users`.`deleted_at` IS NULL LIMIT 10

2026/09/23 23:31:26 [32m/Users/zhaoyuedong/Desktop/生鲜项目/fresh-b2b/fresh-shop/server/service/system/sys_authority.go:217
[0m[33m[0.378ms] [34;1m[rows:0][0m SELECT * FROM `sys_authorities` WHERE parent_id = 1001
[GIN] 2026/09/23 - 23:31:26 | 200 |    2.194416ms |       127.0.0.1 | POST     "/authority/getAuthorityList"

2026/09/23 23:31:26 [32m/Users/zhaoyuedong/Desktop/生鲜项目/fresh-b2b/fresh-shop/server/service/common/account.go:176
[0m[33m[0.664ms] [34;1m[rows:1][0m SELECT `user_account`.`id`,`user_account`.`created_at`,`user_account`.`updated_at`,`user_account`.`deleted_at`,`user_account`.`user_id`,`user_account`.`group_id`,`user_account`.`amount`,`user_account`.`freeze_amount`,`user_account`.`lock_amount`,`user_account`.`in_amount`,`user_account`.`out_amount`,`user_account`.`status`,`Group`.`id` AS `Group__id`,`Group`.`created_at` AS `Group__created_at`,`Group`.`updated_at` AS `Group__updated_at`,`Group`.`deleted_at` AS `Group__deleted_at`,`Group`.`name_en` AS `Group__name_en`,`Group`.`name_cn` AS `Group__name_cn`,`Group`.`places` AS `Group__places`,`Group`.`status` AS `Group__status`,`Group`.`sync` AS `Group__sync` FROM `user_account` LEFT JOIN `user_account_group` `Group` ON `user_account`.`group_id` = `Group`.`id` AND `Group`.`deleted_at` IS NULL WHERE (Group.status = 1 and user_id = 83) AND `user_account`.`deleted_at` IS NULL
[GIN] 2026/09/23 - 23:31:26 | 200 |     2.94575ms |       127.0.0.1 | POST     "/user/getUserList"

2026/09/23 23:31:26 [32m/Users/zhaoyuedong/Desktop/生鲜项目/fresh-b2b/fresh-shop/server/service/system/sys_dictionary.go:90
[0m[33m[0.504ms] [34;1m[rows:5][0m SELECT * FROM `sys_dictionary_details` WHERE `sys_dictionary_details`.`sys_dictionary_id` = 22 AND status = true AND `sys_dictionary_details`.`deleted_at` IS NULL

2026/09/23 23:31:26 [32m/Users/zhaoyuedong/Desktop/生鲜项目/fresh-b2b/fresh-shop/server/service/system/sys_dictionary.go:90
[0m[33m[1.216ms] [34;1m[rows:1][0m SELECT * FROM `sys_dictionaries` WHERE ((type = 'auditStatus' OR id = 0) and status = true) AND `sys_dictionaries`.`deleted_at` IS NULL ORDER BY `sys_dictionaries`.`id` LIMIT 1
[GIN] 2026/09/23 - 23:31:26 | 200 |    1.412708ms |       127.0.0.1 | GET      "/sysDictionary/findSysDictionary?type=auditStatus"

2026/09/23 23:40:21 [32m/Users/zhaoyuedong/Desktop/生鲜项目/fresh-b2b/fresh-shop/server/service/system/sys_menu.go:30
[0m[33m[1.005ms] [34;1m[rows:25][0m SELECT * FROM `sys_authority_menus` WHERE sys_authority_authority_id = 999

2026/09/23 23:40:21 [32m/Users/zhaoyuedong/Desktop/生鲜项目/fresh-b2b/fresh-shop/server/service/system/sys_menu.go:41
[0m[33m[0.278ms] [34;1m[rows:2][0m SELECT * FROM `sys_base_menu_parameters` WHERE `sys_base_menu_parameters`.`sys_base_menu_id` IN (37,42,1,52,53,36,44,7,11,38,39,45,46,47,24) AND `sys_base_menu_parameters`.`deleted_at` IS NULL

2026/09/23 23:40:21 [32m/Users/zhaoyuedong/Desktop/生鲜项目/fresh-b2b/fresh-shop/server/service/system/sys_menu.go:41
[0m[33m[1.620ms] [34;1m[rows:15][0m SELECT * FROM `sys_base_menus` WHERE id in ('1','7','11','12','13','24','30','32','33','35','36','37','38','39','40','42','43','44','45','46','47','50','51','52','53') AND `sys_base_menus`.`deleted_at` IS NULL ORDER BY sort

2026/09/23 23:40:21 [32m/Users/zhaoyuedong/Desktop/生鲜项目/fresh-b2b/fresh-shop/server/service/system/sys_menu.go:55
[0m[33m[0.174ms] [34;1m[rows:0][0m SELECT * FROM `sys_authority_btns` WHERE authority_id = 999
[GIN] 2026/09/23 - 23:40:21 | 200 |    3.258625ms |       127.0.0.1 | POST     "/menu/getMenu"

2026/09/23 23:40:21 [32m/Users/zhaoyuedong/Desktop/生鲜项目/fresh-b2b/fresh-shop/server/service/system/sys_user.go:379
[0m[33m[0.364ms] [34;1m[rows:2][0m SELECT * FROM `sys_user_authority` WHERE `sys_user_authority`.`sys_user_id` = 1

2026/09/23 23:40:21 [32m/Users/zhaoyuedong/Desktop/生鲜项目/fresh-b2b/fresh-shop/server/service/system/sys_user.go:379
[0m[33m[0.307ms] [34;1m[rows:2][0m SELECT * FROM `sys_authorities` WHERE `sys_authorities`.`authority_id` IN (888,999)

2026/09/23 23:40:21 [32m/Users/zhaoyuedong/Desktop/生鲜项目/fresh-b2b/fresh-shop/server/service/system/sys_user.go:379
[0m[33m[0.224ms] [34;1m[rows:1][0m SELECT * FROM `sys_authorities` WHERE `sys_authorities`.`authority_id` = 999

2026/09/23 23:40:21 [32m/Users/zhaoyuedong/Desktop/生鲜项目/fresh-b2b/fresh-shop/server/service/system/sys_user.go:379
[0m[33m[1.607ms] [34;1m[rows:1][0m SELECT * FROM `sys_users` WHERE uuid = 'f0f71391-6d0e-418c-a601-af3dde923073' AND `sys_users`.`deleted_at` IS NULL ORDER BY `sys_users`.`id` LIMIT 1

2026/09/23 23:40:21 [32m/Users/zhaoyuedong/Desktop/生鲜项目/fresh-b2b/fresh-shop/server/service/system/sys_menu.go:227
[0m[33m[0.182ms] [34;1m[rows:25][0m SELECT `sys_base_menu_id` FROM `sys_authority_menus` WHERE sys_authority_authority_id = 999

2026/09/23 23:40:21 [32m/Users/zhaoyuedong/Desktop/生鲜项目/fresh-b2b/fresh-shop/server/service/system/sys_menu.go:232
[0m[33m[0.301ms] [34;1m[rows:1][0m SELECT * FROM `sys_base_menus` WHERE (name = 'dashboard' and id in ('1','7','11','12','13','24','30','32','33','35','36','37','38','39','40','42','43','44','45','46','47','50','51','52','53')) AND `sys_base_menus`.`deleted_at` IS NULL ORDER BY `sys_base_menus`.`id` LIMIT 1

2026/09/23 23:40:21 [32m/Users/zhaoyuedong/Desktop/生鲜项目/fresh-b2b/fresh-shop/server/service/common/account.go:161
[0m[33m[0.289ms] [34;1m[rows:1][0m SELECT * FROM `user_account_group` WHERE `user_account_group`.`id` = 2 AND `user_account_group`.`deleted_at` IS NULL

2026/09/23 23:40:21 [32m/Users/zhaoyuedong/Desktop/生鲜项目/fresh-b2b/fresh-shop/server/service/common/account.go:161
[0m[33m[0.761ms] [34;1m[rows:1][0m SELECT * FROM `user_account` WHERE (user_id = 1 and group_id = 2) AND `user_account`.`deleted_at` IS NULL ORDER BY `user_account`.`id` LIMIT 1
[GIN] 2026/09/23 - 23:40:21 | 200 |    3.049583ms |       127.0.0.1 | GET      "/user/getUserInfo"

2026/09/23 23:40:22 [32m/Users/zhaoyuedong/Desktop/生鲜项目/fresh-b2b/fresh-shop/server/service/system/sys_user.go:248
[0m[33m[0.394ms] [34;1m[rows:1][0m SELECT count(*) FROM `sys_users` WHERE id != 1 AND `sys_users`.`deleted_at` IS NULL

2026/09/23 23:40:22 [32m/Users/zhaoyuedong/Desktop/生鲜项目/fresh-b2b/fresh-shop/server/service/system/sys_authority.go:162
[0m[33m[0.401ms] [34;1m[rows:1][0m SELECT count(*) FROM `sys_authorities` WHERE authority_id not in (888, 999) AND parent_id = '0'

2026/09/23 23:40:22 [32m/Users/zhaoyuedong/Desktop/生鲜项目/fresh-b2b/fresh-shop/server/service/system/sys_user.go:265
[0m[33m[0.220ms] [34;1m[rows:1][0m SELECT * FROM `sys_user_authority` WHERE `sys_user_authority`.`sys_user_id` = 83

2026/09/23 23:40:22 [32m/Users/zhaoyuedong/Desktop/生鲜项目/fresh-b2b/fresh-shop/server/service/system/sys_authority.go:166
[0m[33m[0.212ms] [34;1m[rows:0][0m SELECT * FROM `sys_data_authority_id` WHERE `sys_data_authority_id`.`sys_authority_authority_id` IN (1000,1001)

2026/09/23 23:40:22 [32m/Users/zhaoyuedong/Desktop/生鲜项目/fresh-b2b/fresh-shop/server/service/system/sys_authority.go:166
[0m[33m[0.494ms] [34;1m[rows:2][0m SELECT * FROM `sys_authorities` WHERE authority_id not in (888, 999) AND parent_id = '0' AND parent_id = '0' LIMIT 999

2026/09/23 23:40:22 [32m/Users/zhaoyuedong/Desktop/生鲜项目/fresh-b2b/fresh-shop/server/service/system/sys_user.go:265
[0m[33m[0.166ms] [34;1m[rows:1][0m SELECT * FROM `sys_authorities` WHERE `sys_authorities`.`authority_id` = 1001

2026/09/23 23:40:22 [32m/Users/zhaoyuedong/Desktop/生鲜项目/fresh-b2b/fresh-shop/server/service/system/sys_authority.go:217
[0m[33m[0.175ms] [34;1m[rows:0][0m SELECT * FROM `sys_authorities` WHERE parent_id = 1000

2026/09/23 23:40:22 [32m/Users/zhaoyuedong/Desktop/生鲜项目/fresh-b2b/fresh-shop/server/service/system/sys_user.go:265
[0m[33m[0.133ms] [34;1m[rows:1][0m SELECT * FROM `sys_authorities` WHERE `sys_authorities`.`authority_id` = 1001

2026/09/23 23:40:22 [32m/Users/zhaoyuedong/Desktop/生鲜项目/fresh-b2b/fresh-shop/server/service/system/sys_user.go:265
[0m[33m[0.773ms] [34;1m[rows:1][0m SELECT * FROM `sys_users` WHERE id != 1 AND `sys_users`.`deleted_at` IS NULL LIMIT 10

2026/09/23 23:40:22 [32m/Users/zhaoyuedong/Desktop/生鲜项目/fresh-b2b/fresh-shop/server/service/system/sys_authority.go:217
[0m[33m[0.171ms] [34;1m[rows:0][0m SELECT * FROM `sys_authorities` WHERE parent_id = 1001
[GIN] 2026/09/23 - 23:40:22 | 200 |    1.409667ms |       127.0.0.1 | POST     "/authority/getAuthorityList"

2026/09/23 23:40:22 [32m/Users/zhaoyuedong/Desktop/生鲜项目/fresh-b2b/fresh-shop/server/service/common/account.go:176
[0m[33m[0.410ms] [34;1m[rows:1][0m SELECT `user_account`.`id`,`user_account`.`created_at`,`user_account`.`updated_at`,`user_account`.`deleted_at`,`user_account`.`user_id`,`user_account`.`group_id`,`user_account`.`amount`,`user_account`.`freeze_amount`,`user_account`.`lock_amount`,`user_account`.`in_amount`,`user_account`.`out_amount`,`user_account`.`status`,`Group`.`id` AS `Group__id`,`Group`.`created_at` AS `Group__created_at`,`Group`.`updated_at` AS `Group__updated_at`,`Group`.`deleted_at` AS `Group__deleted_at`,`Group`.`name_en` AS `Group__name_en`,`Group`.`name_cn` AS `Group__name_cn`,`Group`.`places` AS `Group__places`,`Group`.`status` AS `Group__status`,`Group`.`sync` AS `Group__sync` FROM `user_account` LEFT JOIN `user_account_group` `Group` ON `user_account`.`group_id` = `Group`.`id` AND `Group`.`deleted_at` IS NULL WHERE (Group.status = 1 and user_id = 83) AND `user_account`.`deleted_at` IS NULL
[GIN] 2026/09/23 - 23:40:22 | 200 |    1.796208ms |       127.0.0.1 | POST     "/user/getUserList"

2026/09/23 23:40:22 [32m/Users/zhaoyuedong/Desktop/生鲜项目/fresh-b2b/fresh-shop/server/service/system/sys_dictionary.go:90
[0m[33m[0.429ms] [34;1m[rows:5][0m SELECT * FROM `sys_dictionary_details` WHERE `sys_dictionary_details`.`sys_dictionary_id` = 22 AND status = true AND `sys_dictionary_details`.`deleted_at` IS NULL

2026/09/23 23:40:22 [32m/Users/zhaoyuedong/Desktop/生鲜项目/fresh-b2b/fresh-shop/server/service/system/sys_dictionary.go:90
[0m[33m[1.678ms] [34;1m[rows:1][0m SELECT * FROM `sys_dictionaries` WHERE ((type = 'auditStatus' OR id = 0) and status = true) AND `sys_dictionaries`.`deleted_at` IS NULL ORDER BY `sys_dictionaries`.`id` LIMIT 1
[GIN] 2026/09/23 - 23:40:22 | 200 |    1.845583ms |       127.0.0.1 | GET      "/sysDictionary/findSysDictionary?type=auditStatus"

2026/09/23 23:40:30 [32m/Users/zhaoyuedong/Desktop/生鲜项目/fresh-b2b/fresh-shop/server/service/system/sys_menu.go:30
[0m[33m[0.736ms] [34;1m[rows:25][0m SELECT * FROM `sys_authority_menus` WHERE sys_authority_authority_id = 999

2026/09/23 23:40:30 [32m/Users/zhaoyuedong/Desktop/生鲜项目/fresh-b2b/fresh-shop/server/service/system/sys_menu.go:41
[0m[33m[0.254ms] [34;1m[rows:2][0m SELECT * FROM `sys_base_menu_parameters` WHERE `sys_base_menu_parameters`.`sys_base_menu_id` IN (37,42,1,52,53,36,44,7,11,38,39,45,46,47,24) AND `sys_base_menu_parameters`.`deleted_at` IS NULL

2026/09/23 23:40:30 [32m/Users/zhaoyuedong/Desktop/生鲜项目/fresh-b2b/fresh-shop/server/service/system/sys_menu.go:41
[0m[33m[0.980ms] [34;1m[rows:15][0m SELECT * FROM `sys_base_menus` WHERE id in ('1','7','11','12','13','24','30','32','33','35','36','37','38','39','40','42','43','44','45','46','47','50','51','52','53') AND `sys_base_menus`.`deleted_at` IS NULL ORDER BY sort

2026/09/23 23:40:30 [32m/Users/zhaoyuedong/Desktop/生鲜项目/fresh-b2b/fresh-shop/server/service/system/sys_menu.go:55
[0m[33m[0.168ms] [34;1m[rows:0][0m SELECT * FROM `sys_authority_btns` WHERE authority_id = 999
[GIN] 2026/09/23 - 23:40:30 | 200 |    2.304292ms |       127.0.0.1 | POST     "/menu/getMenu"

2026/09/23 23:40:30 [32m/Users/zhaoyuedong/Desktop/生鲜项目/fresh-b2b/fresh-shop/server/service/system/sys_user.go:379
[0m[33m[0.260ms] [34;1m[rows:2][0m SELECT * FROM `sys_user_authority` WHERE `sys_user_authority`.`sys_user_id` = 1

2026/09/23 23:40:30 [32m/Users/zhaoyuedong/Desktop/生鲜项目/fresh-b2b/fresh-shop/server/service/system/sys_user.go:379
[0m[33m[0.291ms] [34;1m[rows:2][0m SELECT * FROM `sys_authorities` WHERE `sys_authorities`.`authority_id` IN (888,999)

2026/09/23 23:40:30 [32m/Users/zhaoyuedong/Desktop/生鲜项目/fresh-b2b/fresh-shop/server/service/system/sys_user.go:379
[0m[33m[0.205ms] [34;1m[rows:1][0m SELECT * FROM `sys_authorities` WHERE `sys_authorities`.`authority_id` = 999

2026/09/23 23:40:30 [32m/Users/zhaoyuedong/Desktop/生鲜项目/fresh-b2b/fresh-shop/server/service/system/sys_user.go:379
[0m[33m[1.907ms] [34;1m[rows:1][0m SELECT * FROM `sys_users` WHERE uuid = 'f0f71391-6d0e-418c-a601-af3dde923073' AND `sys_users`.`deleted_at` IS NULL ORDER BY `sys_users`.`id` LIMIT 1

2026/09/23 23:40:30 [32m/Users/zhaoyuedong/Desktop/生鲜项目/fresh-b2b/fresh-shop/server/service/system/sys_menu.go:227
[0m[33m[0.298ms] [34;1m[rows:25][0m SELECT `sys_base_menu_id` FROM `sys_authority_menus` WHERE sys_authority_authority_id = 999

2026/09/23 23:40:30 [32m/Users/zhaoyuedong/Desktop/生鲜项目/fresh-b2b/fresh-shop/server/service/system/sys_menu.go:232
[0m[33m[0.449ms] [34;1m[rows:1][0m SELECT * FROM `sys_base_menus` WHERE (name = 'dashboard' and id in ('1','7','11','12','13','24','30','32','33','35','36','37','38','39','40','42','43','44','45','46','47','50','51','52','53')) AND `sys_base_menus`.`deleted_at` IS NULL ORDER BY `sys_base_menus`.`id` LIMIT 1

2026/09/23 23:40:30 [32m/Users/zhaoyuedong/Desktop/生鲜项目/fresh-b2b/fresh-shop/server/service/common/account.go:161
[0m[33m[0.169ms] [34;1m[rows:1][0m SELECT * FROM `user_account_group` WHERE `user_account_group`.`id` = 2 AND `user_account_group`.`deleted_at` IS NULL

2026/09/23 23:40:30 [32m/Users/zhaoyuedong/Desktop/生鲜项目/fresh-b2b/fresh-shop/server/service/common/account.go:161
[0m[33m[0.542ms] [34;1m[rows:1][0m SELECT * FROM `user_account` WHERE (user_id = 1 and group_id = 2) AND `user_account`.`deleted_at` IS NULL ORDER BY `user_account`.`id` LIMIT 1
[GIN] 2026/09/23 - 23:40:30 | 200 |    3.577125ms |       127.0.0.1 | GET      "/user/getUserInfo"

2026/09/23 23:40:30 [32m/Users/zhaoyuedong/Desktop/生鲜项目/fresh-b2b/fresh-shop/server/service/system/sys_user.go:248
[0m[33m[0.445ms] [34;1m[rows:1][0m SELECT count(*) FROM `sys_users` WHERE id != 1 AND `sys_users`.`deleted_at` IS NULL

2026/09/23 23:40:30 [32m/Users/zhaoyuedong/Desktop/生鲜项目/fresh-b2b/fresh-shop/server/service/system/sys_authority.go:162
[0m[33m[0.343ms] [34;1m[rows:1][0m SELECT count(*) FROM `sys_authorities` WHERE authority_id not in (888, 999) AND parent_id = '0'

2026/09/23 23:40:30 [32m/Users/zhaoyuedong/Desktop/生鲜项目/fresh-b2b/fresh-shop/server/service/system/sys_user.go:265
[0m[33m[0.258ms] [34;1m[rows:1][0m SELECT * FROM `sys_user_authority` WHERE `sys_user_authority`.`sys_user_id` = 83

2026/09/23 23:40:30 [32m/Users/zhaoyuedong/Desktop/生鲜项目/fresh-b2b/fresh-shop/server/service/system/sys_user.go:265
[0m[33m[0.225ms] [34;1m[rows:1][0m SELECT * FROM `sys_authorities` WHERE `sys_authorities`.`authority_id` = 1001

2026/09/23 23:40:30 [32m/Users/zhaoyuedong/Desktop/生鲜项目/fresh-b2b/fresh-shop/server/service/system/sys_authority.go:166
[0m[33m[0.250ms] [34;1m[rows:0][0m SELECT * FROM `sys_data_authority_id` WHERE `sys_data_authority_id`.`sys_authority_authority_id` IN (1000,1001)

2026/09/23 23:40:30 [32m/Users/zhaoyuedong/Desktop/生鲜项目/fresh-b2b/fresh-shop/server/service/system/sys_authority.go:166
[0m[33m[0.615ms] [34;1m[rows:2][0m SELECT * FROM `sys_authorities` WHERE authority_id not in (888, 999) AND parent_id = '0' AND parent_id = '0' LIMIT 999

2026/09/23 23:40:30 [32m/Users/zhaoyuedong/Desktop/生鲜项目/fresh-b2b/fresh-shop/server/service/system/sys_user.go:265
[0m[33m[0.185ms] [34;1m[rows:1][0m SELECT * FROM `sys_authorities` WHERE `sys_authorities`.`authority_id` = 1001

2026/09/23 23:40:30 [32m/Users/zhaoyuedong/Desktop/生鲜项目/fresh-b2b/fresh-shop/server/service/system/sys_user.go:265
[0m[33m[1.199ms] [34;1m[rows:1][0m SELECT * FROM `sys_users` WHERE id != 1 AND `sys_users`.`deleted_at` IS NULL LIMIT 10

2026/09/23 23:40:30 [32m/Users/zhaoyuedong/Desktop/生鲜项目/fresh-b2b/fresh-shop/server/service/system/sys_authority.go:217
[0m[33m[0.184ms] [34;1m[rows:0][0m SELECT * FROM `sys_authorities` WHERE parent_id = 1000

2026/09/23 23:40:30 [32m/Users/zhaoyuedong/Desktop/生鲜项目/fresh-b2b/fresh-shop/server/service/system/sys_authority.go:217
[0m[33m[0.188ms] [34;1m[rows:0][0m SELECT * FROM `sys_authorities` WHERE parent_id = 1001
[GIN] 2026/09/23 - 23:40:30 | 200 |      1.5925ms |       127.0.0.1 | POST     "/authority/getAuthorityList"

2026/09/23 23:40:30 [32m/Users/zhaoyuedong/Desktop/生鲜项目/fresh-b2b/fresh-shop/server/service/common/account.go:176
[0m[33m[0.545ms] [34;1m[rows:1][0m SELECT `user_account`.`id`,`user_account`.`created_at`,`user_account`.`updated_at`,`user_account`.`deleted_at`,`user_account`.`user_id`,`user_account`.`group_id`,`user_account`.`amount`,`user_account`.`freeze_amount`,`user_account`.`lock_amount`,`user_account`.`in_amount`,`user_account`.`out_amount`,`user_account`.`status`,`Group`.`id` AS `Group__id`,`Group`.`created_at` AS `Group__created_at`,`Group`.`updated_at` AS `Group__updated_at`,`Group`.`deleted_at` AS `Group__deleted_at`,`Group`.`name_en` AS `Group__name_en`,`Group`.`name_cn` AS `Group__name_cn`,`Group`.`places` AS `Group__places`,`Group`.`status` AS `Group__status`,`Group`.`sync` AS `Group__sync` FROM `user_account` LEFT JOIN `user_account_group` `Group` ON `user_account`.`group_id` = `Group`.`id` AND `Group`.`deleted_at` IS NULL WHERE (Group.status = 1 and user_id = 83) AND `user_account`.`deleted_at` IS NULL
[GIN] 2026/09/23 - 23:40:30 | 200 |     2.48575ms |       127.0.0.1 | POST     "/user/getUserList"

2026/09/23 23:40:30 [32m/Users/zhaoyuedong/Desktop/生鲜项目/fresh-b2b/fresh-shop/server/service/system/sys_dictionary.go:90
[0m[33m[0.503ms] [34;1m[rows:5][0m SELECT * FROM `sys_dictionary_details` WHERE `sys_dictionary_details`.`sys_dictionary_id` = 22 AND status = true AND `sys_dictionary_details`.`deleted_at` IS NULL

2026/09/23 23:40:30 [32m/Users/zhaoyuedong/Desktop/生鲜项目/fresh-b2b/fresh-shop/server/service/system/sys_dictionary.go:90
[0m[33m[1.177ms] [34;1m[rows:1][0m SELECT * FROM `sys_dictionaries` WHERE ((type = 'auditStatus' OR id = 0) and status = true) AND `sys_dictionaries`.`deleted_at` IS NULL ORDER BY `sys_dictionaries`.`id` LIMIT 1
[GIN] 2026/09/23 - 23:40:30 | 200 |    1.343875ms |       127.0.0.1 | GET      "/sysDictionary/findSysDictionary?type=auditStatus"

2026/09/23 23:42:08 [32m/Users/zhaoyuedong/Desktop/生鲜项目/fresh-b2b/fresh-shop/server/service/file/exa_file_upload_download.go:77
[0m[33m[1.856ms] [34;1m[rows:1][0m SELECT count(*) FROM `exa_file_upload_and_downloads` WHERE `exa_file_upload_and_downloads`.`deleted_at` IS NULL

2026/09/23 23:42:08 [32m/Users/zhaoyuedong/Desktop/生鲜项目/fresh-b2b/fresh-shop/server/service/file/exa_file_upload_download.go:81
[0m[33m[0.931ms] [34;1m[rows:20][0m SELECT * FROM `exa_file_upload_and_downloads` WHERE `exa_file_upload_and_downloads`.`deleted_at` IS NULL ORDER BY updated_at desc LIMIT 20
[GIN] 2026/09/23 - 23:42:08 | 200 |      6.5805ms |       127.0.0.1 | POST     "/fileUploadAndDownload/getFileList"

2026/09/23 23:42:14 [32m/Users/zhaoyuedong/Desktop/生鲜项目/fresh-b2b/fresh-shop/server/service/file/exa_file_upload_download.go:77
[0m[33m[1.849ms] [34;1m[rows:1][0m SELECT count(*) FROM `exa_file_upload_and_downloads` WHERE `exa_file_upload_and_downloads`.`deleted_at` IS NULL

2026/09/23 23:42:14 [32m/Users/zhaoyuedong/Desktop/生鲜项目/fresh-b2b/fresh-shop/server/service/file/exa_file_upload_download.go:81
[0m[33m[0.879ms] [34;1m[rows:20][0m SELECT * FROM `exa_file_upload_and_downloads` WHERE `exa_file_upload_and_downloads`.`deleted_at` IS NULL ORDER BY updated_at desc LIMIT 20 OFFSET 20
[GIN] 2026/09/23 - 23:42:14 | 200 |    3.199875ms |       127.0.0.1 | POST     "/fileUploadAndDownload/getFileList"

2026/09/23 23:42:15 [32m/Users/zhaoyuedong/Desktop/生鲜项目/fresh-b2b/fresh-shop/server/service/file/exa_file_upload_download.go:77
[0m[33m[1.358ms] [34;1m[rows:1][0m SELECT count(*) FROM `exa_file_upload_and_downloads` WHERE `exa_file_upload_and_downloads`.`deleted_at` IS NULL

2026/09/23 23:42:15 [32m/Users/zhaoyuedong/Desktop/生鲜项目/fresh-b2b/fresh-shop/server/service/file/exa_file_upload_download.go:81
[0m[33m[1.111ms] [34;1m[rows:20][0m SELECT * FROM `exa_file_upload_and_downloads` WHERE `exa_file_upload_and_downloads`.`deleted_at` IS NULL ORDER BY updated_at desc LIMIT 20 OFFSET 40
[GIN] 2026/09/23 - 23:42:15 | 200 |    3.067458ms |       127.0.0.1 | POST     "/fileUploadAndDownload/getFileList"

2026/09/23 23:42:17 [32m/Users/zhaoyuedong/Desktop/生鲜项目/fresh-b2b/fresh-shop/server/service/file/exa_file_upload_download.go:77
[0m[33m[0.766ms] [34;1m[rows:1][0m SELECT count(*) FROM `exa_file_upload_and_downloads` WHERE `exa_file_upload_and_downloads`.`deleted_at` IS NULL

2026/09/23 23:42:17 [32m/Users/zhaoyuedong/Desktop/生鲜项目/fresh-b2b/fresh-shop/server/service/file/exa_file_upload_download.go:81
[0m[33m[0.904ms] [34;1m[rows:20][0m SELECT * FROM `exa_file_upload_and_downloads` WHERE `exa_file_upload_and_downloads`.`deleted_at` IS NULL ORDER BY updated_at desc LIMIT 20 OFFSET 60
[GIN] 2026/09/23 - 23:42:17 | 200 |    2.236458ms |       127.0.0.1 | POST     "/fileUploadAndDownload/getFileList"

2026/09/23 23:42:20 [32m/Users/zhaoyuedong/Desktop/生鲜项目/fresh-b2b/fresh-shop/server/service/file/exa_file_upload_download.go:77
[0m[33m[0.788ms] [34;1m[rows:1][0m SELECT count(*) FROM `exa_file_upload_and_downloads` WHERE `exa_file_upload_and_downloads`.`deleted_at` IS NULL

2026/09/23 23:42:20 [32m/Users/zhaoyuedong/Desktop/生鲜项目/fresh-b2b/fresh-shop/server/service/file/exa_file_upload_download.go:81
[0m[33m[0.978ms] [34;1m[rows:20][0m SELECT * FROM `exa_file_upload_and_downloads` WHERE `exa_file_upload_and_downloads`.`deleted_at` IS NULL ORDER BY updated_at desc LIMIT 20 OFFSET 80
[GIN] 2026/09/23 - 23:42:20 | 200 |    2.275708ms |       127.0.0.1 | POST     "/fileUploadAndDownload/getFileList"

2026/09/23 23:42:21 [32m/Users/zhaoyuedong/Desktop/生鲜项目/fresh-b2b/fresh-shop/server/service/file/exa_file_upload_download.go:77
[0m[33m[0.764ms] [34;1m[rows:1][0m SELECT count(*) FROM `exa_file_upload_and_downloads` WHERE `exa_file_upload_and_downloads`.`deleted_at` IS NULL

2026/09/23 23:42:21 [32m/Users/zhaoyuedong/Desktop/生鲜项目/fresh-b2b/fresh-shop/server/service/file/exa_file_upload_download.go:81
[0m[33m[1.040ms] [34;1m[rows:20][0m SELECT * FROM `exa_file_upload_and_downloads` WHERE `exa_file_upload_and_downloads`.`deleted_at` IS NULL ORDER BY updated_at desc LIMIT 20 OFFSET 100
[GIN] 2026/09/23 - 23:42:21 | 200 |    3.436917ms |       127.0.0.1 | POST     "/fileUploadAndDownload/getFileList"

2026/09/23 23:42:25 [32m/Users/zhaoyuedong/Desktop/生鲜项目/fresh-b2b/fresh-shop/server/service/file/exa_file_upload_download.go:77
[0m[33m[0.827ms] [34;1m[rows:1][0m SELECT count(*) FROM `exa_file_upload_and_downloads` WHERE `exa_file_upload_and_downloads`.`deleted_at` IS NULL

2026/09/23 23:42:25 [32m/Users/zhaoyuedong/Desktop/生鲜项目/fresh-b2b/fresh-shop/server/service/file/exa_file_upload_download.go:81
[0m[33m[1.275ms] [34;1m[rows:20][0m SELECT * FROM `exa_file_upload_and_downloads` WHERE `exa_file_upload_and_downloads`.`deleted_at` IS NULL ORDER BY updated_at desc LIMIT 20 OFFSET 120
[GIN] 2026/09/23 - 23:42:25 | 200 |    2.667584ms |       127.0.0.1 | POST     "/fileUploadAndDownload/getFileList"

2026/09/23 23:42:27 [32m/Users/zhaoyuedong/Desktop/生鲜项目/fresh-b2b/fresh-shop/server/service/file/exa_file_upload_download.go:77
[0m[33m[1.335ms] [34;1m[rows:1][0m SELECT count(*) FROM `exa_file_upload_and_downloads` WHERE `exa_file_upload_and_downloads`.`deleted_at` IS NULL

2026/09/23 23:42:27 [32m/Users/zhaoyuedong/Desktop/生鲜项目/fresh-b2b/fresh-shop/server/service/file/exa_file_upload_download.go:81
[0m[33m[3.185ms] [34;1m[rows:20][0m SELECT * FROM `exa_file_upload_and_downloads` WHERE `exa_file_upload_and_downloads`.`deleted_at` IS NULL ORDER BY updated_at desc LIMIT 20
[GIN] 2026/09/23 - 23:42:27 | 200 |    5.076208ms |       127.0.0.1 | POST     "/fileUploadAndDownload/getFileList"

2026/09/23 23:42:34 [32m/Users/zhaoyuedong/Desktop/生鲜项目/fresh-b2b/fresh-shop/server/service/file/exa_file_upload_download.go:77
[0m[33m[0.843ms] [34;1m[rows:1][0m SELECT count(*) FROM `exa_file_upload_and_downloads` WHERE `exa_file_upload_and_downloads`.`deleted_at` IS NULL

2026/09/23 23:42:34 [32m/Users/zhaoyuedong/Desktop/生鲜项目/fresh-b2b/fresh-shop/server/service/file/exa_file_upload_download.go:81
[0m[33m[1.081ms] [34;1m[rows:20][0m SELECT * FROM `exa_file_upload_and_downloads` WHERE `exa_file_upload_and_downloads`.`deleted_at` IS NULL ORDER BY updated_at desc LIMIT 20 OFFSET 100
[GIN] 2026/09/23 - 23:42:34 | 200 |    3.619792ms |       127.0.0.1 | POST     "/fileUploadAndDownload/getFileList"

2026/09/23 23:42:35 [32m/Users/zhaoyuedong/Desktop/生鲜项目/fresh-b2b/fresh-shop/server/service/file/exa_file_upload_download.go:77
[0m[33m[0.785ms] [34;1m[rows:1][0m SELECT count(*) FROM `exa_file_upload_and_downloads` WHERE `exa_file_upload_and_downloads`.`deleted_at` IS NULL

2026/09/23 23:42:35 [32m/Users/zhaoyuedong/Desktop/生鲜项目/fresh-b2b/fresh-shop/server/service/file/exa_file_upload_download.go:81
[0m[33m[1.202ms] [34;1m[rows:20][0m SELECT * FROM `exa_file_upload_and_downloads` WHERE `exa_file_upload_and_downloads`.`deleted_at` IS NULL ORDER BY updated_at desc LIMIT 20 OFFSET 140
[GIN] 2026/09/23 - 23:42:35 | 200 |    2.515916ms |       127.0.0.1 | POST     "/fileUploadAndDownload/getFileList"

2026/09/23 23:42:36 [32m/Users/zhaoyuedong/Desktop/生鲜项目/fresh-b2b/fresh-shop/server/service/file/exa_file_upload_download.go:77
[0m[33m[0.375ms] [34;1m[rows:1][0m SELECT count(*) FROM `exa_file_upload_and_downloads` WHERE `exa_file_upload_and_downloads`.`deleted_at` IS NULL

2026/09/23 23:42:36 [32m/Users/zhaoyuedong/Desktop/生鲜项目/fresh-b2b/fresh-shop/server/service/file/exa_file_upload_download.go:81
[0m[33m[0.851ms] [34;1m[rows:20][0m SELECT * FROM `exa_file_upload_and_downloads` WHERE `exa_file_upload_and_downloads`.`deleted_at` IS NULL ORDER BY updated_at desc LIMIT 20 OFFSET 180
[GIN] 2026/09/23 - 23:42:36 | 200 |    1.557083ms |       127.0.0.1 | POST     "/fileUploadAndDownload/getFileList"

2026/09/23 23:42:39 [32m/Users/zhaoyuedong/Desktop/生鲜项目/fresh-b2b/fresh-shop/server/service/file/exa_file_upload_download.go:77
[0m[33m[0.836ms] [34;1m[rows:1][0m SELECT count(*) FROM `exa_file_upload_and_downloads` WHERE `exa_file_upload_and_downloads`.`deleted_at` IS NULL

2026/09/23 23:42:39 [32m/Users/zhaoyuedong/Desktop/生鲜项目/fresh-b2b/fresh-shop/server/service/file/exa_file_upload_download.go:81
[0m[33m[0.955ms] [34;1m[rows:9][0m SELECT * FROM `exa_file_upload_and_downloads` WHERE `exa_file_upload_and_downloads`.`deleted_at` IS NULL ORDER BY updated_at desc LIMIT 20 OFFSET 520
[GIN] 2026/09/23 - 23:42:39 | 200 |    2.301875ms |       127.0.0.1 | POST     "/fileUploadAndDownload/getFileList"

2026/09/23 23:42:42 [32m/Users/zhaoyuedong/Desktop/生鲜项目/fresh-b2b/fresh-shop/server/service/file/exa_file_upload_download.go:77
[0m[33m[0.781ms] [34;1m[rows:1][0m SELECT count(*) FROM `exa_file_upload_and_downloads` WHERE `exa_file_upload_and_downloads`.`deleted_at` IS NULL

2026/09/23 23:42:42 [32m/Users/zhaoyuedong/Desktop/生鲜项目/fresh-b2b/fresh-shop/server/service/file/exa_file_upload_download.go:81
[0m[33m[1.126ms] [34;1m[rows:20][0m SELECT * FROM `exa_file_upload_and_downloads` WHERE `exa_file_upload_and_downloads`.`deleted_at` IS NULL ORDER BY updated_at desc LIMIT 20 OFFSET 460
[GIN] 2026/09/23 - 23:42:42 | 200 |    2.541041ms |       127.0.0.1 | POST     "/fileUploadAndDownload/getFileList"

2026/09/23 23:44:12 [32m/Users/zhaoyuedong/Desktop/生鲜项目/fresh-b2b/fresh-shop/server/service/file/exa_file_upload_download.go:21
[0m[33m[2.707ms] [34;1m[rows:1][0m INSERT INTO `exa_file_upload_and_downloads` (`created_at`,`updated_at`,`deleted_at`,`name`,`url`,`tag`,`key`) VALUES ('2026-09-23 23:44:12.778','2026-09-23 23:44:12.778',NULL,'239b506d0b4ea525d57518be22368f7d_icon.png','uploads/file/e875e248cb2504b31d546ba69911946d_20260923234412.png','png','e875e248cb2504b31d546ba69911946d_20260923234412.png')
[GIN] 2026/09/23 - 23:44:12 | 200 |    4.721583ms |       127.0.0.1 | POST     "/fileUploadAndDownload/upload"

2026/09/23 23:44:12 [32m/Users/zhaoyuedong/Desktop/生鲜项目/fresh-b2b/fresh-shop/server/service/file/exa_file_upload_download.go:77
[0m[33m[0.637ms] [34;1m[rows:1][0m SELECT count(*) FROM `exa_file_upload_and_downloads` WHERE `exa_file_upload_and_downloads`.`deleted_at` IS NULL

2026/09/23 23:44:12 [32m/Users/zhaoyuedong/Desktop/生鲜项目/fresh-b2b/fresh-shop/server/service/file/exa_file_upload_download.go:81
[0m[33m[0.866ms] [34;1m[rows:20][0m SELECT * FROM `exa_file_upload_and_downloads` WHERE `exa_file_upload_and_downloads`.`deleted_at` IS NULL ORDER BY updated_at desc LIMIT 20 OFFSET 460
[GIN] 2026/09/23 - 23:44:12 | 200 |     1.93275ms |       127.0.0.1 | POST     "/fileUploadAndDownload/getFileList"

2026/09/23 23:44:16 [32m/Users/zhaoyuedong/Desktop/生鲜项目/fresh-b2b/fresh-shop/server/service/file/exa_file_upload_download.go:77
[0m[33m[0.773ms] [34;1m[rows:1][0m SELECT count(*) FROM `exa_file_upload_and_downloads` WHERE `exa_file_upload_and_downloads`.`deleted_at` IS NULL

2026/09/23 23:44:16 [32m/Users/zhaoyuedong/Desktop/生鲜项目/fresh-b2b/fresh-shop/server/service/file/exa_file_upload_download.go:81
[0m[33m[1.131ms] [34;1m[rows:20][0m SELECT * FROM `exa_file_upload_and_downloads` WHERE `exa_file_upload_and_downloads`.`deleted_at` IS NULL ORDER BY updated_at desc LIMIT 20
[GIN] 2026/09/23 - 23:44:16 | 200 |    2.522375ms |       127.0.0.1 | POST     "/fileUploadAndDownload/getFileList"
[GIN] 2026/09/23 - 23:44:16 | 200 |    6.124541ms |       127.0.0.1 | GET      "/uploads/file/e875e248cb2504b31d546ba69911946d_20260923234412.png"

2026/09/23 23:44:54 [32m/Users/zhaoyuedong/Desktop/生鲜项目/fresh-b2b/fresh-shop/server/service/system/sys_operation_record.go:19
[0m[33m[2.141ms] [34;1m[rows:1][0m INSERT INTO `sys_operation_records` (`created_at`,`updated_at`,`deleted_at`,`ip`,`method`,`path`,`status`,`latency`,`agent`,`error_message`,`body`,`resp`,`user_id`) VALUES ('2026-09-23 23:44:54.189','2026-09-23 23:44:54.189',NULL,'127.0.0.1','POST','/user/admin_register',200,160959,'Mozilla/5.0 (Macintosh; Intel Mac OS X 10_15_7) AppleWebKit/537.36 (KHTML, like Gecko) Chrome/151.0.0.0 Safari/537.36','','{"ID":83,"CreatedAt":"2025-08-31T19:45:58.473+08:00","UpdatedAt":"2026-09-23T23:22:34.818+08:00","uuid":"b232d279-a6c5-4a6a-8295-526eed062a7e","openId":"oVOAN5bIC0Uj4jlr37o55FOy7auY","userName":"赵玥栋231","invitationCode":"IKHEW6Z2","nickName":"阿牛","sex":0,"sideMode":"dark","headerImg":"uploads/file/e875e248cb2504b31d546ba69911946d_20260923234412.png","baseColor":"#fff","activeColor":"#1890ff","authority":{"CreatedAt":"2024-08-21T17:29:52.893+08:00","UpdatedAt":"2024-08-21T17:30:16.185+08:00","DeletedAt":null,"authorityId":1001,"authorityName":"月结客户","parentId":0,"dataAuthorityId":null,"children":null,"menus":null,"defaultRouter":"dashboard"},"authorities":[{"CreatedAt":"2024-08-21T17:29:52.893+08:00","UpdatedAt":"2024-08-21T17:30:16.185+08:00","DeletedAt":null,"authorityId":1001,"authorityName":"月结客户","parentId":0,"dataAuthorityId":null,"children":null,"menus":null,"defaultRouter":"dashboard"}],"phone":"17780639916","email":"","enable":1,"loginIp":"","loginTime":"1970-01-01T00:00:00+08:00","originContactName":"赵玥栋","changeContactName":"","originCustomerName":"","changeCustomerName":"","auditStatus":0,"auditRemark":"","applyTime":"1970-01-01T00:00:00+08:00","account":[{"ID":164,"CreatedAt":"2025-08-31T19:45:59.487+08:00","UpdatedAt":"2025-08-31T19:45:59.487+08:00","userId":83,"groupId":2,"amount":0,"freezeAmount":0,"lockAmount":0,"inAmount":0,"outAmount":0,"status":1,"user":{"ID":0,"CreatedAt":"0001-01-01T00:00:00Z","UpdatedAt":"0001-01-01T00:00:00Z","uuid":"00000000-0000-0000-0000-000000000000","openId":"","userName":"","invitationCode":"","nickName":"","sex":0,"sideMode":"","headerImg":"","baseColor":"","activeColor":"","authorityId":0,"authority":{"CreatedAt":"0001-01-01T00:00:00Z","UpdatedAt":"0001-01-01T00:00:00Z","DeletedAt":null,"authorityId":0,"authorityName":"","parentId":null,"dataAuthorityId":null,"children":null,"menus":null,"defaultRouter":""},"authorities":null,"phone":"","email":"","enable":0,"loginIp":"","loginTime":"0001-01-01T00:00:00Z","originContactName":"","changeContactName":"","originCustomerName":"","changeCustomerName":"","auditStatus":0,"auditRemark":"","applyTime":"0001-01-01T00:00:00Z","account":null},"group":{"ID":2,"CreatedAt":"2023-03-14T13:58:29.359+08:00","UpdatedAt":"2023-03-14T14:47:04.886+08:00","nameEn":"point","nameCn":"积分","places":4,"status":1,"sync":2}}],"authorityIds":[],"password":"zhaoyue267"}','{"code":7,"data":{},"msg":"AuthorityId值不能为空"}',1)
[GIN] 2026/09/23 - 23:44:54 | 200 |    3.282625ms |       127.0.0.1 | POST     "/user/admin_register"

2026/09/23 23:45:14 [32m/Users/zhaoyuedong/Desktop/生鲜项目/fresh-b2b/fresh-shop/server/service/system/sys_operation_record.go:19
[0m[33m[4.038ms] [34;1m[rows:1][0m INSERT INTO `sys_operation_records` (`created_at`,`updated_at`,`deleted_at`,`ip`,`method`,`path`,`status`,`latency`,`agent`,`error_message`,`body`,`resp`,`user_id`) VALUES ('2026-09-23 23:45:14.42','2026-09-23 23:45:14.42',NULL,'127.0.0.1','POST','/user/admin_register',200,113500,'Mozilla/5.0 (Macintosh; Intel Mac OS X 10_15_7) AppleWebKit/537.36 (KHTML, like Gecko) Chrome/151.0.0.0 Safari/537.36','','{"ID":83,"CreatedAt":"2025-08-31T19:45:58.473+08:00","UpdatedAt":"2026-09-23T23:22:34.818+08:00","uuid":"b232d279-a6c5-4a6a-8295-526eed062a7e","openId":"oVOAN5bIC0Uj4jlr37o55FOy7auY","userName":"赵玥栋231","invitationCode":"IKHEW6Z2","nickName":"阿牛","sex":0,"sideMode":"dark","headerImg":"uploads/file/e875e248cb2504b31d546ba69911946d_20260923234412.png","baseColor":"#fff","activeColor":"#1890ff","authority":{"CreatedAt":"2024-08-21T17:29:52.893+08:00","UpdatedAt":"2024-08-21T17:30:16.185+08:00","DeletedAt":null,"authorityId":1001,"authorityName":"月结客户","parentId":0,"dataAuthorityId":null,"children":null,"menus":null,"defaultRouter":"dashboard"},"authorities":[{"CreatedAt":"2024-08-21T17:29:52.893+08:00","UpdatedAt":"2024-08-21T17:30:16.185+08:00","DeletedAt":null,"authorityId":1001,"authorityName":"月结客户","parentId":0,"dataAuthorityId":null,"children":null,"menus":null,"defaultRouter":"dashboard"}],"phone":"17780639916","email":"","enable":1,"loginIp":"","loginTime":"1970-01-01T00:00:00+08:00","originContactName":"赵玥栋","changeContactName":"","originCustomerName":"阿牛12323","changeCustomerName":"","auditStatus":0,"auditRemark":"","applyTime":"1970-01-01T00:00:00+08:00","account":[{"ID":164,"CreatedAt":"2025-08-31T19:45:59.487+08:00","UpdatedAt":"2025-08-31T19:45:59.487+08:00","userId":83,"groupId":2,"amount":0,"freezeAmount":0,"lockAmount":0,"inAmount":0,"outAmount":0,"status":1,"user":{"ID":0,"CreatedAt":"0001-01-01T00:00:00Z","UpdatedAt":"0001-01-01T00:00:00Z","uuid":"00000000-0000-0000-0000-000000000000","openId":"","userName":"","invitationCode":"","nickName":"","sex":0,"sideMode":"","headerImg":"","baseColor":"","activeColor":"","authorityId":0,"authority":{"CreatedAt":"0001-01-01T00:00:00Z","UpdatedAt":"0001-01-01T00:00:00Z","DeletedAt":null,"authorityId":0,"authorityName":"","parentId":null,"dataAuthorityId":null,"children":null,"menus":null,"defaultRouter":""},"authorities":null,"phone":"","email":"","enable":0,"loginIp":"","loginTime":"0001-01-01T00:00:00Z","originContactName":"","changeContactName":"","originCustomerName":"","changeCustomerName":"","auditStatus":0,"auditRemark":"","applyTime":"0001-01-01T00:00:00Z","account":null},"group":{"ID":2,"CreatedAt":"2023-03-14T13:58:29.359+08:00","UpdatedAt":"2023-03-14T14:47:04.886+08:00","nameEn":"point","nameCn":"积分","places":4,"status":1,"sync":2}}],"authorityIds":[],"password":"zhaoyue267"}','{"code":7,"data":{},"msg":"AuthorityId值不能为空"}',1)
[GIN] 2026/09/23 - 23:45:14 | 200 |    4.753875ms |       127.0.0.1 | POST     "/user/admin_register"

2026/09/23 23:45:27 [32m/Users/zhaoyuedong/Desktop/生鲜项目/fresh-b2b/fresh-shop/server/service/system/sys_operation_record.go:19
[0m[33m[3.806ms] [34;1m[rows:1][0m INSERT INTO `sys_operation_records` (`created_at`,`updated_at`,`deleted_at`,`ip`,`method`,`path`,`status`,`latency`,`agent`,`error_message`,`body`,`resp`,`user_id`) VALUES ('2026-09-23 23:45:27.802','2026-09-23 23:45:27.802',NULL,'127.0.0.1','POST','/user/admin_register',200,360708,'Mozilla/5.0 (Macintosh; Intel Mac OS X 10_15_7) AppleWebKit/537.36 (KHTML, like Gecko) Chrome/151.0.0.0 Safari/537.36','','{"ID":83,"CreatedAt":"2025-08-31T19:45:58.473+08:00","UpdatedAt":"2026-09-23T23:22:34.818+08:00","uuid":"b232d279-a6c5-4a6a-8295-526eed062a7e","openId":"oVOAN5bIC0Uj4jlr37o55FOy7auY","userName":"赵玥栋231","invitationCode":"IKHEW6Z2","nickName":"阿牛","sex":0,"sideMode":"dark","headerImg":"uploads/file/e875e248cb2504b31d546ba69911946d_20260923234412.png","baseColor":"#fff","activeColor":"#1890ff","authority":{"CreatedAt":"2024-08-21T17:29:52.893+08:00","UpdatedAt":"2024-08-21T17:30:16.185+08:00","DeletedAt":null,"authorityId":1001,"authorityName":"月结客户","parentId":0,"dataAuthorityId":null,"children":null,"menus":null,"defaultRouter":"dashboard"},"authorities":[{"CreatedAt":"2024-08-21T17:29:52.893+08:00","UpdatedAt":"2024-08-21T17:30:16.185+08:00","DeletedAt":null,"authorityId":1001,"authorityName":"月结客户","parentId":0,"dataAuthorityId":null,"children":null,"menus":null,"defaultRouter":"dashboard"}],"phone":"17780639916","email":"","enable":1,"loginIp":"","loginTime":"1970-01-01T00:00:00+08:00","originContactName":"赵玥栋","changeContactName":"","originCustomerName":"阿牛12323","changeCustomerName":"","auditStatus":0,"auditRemark":"111","applyTime":"1970-01-01T00:00:00+08:00","account":[{"ID":164,"CreatedAt":"2025-08-31T19:45:59.487+08:00","UpdatedAt":"2025-08-31T19:45:59.487+08:00","userId":83,"groupId":2,"amount":0,"freezeAmount":0,"lockAmount":0,"inAmount":0,"outAmount":0,"status":1,"user":{"ID":0,"CreatedAt":"0001-01-01T00:00:00Z","UpdatedAt":"0001-01-01T00:00:00Z","uuid":"00000000-0000-0000-0000-000000000000","openId":"","userName":"","invitationCode":"","nickName":"","sex":0,"sideMode":"","headerImg":"","baseColor":"","activeColor":"","authorityId":0,"authority":{"CreatedAt":"0001-01-01T00:00:00Z","UpdatedAt":"0001-01-01T00:00:00Z","DeletedAt":null,"authorityId":0,"authorityName":"","parentId":null,"dataAuthorityId":null,"children":null,"menus":null,"defaultRouter":""},"authorities":null,"phone":"","email":"","enable":0,"loginIp":"","loginTime":"0001-01-01T00:00:00Z","originContactName":"","changeContactName":"","originCustomerName":"","changeCustomerName":"","auditStatus":0,"auditRemark":"","applyTime":"0001-01-01T00:00:00Z","account":null},"group":{"ID":2,"CreatedAt":"2023-03-14T13:58:29.359+08:00","UpdatedAt":"2023-03-14T14:47:04.886+08:00","nameEn":"point","nameCn":"积分","places":4,"status":1,"sync":2}}],"authorityIds":[],"password":"zhaoyue267"}','{"code":7,"data":{},"msg":"AuthorityId值不能为空"}',1)
[GIN] 2026/09/23 - 23:45:27 | 200 |    4.526292ms |       127.0.0.1 | POST     "/user/admin_register"

2026/09/23 23:46:32 [32m/Users/zhaoyuedong/Desktop/生鲜项目/fresh-b2b/fresh-shop/server/service/system/sys_user.go:248
[0m[33m[0.480ms] [34;1m[rows:1][0m SELECT count(*) FROM `sys_users` WHERE id != 1 AND `sys_users`.`deleted_at` IS NULL

2026/09/23 23:46:32 [32m/Users/zhaoyuedong/Desktop/生鲜项目/fresh-b2b/fresh-shop/server/service/system/sys_authority.go:162
[0m[33m[0.586ms] [34;1m[rows:1][0m SELECT count(*) FROM `sys_authorities` WHERE authority_id not in (888, 999) AND parent_id = '0'

2026/09/23 23:46:32 [32m/Users/zhaoyuedong/Desktop/生鲜项目/fresh-b2b/fresh-shop/server/service/system/sys_user.go:265
[0m[33m[0.289ms] [34;1m[rows:1][0m SELECT * FROM `sys_user_authority` WHERE `sys_user_authority`.`sys_user_id` = 83

2026/09/23 23:46:32 [32m/Users/zhaoyuedong/Desktop/生鲜项目/fresh-b2b/fresh-shop/server/service/system/sys_authority.go:166
[0m[33m[0.458ms] [34;1m[rows:0][0m SELECT * FROM `sys_data_authority_id` WHERE `sys_data_authority_id`.`sys_authority_authority_id` IN (1000,1001)

2026/09/23 23:46:32 [32m/Users/zhaoyuedong/Desktop/生鲜项目/fresh-b2b/fresh-shop/server/service/system/sys_authority.go:166
[0m[33m[0.799ms] [34;1m[rows:2][0m SELECT * FROM `sys_authorities` WHERE authority_id not in (888, 999) AND parent_id = '0' AND parent_id = '0' LIMIT 999

2026/09/23 23:46:32 [32m/Users/zhaoyuedong/Desktop/生鲜项目/fresh-b2b/fresh-shop/server/service/system/sys_user.go:265
[0m[33m[0.273ms] [34;1m[rows:1][0m SELECT * FROM `sys_authorities` WHERE `sys_authorities`.`authority_id` = 1001

2026/09/23 23:46:32 [32m/Users/zhaoyuedong/Desktop/生鲜项目/fresh-b2b/fresh-shop/server/service/system/sys_authority.go:217
[0m[33m[0.207ms] [34;1m[rows:0][0m SELECT * FROM `sys_authorities` WHERE parent_id = 1000

2026/09/23 23:46:32 [32m/Users/zhaoyuedong/Desktop/生鲜项目/fresh-b2b/fresh-shop/server/service/system/sys_user.go:265
[0m[33m[0.239ms] [34;1m[rows:1][0m SELECT * FROM `sys_authorities` WHERE `sys_authorities`.`authority_id` = 1001

2026/09/23 23:46:32 [32m/Users/zhaoyuedong/Desktop/生鲜项目/fresh-b2b/fresh-shop/server/service/system/sys_user.go:265
[0m[33m[1.292ms] [34;1m[rows:1][0m SELECT * FROM `sys_users` WHERE id != 1 AND `sys_users`.`deleted_at` IS NULL LIMIT 10

2026/09/23 23:46:32 [32m/Users/zhaoyuedong/Desktop/生鲜项目/fresh-b2b/fresh-shop/server/service/system/sys_authority.go:217
[0m[33m[0.280ms] [34;1m[rows:0][0m SELECT * FROM `sys_authorities` WHERE parent_id = 1001
[GIN] 2026/09/23 - 23:46:32 | 200 |    2.093209ms |       127.0.0.1 | POST     "/authority/getAuthorityList"

2026/09/23 23:46:32 [32m/Users/zhaoyuedong/Desktop/生鲜项目/fresh-b2b/fresh-shop/server/service/common/account.go:176
[0m[33m[0.776ms] [34;1m[rows:1][0m SELECT `user_account`.`id`,`user_account`.`created_at`,`user_account`.`updated_at`,`user_account`.`deleted_at`,`user_account`.`user_id`,`user_account`.`group_id`,`user_account`.`amount`,`user_account`.`freeze_amount`,`user_account`.`lock_amount`,`user_account`.`in_amount`,`user_account`.`out_amount`,`user_account`.`status`,`Group`.`id` AS `Group__id`,`Group`.`created_at` AS `Group__created_at`,`Group`.`updated_at` AS `Group__updated_at`,`Group`.`deleted_at` AS `Group__deleted_at`,`Group`.`name_en` AS `Group__name_en`,`Group`.`name_cn` AS `Group__name_cn`,`Group`.`places` AS `Group__places`,`Group`.`status` AS `Group__status`,`Group`.`sync` AS `Group__sync` FROM `user_account` LEFT JOIN `user_account_group` `Group` ON `user_account`.`group_id` = `Group`.`id` AND `Group`.`deleted_at` IS NULL WHERE (Group.status = 1 and user_id = 83) AND `user_account`.`deleted_at` IS NULL
[GIN] 2026/09/23 - 23:46:32 | 200 |    2.903125ms |       127.0.0.1 | POST     "/user/getUserList"

2026/09/23 23:47:01 [32m/Users/zhaoyuedong/Desktop/生鲜项目/fresh-b2b/fresh-shop/server/service/system/sys_menu.go:30
[0m[33m[1.534ms] [34;1m[rows:25][0m SELECT * FROM `sys_authority_menus` WHERE sys_authority_authority_id = 999

2026/09/23 23:47:01 [32m/Users/zhaoyuedong/Desktop/生鲜项目/fresh-b2b/fresh-shop/server/service/system/sys_menu.go:41
[0m[33m[0.435ms] [34;1m[rows:2][0m SELECT * FROM `sys_base_menu_parameters` WHERE `sys_base_menu_parameters`.`sys_base_menu_id` IN (37,42,1,52,53,36,44,7,11,38,39,45,46,47,24) AND `sys_base_menu_parameters`.`deleted_at` IS NULL

2026/09/23 23:47:01 [32m/Users/zhaoyuedong/Desktop/生鲜项目/fresh-b2b/fresh-shop/server/service/system/sys_menu.go:41
[0m[33m[1.237ms] [34;1m[rows:15][0m SELECT * FROM `sys_base_menus` WHERE id in ('1','7','11','12','13','24','30','32','33','35','36','37','38','39','40','42','43','44','45','46','47','50','51','52','53') AND `sys_base_menus`.`deleted_at` IS NULL ORDER BY sort

2026/09/23 23:47:01 [32m/Users/zhaoyuedong/Desktop/生鲜项目/fresh-b2b/fresh-shop/server/service/system/sys_menu.go:55
[0m[33m[0.542ms] [34;1m[rows:0][0m SELECT * FROM `sys_authority_btns` WHERE authority_id = 999
[GIN] 2026/09/23 - 23:47:01 | 200 |    4.935584ms |       127.0.0.1 | POST     "/menu/getMenu"

2026/09/23 23:47:01 [32m/Users/zhaoyuedong/Desktop/生鲜项目/fresh-b2b/fresh-shop/server/service/system/sys_user.go:379
[0m[33m[0.214ms] [34;1m[rows:2][0m SELECT * FROM `sys_user_authority` WHERE `sys_user_authority`.`sys_user_id` = 1

2026/09/23 23:47:01 [32m/Users/zhaoyuedong/Desktop/生鲜项目/fresh-b2b/fresh-shop/server/service/system/sys_user.go:379
[0m[33m[0.190ms] [34;1m[rows:2][0m SELECT * FROM `sys_authorities` WHERE `sys_authorities`.`authority_id` IN (888,999)

2026/09/23 23:47:01 [32m/Users/zhaoyuedong/Desktop/生鲜项目/fresh-b2b/fresh-shop/server/service/system/sys_user.go:379
[0m[33m[0.146ms] [34;1m[rows:1][0m SELECT * FROM `sys_authorities` WHERE `sys_authorities`.`authority_id` = 999

2026/09/23 23:47:01 [32m/Users/zhaoyuedong/Desktop/生鲜项目/fresh-b2b/fresh-shop/server/service/system/sys_user.go:379
[0m[33m[1.351ms] [34;1m[rows:1][0m SELECT * FROM `sys_users` WHERE uuid = 'f0f71391-6d0e-418c-a601-af3dde923073' AND `sys_users`.`deleted_at` IS NULL ORDER BY `sys_users`.`id` LIMIT 1

2026/09/23 23:47:01 [32m/Users/zhaoyuedong/Desktop/生鲜项目/fresh-b2b/fresh-shop/server/service/system/sys_menu.go:227
[0m[33m[0.176ms] [34;1m[rows:25][0m SELECT `sys_base_menu_id` FROM `sys_authority_menus` WHERE sys_authority_authority_id = 999

2026/09/23 23:47:01 [32m/Users/zhaoyuedong/Desktop/生鲜项目/fresh-b2b/fresh-shop/server/service/system/sys_menu.go:232
[0m[33m[0.278ms] [34;1m[rows:1][0m SELECT * FROM `sys_base_menus` WHERE (name = 'dashboard' and id in ('1','7','11','12','13','24','30','32','33','35','36','37','38','39','40','42','43','44','45','46','47','50','51','52','53')) AND `sys_base_menus`.`deleted_at` IS NULL ORDER BY `sys_base_menus`.`id` LIMIT 1

2026/09/23 23:47:01 [32m/Users/zhaoyuedong/Desktop/生鲜项目/fresh-b2b/fresh-shop/server/service/common/account.go:161
[0m[33m[0.155ms] [34;1m[rows:1][0m SELECT * FROM `user_account_group` WHERE `user_account_group`.`id` = 2 AND `user_account_group`.`deleted_at` IS NULL

2026/09/23 23:47:01 [32m/Users/zhaoyuedong/Desktop/生鲜项目/fresh-b2b/fresh-shop/server/service/common/account.go:161
[0m[33m[0.380ms] [34;1m[rows:1][0m SELECT * FROM `user_account` WHERE (user_id = 1 and group_id = 2) AND `user_account`.`deleted_at` IS NULL ORDER BY `user_account`.`id` LIMIT 1
[GIN] 2026/09/23 - 23:47:01 | 200 |    2.410833ms |       127.0.0.1 | GET      "/user/getUserInfo"

2026/09/23 23:47:01 [32m/Users/zhaoyuedong/Desktop/生鲜项目/fresh-b2b/fresh-shop/server/service/system/sys_authority.go:162
[0m[33m[0.772ms] [34;1m[rows:1][0m SELECT count(*) FROM `sys_authorities` WHERE authority_id not in (888, 999) AND parent_id = '0'

2026/09/23 23:47:01 [32m/Users/zhaoyuedong/Desktop/生鲜项目/fresh-b2b/fresh-shop/server/service/system/sys_user.go:248
[0m[33m[0.622ms] [34;1m[rows:1][0m SELECT count(*) FROM `sys_users` WHERE id != 1 AND `sys_users`.`deleted_at` IS NULL

2026/09/23 23:47:01 [32m/Users/zhaoyuedong/Desktop/生鲜项目/fresh-b2b/fresh-shop/server/service/system/sys_authority.go:166
[0m[33m[0.223ms] [34;1m[rows:0][0m SELECT * FROM `sys_data_authority_id` WHERE `sys_data_authority_id`.`sys_authority_authority_id` IN (1000,1001)

2026/09/23 23:47:01 [32m/Users/zhaoyuedong/Desktop/生鲜项目/fresh-b2b/fresh-shop/server/service/system/sys_authority.go:166
[0m[33m[0.796ms] [34;1m[rows:2][0m SELECT * FROM `sys_authorities` WHERE authority_id not in (888, 999) AND parent_id = '0' AND parent_id = '0' LIMIT 999

2026/09/23 23:47:01 [32m/Users/zhaoyuedong/Desktop/生鲜项目/fresh-b2b/fresh-shop/server/service/system/sys_user.go:265
[0m[33m[0.341ms] [34;1m[rows:1][0m SELECT * FROM `sys_user_authority` WHERE `sys_user_authority`.`sys_user_id` = 83

2026/09/23 23:47:01 [32m/Users/zhaoyuedong/Desktop/生鲜项目/fresh-b2b/fresh-shop/server/service/system/sys_authority.go:217
[0m[33m[0.285ms] [34;1m[rows:0][0m SELECT * FROM `sys_authorities` WHERE parent_id = 1000

2026/09/23 23:47:01 [32m/Users/zhaoyuedong/Desktop/生鲜项目/fresh-b2b/fresh-shop/server/service/system/sys_user.go:265
[0m[33m[0.198ms] [34;1m[rows:1][0m SELECT * FROM `sys_authorities` WHERE `sys_authorities`.`authority_id` = 1001

2026/09/23 23:47:01 [32m/Users/zhaoyuedong/Desktop/生鲜项目/fresh-b2b/fresh-shop/server/service/system/sys_authority.go:217
[0m[33m[0.161ms] [34;1m[rows:0][0m SELECT * FROM `sys_authorities` WHERE parent_id = 1001

2026/09/23 23:47:01 [32m/Users/zhaoyuedong/Desktop/生鲜项目/fresh-b2b/fresh-shop/server/service/system/sys_user.go:265
[0m[33m[0.155ms] [34;1m[rows:1][0m SELECT * FROM `sys_authorities` WHERE `sys_authorities`.`authority_id` = 1001

2026/09/23 23:47:01 [32m/Users/zhaoyuedong/Desktop/生鲜项目/fresh-b2b/fresh-shop/server/service/system/sys_user.go:265
[0m[33m[1.222ms] [34;1m[rows:1][0m SELECT * FROM `sys_users` WHERE id != 1 AND `sys_users`.`deleted_at` IS NULL LIMIT 10
[GIN] 2026/09/23 - 23:47:01 | 200 |    2.757083ms |       127.0.0.1 | POST     "/authority/getAuthorityList"

2026/09/23 23:47:01 [32m/Users/zhaoyuedong/Desktop/生鲜项目/fresh-b2b/fresh-shop/server/service/common/account.go:176
[0m[33m[9.479ms] [34;1m[rows:1][0m SELECT `user_account`.`id`,`user_account`.`created_at`,`user_account`.`updated_at`,`user_account`.`deleted_at`,`user_account`.`user_id`,`user_account`.`group_id`,`user_account`.`amount`,`user_account`.`freeze_amount`,`user_account`.`lock_amount`,`user_account`.`in_amount`,`user_account`.`out_amount`,`user_account`.`status`,`Group`.`id` AS `Group__id`,`Group`.`created_at` AS `Group__created_at`,`Group`.`updated_at` AS `Group__updated_at`,`Group`.`deleted_at` AS `Group__deleted_at`,`Group`.`name_en` AS `Group__name_en`,`Group`.`name_cn` AS `Group__name_cn`,`Group`.`places` AS `Group__places`,`Group`.`status` AS `Group__status`,`Group`.`sync` AS `Group__sync` FROM `user_account` LEFT JOIN `user_account_group` `Group` ON `user_account`.`group_id` = `Group`.`id` AND `Group`.`deleted_at` IS NULL WHERE (Group.status = 1 and user_id = 83) AND `user_account`.`deleted_at` IS NULL
[GIN] 2026/09/23 - 23:47:01 | 200 |   12.250834ms |       127.0.0.1 | POST     "/user/getUserList"

2026/09/23 23:47:01 [32m/Users/zhaoyuedong/Desktop/生鲜项目/fresh-b2b/fresh-shop/server/service/system/sys_dictionary.go:90
[0m[33m[0.656ms] [34;1m[rows:5][0m SELECT * FROM `sys_dictionary_details` WHERE `sys_dictionary_details`.`sys_dictionary_id` = 22 AND status = true AND `sys_dictionary_details`.`deleted_at` IS NULL

2026/09/23 23:47:01 [32m/Users/zhaoyuedong/Desktop/生鲜项目/fresh-b2b/fresh-shop/server/service/system/sys_dictionary.go:90
[0m[33m[2.076ms] [34;1m[rows:1][0m SELECT * FROM `sys_dictionaries` WHERE ((type = 'auditStatus' OR id = 0) and status = true) AND `sys_dictionaries`.`deleted_at` IS NULL ORDER BY `sys_dictionaries`.`id` LIMIT 1
[GIN] 2026/09/23 - 23:47:01 | 200 |     2.18825ms |       127.0.0.1 | GET      "/sysDictionary/findSysDictionary?type=auditStatus"

2026/09/23 23:47:24 [32m/Users/zhaoyuedong/Desktop/生鲜项目/fresh-b2b/fresh-shop/server/service/file/exa_file_upload_download.go:77
[0m[33m[1.313ms] [34;1m[rows:1][0m SELECT count(*) FROM `exa_file_upload_and_downloads` WHERE `exa_file_upload_and_downloads`.`deleted_at` IS NULL

2026/09/23 23:47:24 [32m/Users/zhaoyuedong/Desktop/生鲜项目/fresh-b2b/fresh-shop/server/service/file/exa_file_upload_download.go:81
[0m[33m[2.407ms] [34;1m[rows:20][0m SELECT * FROM `exa_file_upload_and_downloads` WHERE `exa_file_upload_and_downloads`.`deleted_at` IS NULL ORDER BY updated_at desc LIMIT 20
[GIN] 2026/09/23 - 23:47:24 | 200 |    4.424792ms |       127.0.0.1 | POST     "/fileUploadAndDownload/getFileList"
[GIN] 2026/09/23 - 23:47:24 | 304 |     166.042µs |       127.0.0.1 | GET      "/uploads/file/e875e248cb2504b31d546ba69911946d_20260923234412.png"

2026/09/23 23:47:29 [32m/Users/zhaoyuedong/Desktop/生鲜项目/fresh-b2b/fresh-shop/server/service/system/sys_user.go:79
[0m[33m[1.196ms] [34;1m[rows:2][0m SELECT * FROM `user_account_group` WHERE `user_account_group`.`deleted_at` IS NULL

2026/09/23 23:47:29 [31;1m/Users/zhaoyuedong/Desktop/生鲜项目/fresh-b2b/fresh-shop/server/service/system/sys_user.go:96 [35;1mrecord not found
[0m[33m[0.533ms] [34;1m[rows:0][0m SELECT * FROM `sys_users` WHERE username = '阿牛1111' AND `sys_users`.`deleted_at` IS NULL ORDER BY `sys_users`.`id` LIMIT 1

2026/09/23 23:47:29 [31;1m/Users/zhaoyuedong/Desktop/生鲜项目/fresh-b2b/fresh-shop/server/service/system/sys_user.go:104 [35;1mrecord not found
[0m[33m[0.336ms] [34;1m[rows:0][0m SELECT * FROM `sys_users` WHERE invitation_code = 'S03ANOAH' AND `sys_users`.`deleted_at` IS NULL ORDER BY `sys_users`.`id` LIMIT 1

2026/09/23 23:47:29 [31;1m/Users/zhaoyuedong/Desktop/生鲜项目/fresh-b2b/fresh-shop/server/service/system/sys_user.go:118 [35;1mError 1292: Incorrect datetime value: '0000-00-00' for column 'login_time' at row 1
[0m[33m[0.778ms] [34;1m[rows:0][0m INSERT INTO `sys_users` (`created_at`,`updated_at`,`deleted_at`,`uuid`,`open_id`,`username`,`invitation_code`,`password`,`safe_password`,`nick_name`,`sex`,`side_mode`,`header_img`,`base_color`,`active_color`,`authority_id`,`phone`,`email`,`enable`,`login_ip`,`login_time`,`origin_contact_name`,`change_contact_name`,`origin_customer_name`,`change_customer_name`,`audit_status`,`audit_remark`,`apply_time`) VALUES ('2026-09-23 23:47:29.096','2026-09-23 23:47:29.096',NULL,'d336d7f0-77ea-4276-b1ac-7d0c1152c56a','','阿牛1111','S03ANOAH','$2a$10$NACoxO8dy5yektcCVTQ4U.KloveZWqTc8PRfFWY3ZyC7VokOFKyJK','','阿牛',0,'dark','uploads/file/e875e248cb2504b31d546ba69911946d_20260923234412.png','#fff','#1890ff',1000,'17780639916','',1,'','0000-00-00 00:00:00','','','','',0,'','0000-00-00 00:00:00')

2026/09/23 23:47:29 [31;1m/Users/zhaoyuedong/Desktop/生鲜项目/fresh-b2b/fresh-shop/server/service/system/sys_user.go:128 [35;1mError 1062: Duplicate entry '0-1' for key 'user_account.uid_coin'
[0m[33m[0.659ms] [34;1m[rows:0][0m INSERT INTO `user_account` (`created_at`,`updated_at`,`deleted_at`,`user_id`,`group_id`,`amount`,`freeze_amount`,`lock_amount`,`in_amount`,`out_amount`,`status`) VALUES ('2026-09-23 23:47:29.097','2026-09-23 23:47:29.097',NULL,0,1,0.000000,0.000000,0.000000,0.000000,0.000000,1),('2026-09-23 23:47:29.097','2026-09-23 23:47:29.097',NULL,0,2,0.000000,0.000000,0.000000,0.000000,0.000000,1)
[fresh_shop/server]2026/09/23 - 23:47:29.098	[31merror[0m	/Users/zhaoyuedong/Desktop/生鲜项目/fresh-b2b/fresh-shop/server/service/system/sys_user.go:130	注册用户 --- 用户名：阿牛1111, 创建账户配置失败, 插入数据: []account.Account{account.Account{DbModel:global.DbModel{ID:0x0, CreatedAt:time.Date(2026, time.September, 23, 23, 47, 29, 97000000, time.Local), UpdatedAt:time.Date(2026, time.September, 23, 23, 47, 29, 97000000, time.Local), DeletedAt:gorm.DeletedAt{Time:time.Date(1, time.January, 1, 0, 0, 0, 0, time.UTC), Valid:false}}, UserId:(*uint)(0x1803cc76fb08), GroupId:(*uint)(0x1803ce7a0ee8), Amount:(*float64)(0x1803ce7a0f08), FreezeAmount:(*float64)(0x1803ce7a0f10), LockAmount:(*float64)(0x1803ce7a0f18), InAmount:(*float64)(0x1803ce7a0f20), OutAmount:(*float64)(0x1803ce7a0f28), Status:(*int)(0x1803ce7a0f30), User:system.SysUser{DbModel:global.DbModel{ID:0x0, CreatedAt:time.Date(1, time.January, 1, 0, 0, 0, 0, time.UTC), UpdatedAt:time.Date(1, time.January, 1, 0, 0, 0, 0, time.UTC), DeletedAt:gorm.DeletedAt{Time:time.Date(1, time.January, 1, 0, 0, 0, 0, time.UTC), Valid:false}}, UUID:uuid.UUID{0x0, 0x0, 0x0, 0x0, 0x0, 0x0, 0x0, 0x0, 0x0, 0x0, 0x0, 0x0, 0x0, 0x0, 0x0, 0x0}, OpenId:"", Username:"", InvitationCode:"", Password:"", SafePassword:"", NickName:"", Sex:0, SideMode:"", HeaderImg:"", BaseColor:"", ActiveColor:"", AuthorityId:0x0, Authority:system.SysAuthority{CreatedAt:time.Date(1, time.January, 1, 0, 0, 0, 0, time.UTC), UpdatedAt:time.Date(1, time.January, 1, 0, 0, 0, 0, time.UTC), DeletedAt:<nil>, AuthorityId:0x0, AuthorityName:"", ParentId:(*uint)(nil), DataAuthorityId:[]*system.SysAuthority(nil), Children:[]system.SysAuthority(nil), SysBaseMenus:[]system.SysBaseMenu(nil), Users:[]system.SysUser(nil), DefaultRouter:""}, Authorities:[]system.SysAuthority(nil), Phone:"", Email:"", Enable:0, LoginIp:"", LoginTime:time.Date(1, time.January, 1, 0, 0, 0, 0, time.UTC), OriginContactName:"", ChangeContactName:"", OriginCustomerName:"", ChangeCustomerName:"", AuditStatus:0, AuditRemark:"", ApplyTime:time.Date(1, time.January, 1, 0, 0, 0, 0, time.UTC), Account:interface {}(nil)}, Group:account.AccountGroup{DbModel:global.DbModel{ID:0x0, CreatedAt:time.Date(1, time.January, 1, 0, 0, 0, 0, time.UTC), UpdatedAt:time.Date(1, time.January, 1, 0, 0, 0, 0, time.UTC), DeletedAt:gorm.DeletedAt{Time:time.Date(1, time.January, 1, 0, 0, 0, 0, time.UTC), Valid:false}}, NameEn:"", NameCn:"", Places:(*float64)(nil), Status:(*int)(nil), Sync:(*int)(nil)}}, account.Account{DbModel:global.DbModel{ID:0x0, CreatedAt:time.Date(2026, time.September, 23, 23, 47, 29, 97000000, time.Local), UpdatedAt:time.Date(2026, time.September, 23, 23, 47, 29, 97000000, time.Local), DeletedAt:gorm.DeletedAt{Time:time.Date(1, time.January, 1, 0, 0, 0, 0, time.UTC), Valid:false}}, UserId:(*uint)(0x1803cc76fb08), GroupId:(*uint)(0x1803ce7a0f00), Amount:(*float64)(0x1803ce7a0f48), FreezeAmount:(*float64)(0x1803ce7a0f50), LockAmount:(*float64)(0x1803ce7a0f58), InAmount:(*float64)(0x1803ce7a0f60), OutAmount:(*float64)(0x1803ce7a0f68), Status:(*int)(0x1803ce7a0f70), User:system.SysUser{DbModel:global.DbModel{ID:0x0, CreatedAt:time.Date(1, time.January, 1, 0, 0, 0, 0, time.UTC), UpdatedAt:time.Date(1, time.January, 1, 0, 0, 0, 0, time.UTC), DeletedAt:gorm.DeletedAt{Time:time.Date(1, time.January, 1, 0, 0, 0, 0, time.UTC), Valid:false}}, UUID:uuid.UUID{0x0, 0x0, 0x0, 0x0, 0x0, 0x0, 0x0, 0x0, 0x0, 0x0, 0x0, 0x0, 0x0, 0x0, 0x0, 0x0}, OpenId:"", Username:"", InvitationCode:"", Password:"", SafePassword:"", NickName:"", Sex:0, SideMode:"", HeaderImg:"", BaseColor:"", ActiveColor:"", AuthorityId:0x0, Authority:system.SysAuthority{CreatedAt:time.Date(1, time.January, 1, 0, 0, 0, 0, time.UTC), UpdatedAt:time.Date(1, time.January, 1, 0, 0, 0, 0, time.UTC), DeletedAt:<nil>, AuthorityId:0x0, AuthorityName:"", ParentId:(*uint)(nil), DataAuthorityId:[]*system.SysAuthority(nil), Children:[]system.SysAuthority(nil), SysBaseMenus:[]system.SysBaseMenu(nil), Users:[]system.SysUser(nil), DefaultRouter:""}, Authorities:[]system.SysAuthority(nil), Phone:"", Email:"", Enable:0, LoginIp:"", LoginTime:time.Date(1, time.January, 1, 0, 0, 0, 0, time.UTC), OriginContactName:"", ChangeContactName:"", OriginCustomerName:"", ChangeCustomerName:"", AuditStatus:0, AuditRemark:"", ApplyTime:time.Date(1, time.January, 1, 0, 0, 0, 0, time.UTC), Account:interface {}(nil)}, Group:account.AccountGroup{DbModel:global.DbModel{ID:0x0, CreatedAt:time.Date(1, time.January, 1, 0, 0, 0, 0, time.UTC), UpdatedAt:time.Date(1, time.January, 1, 0, 0, 0, 0, time.UTC), DeletedAt:gorm.DeletedAt{Time:time.Date(1, time.January, 1, 0, 0, 0, 0, time.UTC), Valid:false}}, NameEn:"", NameCn:"", Places:(*float64)(nil), Status:(*int)(nil), Sync:(*int)(nil)}}} ,err: Error 1062: Duplicate entry '0-1' for key 'user_account.uid_coin'
[fresh_shop/server]2026/09/23 - 23:47:29.099	[31merror[0m	/Users/zhaoyuedong/Desktop/生鲜项目/fresh-b2b/fresh-shop/server/api/v1/system/sys_user.go:208	注册失败!	{"error": "Error 1062: Duplicate entry '0-1' for key 'user_account.uid_coin'"}

2026/09/23 23:47:29 [32m/Users/zhaoyuedong/Desktop/生鲜项目/fresh-b2b/fresh-shop/server/service/system/sys_operation_record.go:19
[0m[33m[2.336ms] [34;1m[rows:1][0m INSERT INTO `sys_operation_records` (`created_at`,`updated_at`,`deleted_at`,`ip`,`method`,`path`,`status`,`latency`,`agent`,`error_message`,`body`,`resp`,`user_id`) VALUES ('2026-09-23 23:47:29.1','2026-09-23 23:47:29.1',NULL,'127.0.0.1','POST','/user/admin_register',200,80587584,'Mozilla/5.0 (Macintosh; Intel Mac OS X 10_15_7) AppleWebKit/537.36 (KHTML, like Gecko) Chrome/151.0.0.0 Safari/537.36','','{"userName":"阿牛1111","password":"zhaoyue267","nickName":"阿牛","headerImg":"uploads/file/e875e248cb2504b31d546ba69911946d_20260923234412.png","authorityId":1000,"originContactName":"赵玥栋","originCustomerName":"","changeCustomerName":"","changeContactName":"","auditStatus":0,"auditRemark":"","authorityIds":[1000],"enable":1,"phone":"17780639916"}','{"code":7,"data":{"user":{"ID":0,"CreatedAt":"2026-09-23T23:47:29.096+08:00","UpdatedAt":"2026-09-23T23:47:29.096+08:00","uuid":"d336d7f0-77ea-4276-b1ac-7d0c1152c56a","openId":"","userName":"阿牛1111","invitationCode":"S03ANOAH","nickName":"阿牛","sex":0,"sideMode":"dark","headerImg":"uploads/file/e875e248cb2504b31d546ba69911946d_20260923234412.png","baseColor":"#fff","activeColor":"#1890ff","authorityId":1000,"authority":{"CreatedAt":"0001-01-01T00:00:00Z","UpdatedAt":"0001-01-01T00:00:00Z","DeletedAt":null,"authorityId":0,"authorityName":"","parentId":null,"dataAuthorityId":null,"children":null,"menus":null,"defaultRouter":""},"authorities":[{"CreatedAt":"0001-01-01T00:00:00Z","UpdatedAt":"0001-01-01T00:00:00Z","DeletedAt":null,"authorityId":1000,"authorityName":"","parentId":null,"dataAuthorityId":null,"children":null,"menus":null,"defaultRouter":""}],"phone":"17780639916","email":"","enable":1,"loginIp":"","loginTime":"0001-01-01T00:00:00Z","originContactName":"","changeContactName":"","originCustomerName":"","changeCustomerName":"","auditStatus":0,"auditRemark":"","applyTime":"0001-01-01T00:00:00Z","account":null}},"msg":"Error 1062: Duplicate entry \'0-1\' for key \'user_account.uid_coin\'"}',1)
[GIN] 2026/09/23 - 23:47:29 | 200 |   83.356458ms |       127.0.0.1 | POST     "/user/admin_register"
2026/09/23 23:52:23 23154 Received SIGTERM.
2026/09/23 23:52:23 23154 Waiting for connections to finish...
2026/09/23 23:52:23 23154 Serve() returning...
2026/09/23 23:52:23 23154 [::]:48888 Listener closed.
[fresh_shop/server]2026/09/23 - 23:52:23.819	[31merror[0m	/Users/zhaoyuedong/Desktop/生鲜项目/fresh-b2b/fresh-shop/server/core/server.go:44	accept tcp [::]:48888: use of closed network connection
