您正在使用gin模式的GIN_MODE环境名称,config的路径为config.yaml
[GIN-debug] [WARNING] Creating an Engine instance with the Logger and Recovery middleware already attached.

[GIN-debug] [WARNING] Running in "debug" mode. Switch to "release" mode in production.
 - using env:	export GIN_MODE=release
 - using code:	gin.SetMode(gin.ReleaseMode)

无鉴权插件安装==》 &{[0x104d4c7b0 0x104d4cb90] / 0x54e19642c000 false}
鉴权插件安装==》 &{[0x104d4c7b0 0x104d4cb90] / 0x54e19642c000 false}
[GIN-debug] POST   /email/emailTest          --> fresh-shop/server/plugin/email/api.(*EmailApi).EmailTest-fm (6 handlers)
[GIN-debug] POST   /email/sendEmail          --> fresh-shop/server/plugin/email/api.(*EmailApi).SendEmail-fm (6 handlers)
[GIN-debug] GET    /uploads/file/*filepath   --> github.com/gin-gonic/gin.(*RouterGroup).createStaticHandler.func1 (3 handlers)
[GIN-debug] HEAD   /uploads/file/*filepath   --> github.com/gin-gonic/gin.(*RouterGroup).createStaticHandler.func1 (3 handlers)
[GIN-debug] GET    /swagger/*any             --> github.com/swaggo/gin-swagger.CustomWrapHandler.func1 (3 handlers)
[fresh_shop/server]2026/09/29 - 23:28:41.407	[34minfo[0m	/Users/zhaoyuedong/Desktop/生鲜项目/fresh-b2b/fresh-shop/server/initialize/router.go:39	register swagger handler
[GIN-debug] GET    /health                   --> fresh-shop/server/initialize.Routers.func1 (3 handlers)
[GIN-debug] POST   /base/login               --> fresh-shop/server/api/v1/system.(*BaseApi).Login-fm (3 handlers)
[GIN-debug] POST   /base/loginWx             --> fresh-shop/server/api/v1/system.(*BaseApi).LoginWx-fm (3 handlers)
[GIN-debug] POST   /base/loginByPhone        --> fresh-shop/server/api/v1/system.(*BaseApi).LoginByPhone-fm (3 handlers)
[GIN-debug] POST   /base/register            --> fresh-shop/server/api/v1/system.(*BaseApi).RegisterMiniprogram-fm (3 handlers)
[GIN-debug] POST   /base/registerCompany     --> fresh-shop/server/api/v1/system.(*BaseApi).RegisterCompany-fm (3 handlers)
[GIN-debug] POST   /base/joinCompany         --> fresh-shop/server/api/v1/system.(*BaseApi).JoinCompany-fm (3 handlers)
[GIN-debug] GET    /base/getCompanyByInviteCode --> fresh-shop/server/api/v1/system.(*BaseApi).GetCompanyByInviteCode-fm (3 handlers)
[GIN-debug] POST   /base/captcha             --> fresh-shop/server/api/v1/system.(*BaseApi).Captcha-fm (3 handlers)
[GIN-debug] POST   /init/initdb              --> fresh-shop/server/api/v1/system.(*DBApi).InitDB-fm (3 handlers)
[GIN-debug] POST   /init/checkdb             --> fresh-shop/server/api/v1/system.(*DBApi).CheckDB-fm (3 handlers)
[GIN-debug] POST   /api/createApi            --> fresh-shop/server/api/v1/system.(*SystemApiApi).CreateApi-fm (7 handlers)
[GIN-debug] POST   /api/deleteApi            --> fresh-shop/server/api/v1/system.(*SystemApiApi).DeleteApi-fm (7 handlers)
[GIN-debug] POST   /api/getApiById           --> fresh-shop/server/api/v1/system.(*SystemApiApi).GetApiById-fm (7 handlers)
[GIN-debug] POST   /api/updateApi            --> fresh-shop/server/api/v1/system.(*SystemApiApi).UpdateApi-fm (7 handlers)
[GIN-debug] DELETE /api/deleteApisByIds      --> fresh-shop/server/api/v1/system.(*SystemApiApi).DeleteApisByIds-fm (7 handlers)
[GIN-debug] POST   /api/getAllApis           --> fresh-shop/server/api/v1/system.(*SystemApiApi).GetAllApis-fm (6 handlers)
[GIN-debug] POST   /api/getApiList           --> fresh-shop/server/api/v1/system.(*SystemApiApi).GetApiList-fm (6 handlers)
[GIN-debug] POST   /jwt/jsonInBlacklist      --> fresh-shop/server/api/v1/system.(*JwtApi).JsonInBlacklist-fm (6 handlers)
[GIN-debug] POST   /user/admin_register      --> fresh-shop/server/api/v1/system.(*BaseApi).Register-fm (7 handlers)
[GIN-debug] POST   /user/changePassword      --> fresh-shop/server/api/v1/system.(*BaseApi).ChangePassword-fm (7 handlers)
[GIN-debug] POST   /user/setUserAuthority    --> fresh-shop/server/api/v1/system.(*BaseApi).SetUserAuthority-fm (7 handlers)
[GIN-debug] DELETE /user/deleteUser          --> fresh-shop/server/api/v1/system.(*BaseApi).DeleteUser-fm (7 handlers)
[GIN-debug] PUT    /user/setUserInfo         --> fresh-shop/server/api/v1/system.(*BaseApi).SetUserInfo-fm (7 handlers)
[GIN-debug] PUT    /user/setSelfInfo         --> fresh-shop/server/api/v1/system.(*BaseApi).SetSelfInfo-fm (7 handlers)
[GIN-debug] POST   /user/setUserAuthorities  --> fresh-shop/server/api/v1/system.(*BaseApi).SetUserAuthorities-fm (7 handlers)
[GIN-debug] POST   /user/resetPassword       --> fresh-shop/server/api/v1/system.(*BaseApi).ResetPassword-fm (7 handlers)
[GIN-debug] GET    /user/getAuditStatus      --> fresh-shop/server/api/v1/system.(*BaseApi).GetAuditStatus-fm (6 handlers)
[GIN-debug] POST   /user/getUserList         --> fresh-shop/server/api/v1/system.(*BaseApi).GetUserList-fm (6 handlers)
[GIN-debug] GET    /user/getUserInfo         --> fresh-shop/server/api/v1/system.(*BaseApi).GetUserInfo-fm (6 handlers)
[GIN-debug] POST   /menu/addBaseMenu         --> fresh-shop/server/api/v1/system.(*AuthorityMenuApi).AddBaseMenu-fm (7 handlers)
[GIN-debug] POST   /menu/addMenuAuthority    --> fresh-shop/server/api/v1/system.(*AuthorityMenuApi).AddMenuAuthority-fm (7 handlers)
[GIN-debug] POST   /menu/deleteBaseMenu      --> fresh-shop/server/api/v1/system.(*AuthorityMenuApi).DeleteBaseMenu-fm (7 handlers)
[GIN-debug] POST   /menu/updateBaseMenu      --> fresh-shop/server/api/v1/system.(*AuthorityMenuApi).UpdateBaseMenu-fm (7 handlers)
[GIN-debug] POST   /menu/getMenu             --> fresh-shop/server/api/v1/system.(*AuthorityMenuApi).GetMenu-fm (6 handlers)
[GIN-debug] POST   /menu/getMenuList         --> fresh-shop/server/api/v1/system.(*AuthorityMenuApi).GetMenuList-fm (6 handlers)
[GIN-debug] POST   /menu/getBaseMenuTree     --> fresh-shop/server/api/v1/system.(*AuthorityMenuApi).GetBaseMenuTree-fm (6 handlers)
[GIN-debug] POST   /menu/getMenuAuthority    --> fresh-shop/server/api/v1/system.(*AuthorityMenuApi).GetMenuAuthority-fm (6 handlers)
[GIN-debug] POST   /menu/getBaseMenuById     --> fresh-shop/server/api/v1/system.(*AuthorityMenuApi).GetBaseMenuById-fm (6 handlers)
[GIN-debug] POST   /system/getSystemConfig   --> fresh-shop/server/api/v1/system.(*SystemApi).GetSystemConfig-fm (7 handlers)
[GIN-debug] POST   /system/setSystemConfig   --> fresh-shop/server/api/v1/system.(*SystemApi).SetSystemConfig-fm (7 handlers)
[GIN-debug] POST   /system/getServerInfo     --> fresh-shop/server/api/v1/system.(*SystemApi).GetServerInfo-fm (7 handlers)
[GIN-debug] POST   /system/reloadSystem      --> fresh-shop/server/api/v1/system.(*SystemApi).ReloadSystem-fm (7 handlers)
[GIN-debug] POST   /casbin/updateCasbin      --> fresh-shop/server/api/v1/system.(*CasbinApi).UpdateCasbin-fm (7 handlers)
[GIN-debug] POST   /casbin/getPolicyPathByAuthorityId --> fresh-shop/server/api/v1/system.(*CasbinApi).GetPolicyPathByAuthorityId-fm (6 handlers)
[GIN-debug] GET    /autoCode/getDB           --> fresh-shop/server/api/v1/system.(*AutoCodeApi).GetDB-fm (6 handlers)
[GIN-debug] GET    /autoCode/getTables       --> fresh-shop/server/api/v1/system.(*AutoCodeApi).GetTables-fm (6 handlers)
[GIN-debug] GET    /autoCode/getColumn       --> fresh-shop/server/api/v1/system.(*AutoCodeApi).GetColumn-fm (6 handlers)
[GIN-debug] POST   /autoCode/preview         --> fresh-shop/server/api/v1/system.(*AutoCodeApi).PreviewTemp-fm (6 handlers)
[GIN-debug] POST   /autoCode/createTemp      --> fresh-shop/server/api/v1/system.(*AutoCodeApi).CreateTemp-fm (6 handlers)
[GIN-debug] POST   /autoCode/createPackage   --> fresh-shop/server/api/v1/system.(*AutoCodeApi).CreatePackage-fm (6 handlers)
[GIN-debug] POST   /autoCode/getPackage      --> fresh-shop/server/api/v1/system.(*AutoCodeApi).GetPackage-fm (6 handlers)
[GIN-debug] POST   /autoCode/delPackage      --> fresh-shop/server/api/v1/system.(*AutoCodeApi).DelPackage-fm (6 handlers)
[GIN-debug] POST   /autoCode/createPlug      --> fresh-shop/server/api/v1/system.(*AutoCodeApi).AutoPlug-fm (6 handlers)
[GIN-debug] POST   /autoCode/installPlugin   --> fresh-shop/server/api/v1/system.(*AutoCodeApi).InstallPlugin-fm (6 handlers)
[GIN-debug] POST   /authority/createAuthority --> fresh-shop/server/api/v1/system.(*AuthorityApi).CreateAuthority-fm (7 handlers)
[GIN-debug] POST   /authority/deleteAuthority --> fresh-shop/server/api/v1/system.(*AuthorityApi).DeleteAuthority-fm (7 handlers)
[GIN-debug] PUT    /authority/updateAuthority --> fresh-shop/server/api/v1/system.(*AuthorityApi).UpdateAuthority-fm (7 handlers)
[GIN-debug] POST   /authority/copyAuthority  --> fresh-shop/server/api/v1/system.(*AuthorityApi).CopyAuthority-fm (7 handlers)
[GIN-debug] POST   /authority/setDataAuthority --> fresh-shop/server/api/v1/system.(*AuthorityApi).SetDataAuthority-fm (7 handlers)
[GIN-debug] POST   /authority/getAuthorityList --> fresh-shop/server/api/v1/system.(*AuthorityApi).GetAuthorityList-fm (6 handlers)
[GIN-debug] POST   /sysDictionary/createSysDictionary --> fresh-shop/server/api/v1/system.(*DictionaryApi).CreateSysDictionary-fm (7 handlers)
[GIN-debug] DELETE /sysDictionary/deleteSysDictionary --> fresh-shop/server/api/v1/system.(*DictionaryApi).DeleteSysDictionary-fm (7 handlers)
[GIN-debug] PUT    /sysDictionary/updateSysDictionary --> fresh-shop/server/api/v1/system.(*DictionaryApi).UpdateSysDictionary-fm (7 handlers)
[GIN-debug] GET    /sysDictionary/findSysDictionary --> fresh-shop/server/api/v1/system.(*DictionaryApi).FindSysDictionary-fm (6 handlers)
[GIN-debug] GET    /sysDictionary/getSysDictionaryList --> fresh-shop/server/api/v1/system.(*DictionaryApi).GetSysDictionaryList-fm (6 handlers)
[GIN-debug] POST   /autoCode/getMeta         --> fresh-shop/server/api/v1/system.(*AutoCodeHistoryApi).First-fm (6 handlers)
[GIN-debug] POST   /autoCode/rollback        --> fresh-shop/server/api/v1/system.(*AutoCodeHistoryApi).RollBack-fm (6 handlers)
[GIN-debug] POST   /autoCode/delSysHistory   --> fresh-shop/server/api/v1/system.(*AutoCodeHistoryApi).Delete-fm (6 handlers)
[GIN-debug] POST   /autoCode/getSysHistory   --> fresh-shop/server/api/v1/system.(*AutoCodeHistoryApi).GetList-fm (6 handlers)
[GIN-debug] POST   /sysOperationRecord/createSysOperationRecord --> fresh-shop/server/api/v1/system.(*OperationRecordApi).CreateSysOperationRecord-fm (6 handlers)
[GIN-debug] DELETE /sysOperationRecord/deleteSysOperationRecord --> fresh-shop/server/api/v1/system.(*OperationRecordApi).DeleteSysOperationRecord-fm (6 handlers)
[GIN-debug] DELETE /sysOperationRecord/deleteSysOperationRecordByIds --> fresh-shop/server/api/v1/system.(*OperationRecordApi).DeleteSysOperationRecordByIds-fm (6 handlers)
[GIN-debug] GET    /sysOperationRecord/findSysOperationRecord --> fresh-shop/server/api/v1/system.(*OperationRecordApi).FindSysOperationRecord-fm (6 handlers)
[GIN-debug] GET    /sysOperationRecord/getSysOperationRecordList --> fresh-shop/server/api/v1/system.(*OperationRecordApi).GetSysOperationRecordList-fm (6 handlers)
[GIN-debug] POST   /sysDictionaryDetail/createSysDictionaryDetail --> fresh-shop/server/api/v1/system.(*DictionaryDetailApi).CreateSysDictionaryDetail-fm (7 handlers)
[GIN-debug] DELETE /sysDictionaryDetail/deleteSysDictionaryDetail --> fresh-shop/server/api/v1/system.(*DictionaryDetailApi).DeleteSysDictionaryDetail-fm (7 handlers)
[GIN-debug] PUT    /sysDictionaryDetail/updateSysDictionaryDetail --> fresh-shop/server/api/v1/system.(*DictionaryDetailApi).UpdateSysDictionaryDetail-fm (7 handlers)
[GIN-debug] GET    /sysDictionaryDetail/findSysDictionaryDetail --> fresh-shop/server/api/v1/system.(*DictionaryDetailApi).FindSysDictionaryDetail-fm (6 handlers)
[GIN-debug] GET    /sysDictionaryDetail/getSysDictionaryDetailList --> fresh-shop/server/api/v1/system.(*DictionaryDetailApi).GetSysDictionaryDetailList-fm (6 handlers)
[GIN-debug] POST   /authorityBtn/getAuthorityBtn --> fresh-shop/server/api/v1/system.(*AuthorityBtnApi).GetAuthorityBtn-fm (6 handlers)
[GIN-debug] POST   /authorityBtn/setAuthorityBtn --> fresh-shop/server/api/v1/system.(*AuthorityBtnApi).SetAuthorityBtn-fm (6 handlers)
[GIN-debug] POST   /authorityBtn/canRemoveAuthorityBtn --> fresh-shop/server/api/v1/system.(*AuthorityBtnApi).CanRemoveAuthorityBtn-fm (6 handlers)
[GIN-debug] POST   /sysConfig/createSysConfig --> fresh-shop/server/api/v1/system.(*SysConfigApi).CreateSysConfig-fm (7 handlers)
[GIN-debug] DELETE /sysConfig/deleteSysConfig --> fresh-shop/server/api/v1/system.(*SysConfigApi).DeleteSysConfig-fm (7 handlers)
[GIN-debug] DELETE /sysConfig/deleteSysConfigByIds --> fresh-shop/server/api/v1/system.(*SysConfigApi).DeleteSysConfigByIds-fm (7 handlers)
[GIN-debug] PUT    /sysConfig/updateSysConfig --> fresh-shop/server/api/v1/system.(*SysConfigApi).UpdateSysConfig-fm (7 handlers)
[GIN-debug] GET    /sysConfig/findSysConfig  --> fresh-shop/server/api/v1/system.(*SysConfigApi).FindSysConfig-fm (6 handlers)
[GIN-debug] GET    /sysConfig/getSysConfigList --> fresh-shop/server/api/v1/system.(*SysConfigApi).GetSysConfigList-fm (6 handlers)
[GIN-debug] GET    /sysConfig/findSysConfigByName --> fresh-shop/server/api/v1/system.(*SysConfigApi).FindSysConfigByName-fm (3 handlers)
[GIN-debug] POST   /company/create           --> fresh-shop/server/api/v1/system.(*CompanyApi).CreateCompany-fm (6 handlers)
[GIN-debug] GET    /company/list             --> fresh-shop/server/api/v1/system.(*CompanyApi).GetCompanyList-fm (6 handlers)
[GIN-debug] GET    /company/detail           --> fresh-shop/server/api/v1/system.(*CompanyApi).GetCompany-fm (6 handlers)
[GIN-debug] POST   /company/update           --> fresh-shop/server/api/v1/system.(*CompanyApi).UpdateCompany-fm (6 handlers)
[GIN-debug] POST   /company/delete           --> fresh-shop/server/api/v1/system.(*CompanyApi).DeleteCompany-fm (6 handlers)
[GIN-debug] GET    /company/pendingList      --> fresh-shop/server/api/v1/system.(*CompanyApi).GetPendingCompanies-fm (6 handlers)
[GIN-debug] POST   /company/audit            --> fresh-shop/server/api/v1/system.(*CompanyApi).AuditCompany-fm (6 handlers)
[GIN-debug] GET    /company/invitationCode   --> fresh-shop/server/api/v1/system.(*CompanyApi).GetCompanyByInvitationCode-fm (6 handlers)
[GIN-debug] POST   /fileUploadAndDownload/upload --> fresh-shop/server/api/v1/file.(*FileUploadAndDownloadApi).UploadFile-fm (6 handlers)
[GIN-debug] POST   /fileUploadAndDownload/getFileList --> fresh-shop/server/api/v1/file.(*FileUploadAndDownloadApi).GetFileList-fm (6 handlers)
[GIN-debug] POST   /fileUploadAndDownload/deleteFile --> fresh-shop/server/api/v1/file.(*FileUploadAndDownloadApi).DeleteFile-fm (6 handlers)
[GIN-debug] POST   /fileUploadAndDownload/editFileName --> fresh-shop/server/api/v1/file.(*FileUploadAndDownloadApi).EditFileName-fm (6 handlers)
[GIN-debug] POST   /fileUploadAndDownload/breakpointContinue --> fresh-shop/server/api/v1/file.(*FileUploadAndDownloadApi).BreakpointContinue-fm (6 handlers)
[GIN-debug] GET    /fileUploadAndDownload/findFile --> fresh-shop/server/api/v1/file.(*FileUploadAndDownloadApi).FindFile-fm (6 handlers)
[GIN-debug] POST   /fileUploadAndDownload/breakpointContinueFinish --> fresh-shop/server/api/v1/file.(*FileUploadAndDownloadApi).BreakpointContinueFinish-fm (6 handlers)
[GIN-debug] POST   /fileUploadAndDownload/removeChunk --> fresh-shop/server/api/v1/file.(*FileUploadAndDownloadApi).RemoveChunk-fm (6 handlers)
[GIN-debug] POST   /userAccountGroup/createAccountGroup --> fresh-shop/server/api/v1/account.(*AccountGroupApi).CreateAccountGroup-fm (7 handlers)
[GIN-debug] POST   /userAccountGroup/syncAccountGroup --> fresh-shop/server/api/v1/account.(*AccountGroupApi).SyncAccountGroup-fm (7 handlers)
[GIN-debug] DELETE /userAccountGroup/deleteAccountGroup --> fresh-shop/server/api/v1/account.(*AccountGroupApi).DeleteAccountGroup-fm (7 handlers)
[GIN-debug] DELETE /userAccountGroup/deleteAccountGroupByIds --> fresh-shop/server/api/v1/account.(*AccountGroupApi).DeleteAccountGroupByIds-fm (7 handlers)
[GIN-debug] PUT    /userAccountGroup/updateAccountGroup --> fresh-shop/server/api/v1/account.(*AccountGroupApi).UpdateAccountGroup-fm (7 handlers)
[GIN-debug] GET    /userAccountGroup/findAccountGroup --> fresh-shop/server/api/v1/account.(*AccountGroupApi).FindAccountGroup-fm (6 handlers)
[GIN-debug] GET    /userAccountGroup/getAccountGroupList --> fresh-shop/server/api/v1/account.(*AccountGroupApi).GetAccountGroupList-fm (6 handlers)
[GIN-debug] GET    /userAccountGroup/getAccountGroupListAll --> fresh-shop/server/api/v1/account.(*AccountGroupApi).GetAccountGroupListAll-fm (6 handlers)
[GIN-debug] POST   /account/createAccount    --> fresh-shop/server/api/v1/account.(*AccountApi).CreateAccount-fm (7 handlers)
[GIN-debug] DELETE /account/deleteAccount    --> fresh-shop/server/api/v1/account.(*AccountApi).DeleteAccount-fm (7 handlers)
[GIN-debug] DELETE /account/deleteAccountByIds --> fresh-shop/server/api/v1/account.(*AccountApi).DeleteAccountByIds-fm (7 handlers)
[GIN-debug] PUT    /account/updateAccount    --> fresh-shop/server/api/v1/account.(*AccountApi).UpdateAccount-fm (7 handlers)
[GIN-debug] GET    /account/findAccount      --> fresh-shop/server/api/v1/account.(*AccountApi).FindAccount-fm (6 handlers)
[GIN-debug] GET    /account/findUserAccount  --> fresh-shop/server/api/v1/account.(*AccountApi).FindUserAccount-fm (6 handlers)
[GIN-debug] GET    /account/getAccountList   --> fresh-shop/server/api/v1/account.(*AccountApi).GetAccountList-fm (6 handlers)
[GIN-debug] POST   /sysRecharge/createSysRecharge --> fresh-shop/server/api/v1/account.(*SysRechargeApi).CreateSysRecharge-fm (7 handlers)
[GIN-debug] DELETE /sysRecharge/deleteSysRecharge --> fresh-shop/server/api/v1/account.(*SysRechargeApi).DeleteSysRecharge-fm (7 handlers)
[GIN-debug] DELETE /sysRecharge/deleteSysRechargeByIds --> fresh-shop/server/api/v1/account.(*SysRechargeApi).DeleteSysRechargeByIds-fm (7 handlers)
[GIN-debug] PUT    /sysRecharge/updateSysRecharge --> fresh-shop/server/api/v1/account.(*SysRechargeApi).UpdateSysRecharge-fm (7 handlers)
[GIN-debug] GET    /sysRecharge/findSysRecharge --> fresh-shop/server/api/v1/account.(*SysRechargeApi).FindSysRecharge-fm (6 handlers)
[GIN-debug] GET    /sysRecharge/getSysRechargeList --> fresh-shop/server/api/v1/account.(*SysRechargeApi).GetSysRechargeList-fm (6 handlers)
[GIN-debug] POST   /userFinanceType/createUserFinanceType --> fresh-shop/server/api/v1/account.(*UserFinanceTypeApi).CreateUserFinanceType-fm (7 handlers)
[GIN-debug] DELETE /userFinanceType/deleteUserFinanceType --> fresh-shop/server/api/v1/account.(*UserFinanceTypeApi).DeleteUserFinanceType-fm (7 handlers)
[GIN-debug] DELETE /userFinanceType/deleteUserFinanceTypeByIds --> fresh-shop/server/api/v1/account.(*UserFinanceTypeApi).DeleteUserFinanceTypeByIds-fm (7 handlers)
[GIN-debug] PUT    /userFinanceType/updateUserFinanceType --> fresh-shop/server/api/v1/account.(*UserFinanceTypeApi).UpdateUserFinanceType-fm (7 handlers)
[GIN-debug] GET    /userFinanceType/findUserFinanceType --> fresh-shop/server/api/v1/account.(*UserFinanceTypeApi).FindUserFinanceType-fm (6 handlers)
[GIN-debug] GET    /userFinanceType/getUserFinanceTypeList --> fresh-shop/server/api/v1/account.(*UserFinanceTypeApi).GetUserFinanceTypeList-fm (6 handlers)
[GIN-debug] GET    /userFinanceType/getUserFinanceTypeListAll --> fresh-shop/server/api/v1/account.(*UserFinanceTypeApi).GetUserFinanceTypeListAll-fm (6 handlers)
[GIN-debug] POST   /userFinanceCash/createUserFinanceCash --> fresh-shop/server/api/v1/account.(*UserFinanceCashApi).CreateUserFinance-fm (7 handlers)
[GIN-debug] DELETE /userFinanceCash/deleteUserFinanceCash --> fresh-shop/server/api/v1/account.(*UserFinanceCashApi).DeleteUserFinance-fm (7 handlers)
[GIN-debug] DELETE /userFinanceCash/deleteUserFinanceCashByIds --> fresh-shop/server/api/v1/account.(*UserFinanceCashApi).DeleteUserFinanceByIds-fm (7 handlers)
[GIN-debug] PUT    /userFinanceCash/updateUserFinanceCash --> fresh-shop/server/api/v1/account.(*UserFinanceCashApi).UpdateUserFinance-fm (7 handlers)
[GIN-debug] GET    /userFinanceCash/findUserFinanceCash --> fresh-shop/server/api/v1/account.(*UserFinanceCashApi).FindUserFinance-fm (6 handlers)
[GIN-debug] GET    /userFinanceCash/getUserFinanceCashList --> fresh-shop/server/api/v1/account.(*UserFinanceCashApi).GetUserFinanceList-fm (6 handlers)
[GIN-debug] POST   /banner/createBanner      --> fresh-shop/server/api/v1/business.(*BannerApi).CreateBanner-fm (7 handlers)
[GIN-debug] DELETE /banner/deleteBanner      --> fresh-shop/server/api/v1/business.(*BannerApi).DeleteBanner-fm (7 handlers)
[GIN-debug] DELETE /banner/deleteBannerByIds --> fresh-shop/server/api/v1/business.(*BannerApi).DeleteBannerByIds-fm (7 handlers)
[GIN-debug] PUT    /banner/updateBanner      --> fresh-shop/server/api/v1/business.(*BannerApi).UpdateBanner-fm (7 handlers)
[GIN-debug] POST   /userDelivery/createUserDelivery --> fresh-shop/server/api/v1/business.(*UserDeliveryApi).CreateUserDelivery-fm (7 handlers)
[GIN-debug] DELETE /userDelivery/deleteUserDelivery --> fresh-shop/server/api/v1/business.(*UserDeliveryApi).DeleteUserDelivery-fm (7 handlers)
[GIN-debug] DELETE /userDelivery/deleteUserDeliveryByIds --> fresh-shop/server/api/v1/business.(*UserDeliveryApi).DeleteUserDeliveryByIds-fm (7 handlers)
[GIN-debug] PUT    /userDelivery/updateUserDelivery --> fresh-shop/server/api/v1/business.(*UserDeliveryApi).UpdateUserDelivery-fm (7 handlers)
[GIN-debug] GET    /userDelivery/findUserDelivery --> fresh-shop/server/api/v1/business.(*UserDeliveryApi).FindUserDelivery-fm (6 handlers)
[GIN-debug] GET    /userDelivery/getUserDeliveryList --> fresh-shop/server/api/v1/business.(*UserDeliveryApi).GetUserDeliveryList-fm (6 handlers)
[GIN-debug] GET    /userDelivery/getUserDeliveryAllList --> fresh-shop/server/api/v1/business.(*UserDeliveryApi).GetUserDeliveryAllList-fm (6 handlers)
[GIN-debug] POST   /order/pricing/batch-cost-price --> fresh-shop/server/api/v1/business.(*PricingApi).BatchUpdateCostPrice-fm (7 handlers)
[GIN-debug] POST   /order/pricing/batch-parse --> fresh-shop/server/api/v1/business.(*PricingApi).BatchParseText-fm (7 handlers)
[GIN-debug] POST   /order/pricing/apply      --> fresh-shop/server/api/v1/business.(*PricingApi).ApplyPricing-fm (7 handlers)
[GIN-debug] GET    /order/pricing/markup-rate --> fresh-shop/server/api/v1/business.(*PricingApi).GetMarkupRate-fm (7 handlers)
[GIN-debug] GET    /order/bill/list          --> fresh-shop/server/api/v1/business.(*BillApi).GetBillList-fm (7 handlers)
[GIN-debug] POST   /order/bill/generate      --> fresh-shop/server/api/v1/business.(*BillApi).GenerateBill-fm (7 handlers)
[GIN-debug] GET    /order/bill/:id           --> fresh-shop/server/api/v1/business.(*BillApi).GetBillDetail-fm (7 handlers)
[GIN-debug] PUT    /order/bill/:id/status    --> fresh-shop/server/api/v1/business.(*BillApi).UpdateBillStatus-fm (7 handlers)
[GIN-debug] GET    /banner/findBanner        --> fresh-shop/server/api/v1/business.(*BannerApi).FindBanner-fm (3 handlers)
[GIN-debug] GET    /banner/getBannerList     --> fresh-shop/server/api/v1/business.(*BannerApi).GetBannerList-fm (3 handlers)
[GIN-debug] POST   /category/createCategory  --> fresh-shop/server/api/v1/shop.(*CategoryApi).CreateCategory-fm (7 handlers)
[GIN-debug] DELETE /category/deleteCategory  --> fresh-shop/server/api/v1/shop.(*CategoryApi).DeleteCategory-fm (7 handlers)
[GIN-debug] DELETE /category/deleteCategoryByIds --> fresh-shop/server/api/v1/shop.(*CategoryApi).DeleteCategoryByIds-fm (7 handlers)
[GIN-debug] PUT    /category/updateCategory  --> fresh-shop/server/api/v1/shop.(*CategoryApi).UpdateCategory-fm (7 handlers)
[GIN-debug] POST   /brand/createBrand        --> fresh-shop/server/api/v1/shop.(*BrandApi).CreateBrand-fm (7 handlers)
[GIN-debug] DELETE /brand/deleteBrand        --> fresh-shop/server/api/v1/shop.(*BrandApi).DeleteBrand-fm (7 handlers)
[GIN-debug] DELETE /brand/deleteBrandByIds   --> fresh-shop/server/api/v1/shop.(*BrandApi).DeleteBrandByIds-fm (7 handlers)
[GIN-debug] PUT    /brand/updateBrand        --> fresh-shop/server/api/v1/shop.(*BrandApi).UpdateBrand-fm (7 handlers)
[GIN-debug] POST   /brandCategory/createBrandCategory --> fresh-shop/server/api/v1/shop.(*BrandCategoryApi).CreateBrandCategory-fm (7 handlers)
[GIN-debug] POST   /tags/createTags          --> fresh-shop/server/api/v1/shop.(*TagsApi).CreateTags-fm (7 handlers)
[GIN-debug] DELETE /tags/deleteTags          --> fresh-shop/server/api/v1/shop.(*TagsApi).DeleteTags-fm (7 handlers)
[GIN-debug] DELETE /tags/deleteTagsByIds     --> fresh-shop/server/api/v1/shop.(*TagsApi).DeleteTagsByIds-fm (7 handlers)
[GIN-debug] PUT    /tags/updateTags          --> fresh-shop/server/api/v1/shop.(*TagsApi).UpdateTags-fm (7 handlers)
[GIN-debug] POST   /goods/createGoods        --> fresh-shop/server/api/v1/shop.(*GoodsApi).CreateGoods-fm (7 handlers)
[GIN-debug] DELETE /goods/deleteGoods        --> fresh-shop/server/api/v1/shop.(*GoodsApi).DeleteGoods-fm (7 handlers)
[GIN-debug] DELETE /goods/deleteGoodsByIds   --> fresh-shop/server/api/v1/shop.(*GoodsApi).DeleteGoodsByIds-fm (7 handlers)
[GIN-debug] PUT    /goods/updateGoods        --> fresh-shop/server/api/v1/shop.(*GoodsApi).UpdateGoods-fm (7 handlers)
[GIN-debug] POST   /order/createOrder        --> fresh-shop/server/api/v1/shop.(*OrderApi).CreateOrder-fm (7 handlers)
[GIN-debug] POST   /order/orderPay           --> fresh-shop/server/api/v1/shop.(*OrderApi).OrderPay-fm (7 handlers)
[GIN-debug] POST   /order/cancelOrder        --> fresh-shop/server/api/v1/shop.(*OrderApi).CancelOrder-fm (7 handlers)
[GIN-debug] DELETE /order/deleteOrder        --> fresh-shop/server/api/v1/shop.(*OrderApi).DeleteOrder-fm (7 handlers)
[GIN-debug] DELETE /order/deleteOrderByIds   --> fresh-shop/server/api/v1/shop.(*OrderApi).DeleteOrderByIds-fm (7 handlers)
[GIN-debug] PUT    /order/updateOrder        --> fresh-shop/server/api/v1/shop.(*OrderApi).UpdateOrder-fm (7 handlers)
[GIN-debug] POST   /order/batchSettlement    --> fresh-shop/server/api/v1/shop.(*OrderApi).BatchSettlement-fm (7 handlers)
[GIN-debug] POST   /order/confirmOrder       --> fresh-shop/server/api/v1/shop.(*OrderApi).ConfirmOrder-fm (7 handlers)
[GIN-debug] PUT    /order/updateOrderStatus  --> fresh-shop/server/api/v1/shop.(*OrderApi).UpdateOrderStatus-fm (7 handlers)
[GIN-debug] GET    /order/findOrder          --> fresh-shop/server/api/v1/shop.(*OrderApi).FindOrder-fm (6 handlers)
[GIN-debug] GET    /order/findUserOrderStatus --> fresh-shop/server/api/v1/shop.(*OrderApi).FindUserOrderStatus-fm (6 handlers)
[GIN-debug] GET    /order/getOrderList       --> fresh-shop/server/api/v1/shop.(*OrderApi).GetOrderList-fm (6 handlers)
[GIN-debug] GET    /order/getOrderMonthStatistics --> fresh-shop/server/api/v1/shop.(*OrderApi).GetOrderMonthStatistics-fm (6 handlers)
[GIN-debug] GET    /order/getUserOrderList   --> fresh-shop/server/api/v1/shop.(*OrderApi).GetUserOrderList-fm (6 handlers)
[GIN-debug] GET    /order/orderStatus        --> fresh-shop/server/api/v1/shop.(*OrderApi).OrderStatus-fm (6 handlers)
[GIN-debug] POST   /orderDetails/createOrderDetails --> fresh-shop/server/api/v1/shop.(*OrderDetailsApi).CreateOrderDetails-fm (7 handlers)
[GIN-debug] DELETE /orderDetails/deleteOrderDetails --> fresh-shop/server/api/v1/shop.(*OrderDetailsApi).DeleteOrderDetails-fm (7 handlers)
[GIN-debug] DELETE /orderDetails/deleteOrderDetailsByIds --> fresh-shop/server/api/v1/shop.(*OrderDetailsApi).DeleteOrderDetailsByIds-fm (7 handlers)
[GIN-debug] PUT    /orderDetails/updateOrderDetails --> fresh-shop/server/api/v1/shop.(*OrderDetailsApi).UpdateOrderDetails-fm (7 handlers)
[GIN-debug] GET    /orderDetails/recentlyPurchasedGoods --> fresh-shop/server/api/v1/shop.(*OrderDetailsApi).RecentlyPurchasedGoods-fm (6 handlers)
[GIN-debug] GET    /orderDetails/findOrderDetails --> fresh-shop/server/api/v1/shop.(*OrderDetailsApi).FindOrderDetails-fm (6 handlers)
[GIN-debug] GET    /orderDetails/getOrderDetailsList --> fresh-shop/server/api/v1/shop.(*OrderDetailsApi).GetOrderDetailsList-fm (6 handlers)
[GIN-debug] DELETE /orderDelivery/deleteOrderDelivery --> fresh-shop/server/api/v1/shop.(*OrderDeliveryApi).DeleteOrderDelivery-fm (7 handlers)
[GIN-debug] DELETE /orderDelivery/deleteOrderDeliveryByIds --> fresh-shop/server/api/v1/shop.(*OrderDeliveryApi).DeleteOrderDeliveryByIds-fm (7 handlers)
[GIN-debug] PUT    /orderDelivery/updateOrderDelivery --> fresh-shop/server/api/v1/shop.(*OrderDeliveryApi).UpdateOrderDelivery-fm (7 handlers)
[GIN-debug] POST   /orderDelivery/createOrderDelivery --> fresh-shop/server/api/v1/shop.(*OrderDeliveryApi).CreateOrderDelivery-fm (6 handlers)
[GIN-debug] GET    /orderDelivery/findOrderDelivery --> fresh-shop/server/api/v1/shop.(*OrderDeliveryApi).FindOrderDelivery-fm (6 handlers)
[GIN-debug] GET    /orderDelivery/getOrderDeliveryList --> fresh-shop/server/api/v1/shop.(*OrderDeliveryApi).GetOrderDeliveryList-fm (6 handlers)
[GIN-debug] POST   /orderReturn/createOrderReturn --> fresh-shop/server/api/v1/shop.(*OrderReturnApi).CreateOrderReturn-fm (7 handlers)
[GIN-debug] DELETE /orderReturn/deleteOrderReturn --> fresh-shop/server/api/v1/shop.(*OrderReturnApi).DeleteOrderReturn-fm (7 handlers)
[GIN-debug] DELETE /orderReturn/deleteOrderReturnByIds --> fresh-shop/server/api/v1/shop.(*OrderReturnApi).DeleteOrderReturnByIds-fm (7 handlers)
[GIN-debug] PUT    /orderReturn/updateOrderReturn --> fresh-shop/server/api/v1/shop.(*OrderReturnApi).UpdateOrderReturn-fm (7 handlers)
[GIN-debug] GET    /orderReturn/findOrderReturn --> fresh-shop/server/api/v1/shop.(*OrderReturnApi).FindOrderReturn-fm (6 handlers)
[GIN-debug] GET    /orderReturn/getOrderReturnList --> fresh-shop/server/api/v1/shop.(*OrderReturnApi).GetOrderReturnList-fm (6 handlers)
[GIN-debug] GET    /goods/findGoods          --> fresh-shop/server/api/v1/shop.(*GoodsApi).FindGoods-fm (3 handlers)
[GIN-debug] GET    /goods/getGoodsList       --> fresh-shop/server/api/v1/shop.(*GoodsApi).GetGoodsList-fm (3 handlers)
[GIN-debug] POST   /goods/batchCreateGoodsByExcel --> fresh-shop/server/api/v1/shop.(*GoodsApi).BatchCreateGoodsByExcel-fm (3 handlers)
[GIN-debug] POST   /goods/exportGoods        --> fresh-shop/server/api/v1/shop.(*GoodsApi).ExportGoods-fm (3 handlers)
[GIN-debug] GET    /brand/findBrand          --> fresh-shop/server/api/v1/shop.(*BrandApi).FindBrand-fm (3 handlers)
[GIN-debug] GET    /brand/getBrandList       --> fresh-shop/server/api/v1/shop.(*BrandApi).GetBrandList-fm (3 handlers)
[GIN-debug] GET    /brand/getBrandListByCategoryId --> fresh-shop/server/api/v1/shop.(*BrandApi).GetBrandListByCategoryId-fm (3 handlers)
[GIN-debug] GET    /brand/getBrandListAll    --> fresh-shop/server/api/v1/shop.(*BrandApi).GetBrandListAll-fm (3 handlers)
[GIN-debug] GET    /category/findCategory    --> fresh-shop/server/api/v1/shop.(*CategoryApi).FindCategory-fm (3 handlers)
[GIN-debug] GET    /category/getCategoryList --> fresh-shop/server/api/v1/shop.(*CategoryApi).GetCategoryList-fm (3 handlers)
[GIN-debug] GET    /category/getCategoryListAll --> fresh-shop/server/api/v1/shop.(*CategoryApi).GetCategoryListAll-fm (3 handlers)
[GIN-debug] GET    /tags/findTags            --> fresh-shop/server/api/v1/shop.(*TagsApi).FindTags-fm (3 handlers)
[GIN-debug] GET    /tags/getTagsList         --> fresh-shop/server/api/v1/shop.(*TagsApi).GetTagsList-fm (3 handlers)
[GIN-debug] GET    /tags/getTagsListAll      --> fresh-shop/server/api/v1/shop.(*TagsApi).GetTagsListAll-fm (3 handlers)
[GIN-debug] DELETE /favorites/deleteFavorites --> fresh-shop/server/api/v1/shop.(*FavoritesApi).DeleteFavorites-fm (7 handlers)
[GIN-debug] DELETE /favorites/deleteFavoritesByIds --> fresh-shop/server/api/v1/shop.(*FavoritesApi).DeleteFavoritesByIds-fm (7 handlers)
[GIN-debug] POST   /favorites/favorites      --> fresh-shop/server/api/v1/shop.(*FavoritesApi).Favorites-fm (7 handlers)
[GIN-debug] GET    /favorites/findFavorites  --> fresh-shop/server/api/v1/shop.(*FavoritesApi).FindFavorites-fm (6 handlers)
[GIN-debug] GET    /favorites/getFavoritesList --> fresh-shop/server/api/v1/shop.(*FavoritesApi).GetFavoritesList-fm (6 handlers)
[GIN-debug] POST   /cart/createCart          --> fresh-shop/server/api/v1/shop.(*CartApi).CreateCart-fm (7 handlers)
[GIN-debug] DELETE /cart/deleteCart          --> fresh-shop/server/api/v1/shop.(*CartApi).DeleteCart-fm (7 handlers)
[GIN-debug] DELETE /cart/deleteCartByIds     --> fresh-shop/server/api/v1/shop.(*CartApi).DeleteCartByIds-fm (7 handlers)
[GIN-debug] PUT    /cart/updateCart          --> fresh-shop/server/api/v1/shop.(*CartApi).UpdateCart-fm (7 handlers)
[GIN-debug] POST   /cart/selectAllChecked    --> fresh-shop/server/api/v1/shop.(*CartApi).SelectAllChecked-fm (6 handlers)
[GIN-debug] POST   /cart/selectGoodsSingeChecked --> fresh-shop/server/api/v1/shop.(*CartApi).SelectGoodsSingeChecked-fm (6 handlers)
[GIN-debug] POST   /cart/clearAllChecked     --> fresh-shop/server/api/v1/shop.(*CartApi).ClearAllChecked-fm (6 handlers)
[GIN-debug] GET    /cart/getCartList         --> fresh-shop/server/api/v1/shop.(*CartApi).GetCartList-fm (6 handlers)
[GIN-debug] POST   /userAddress/createUserAddress --> fresh-shop/server/api/v1/shop.(*UserAddressApi).CreateUserAddress-fm (7 handlers)
[GIN-debug] DELETE /userAddress/deleteUserAddress --> fresh-shop/server/api/v1/shop.(*UserAddressApi).DeleteUserAddress-fm (7 handlers)
[GIN-debug] DELETE /userAddress/deleteUserAddressByIds --> fresh-shop/server/api/v1/shop.(*UserAddressApi).DeleteUserAddressByIds-fm (7 handlers)
[GIN-debug] PUT    /userAddress/updateUserAddress --> fresh-shop/server/api/v1/shop.(*UserAddressApi).UpdateUserAddress-fm (7 handlers)
[GIN-debug] GET    /userAddress/findUserAddress --> fresh-shop/server/api/v1/shop.(*UserAddressApi).FindUserAddress-fm (6 handlers)
[GIN-debug] GET    /userAddress/findUserDefaultAddress --> fresh-shop/server/api/v1/shop.(*UserAddressApi).FindUserDefaultAddress-fm (6 handlers)
[GIN-debug] GET    /userAddress/getUserAddressList --> fresh-shop/server/api/v1/shop.(*UserAddressApi).GetUserAddressList-fm (6 handlers)
[GIN-debug] POST   /wechat/createPayData     --> fresh-shop/server/api/v1/wechat.(*WeChatApi).CreatePayData-fm (7 handlers)
[GIN-debug] GET    /wechat/getUnlimitedQRCode --> fresh-shop/server/api/v1/wechat.(*WeChatApi).GetUnlimitedQRCode-fm (6 handlers)
[GIN-debug] GET    /wechat/code2Session      --> fresh-shop/server/api/v1/wechat.(*WeChatApi).Code2Session-fm (3 handlers)
[GIN-debug] POST   /wechat/pay/notify        --> fresh-shop/server/api/v1/wechat.(*WeChatApi).PayNotify-fm (3 handlers)
[fresh_shop/server]2026/09/29 - 23:28:41.408	[34minfo[0m	/Users/zhaoyuedong/Desktop/生鲜项目/fresh-b2b/fresh-shop/server/initialize/router.go:127	router register success

2026/09/29 23:28:41 [32m/Users/zhaoyuedong/Desktop/生鲜项目/fresh-b2b/fresh-shop/server/service/system/jwt_black_list.go:74
[0m[33m[0.972ms] [34;1m[rows:0][0m SELECT `jwt` FROM `jwt_blacklists` WHERE `jwt_blacklists`.`deleted_at` IS NULL
[GIN-debug] [WARNING] Creating an Engine instance with the Logger and Recovery middleware already attached.

[GIN-debug] [WARNING] Running in "debug" mode. Switch to "release" mode in production.
 - using env:	export GIN_MODE=release
 - using code:	gin.SetMode(gin.ReleaseMode)

无鉴权插件安装==》 &{[0x104d4c7b0 0x104d4cb90] / 0x54e19642c340 false}
鉴权插件安装==》 &{[0x104d4c7b0 0x104d4cb90] / 0x54e19642c340 false}
[GIN-debug] POST   /email/emailTest          --> fresh-shop/server/plugin/email/api.(*EmailApi).EmailTest-fm (6 handlers)
[GIN-debug] POST   /email/sendEmail          --> fresh-shop/server/plugin/email/api.(*EmailApi).SendEmail-fm (6 handlers)
[GIN-debug] GET    /uploads/file/*filepath   --> github.com/gin-gonic/gin.(*RouterGroup).createStaticHandler.func1 (3 handlers)
[GIN-debug] HEAD   /uploads/file/*filepath   --> github.com/gin-gonic/gin.(*RouterGroup).createStaticHandler.func1 (3 handlers)
[GIN-debug] GET    /swagger/*any             --> github.com/swaggo/gin-swagger.CustomWrapHandler.func1 (3 handlers)
[fresh_shop/server]2026/09/29 - 23:28:41.409	[34minfo[0m	/Users/zhaoyuedong/Desktop/生鲜项目/fresh-b2b/fresh-shop/server/initialize/router.go:39	register swagger handler
[GIN-debug] GET    /health                   --> fresh-shop/server/initialize.Routers.func1 (3 handlers)
[GIN-debug] POST   /base/login               --> fresh-shop/server/api/v1/system.(*BaseApi).Login-fm (3 handlers)
[GIN-debug] POST   /base/loginWx             --> fresh-shop/server/api/v1/system.(*BaseApi).LoginWx-fm (3 handlers)
[GIN-debug] POST   /base/loginByPhone        --> fresh-shop/server/api/v1/system.(*BaseApi).LoginByPhone-fm (3 handlers)
[GIN-debug] POST   /base/register            --> fresh-shop/server/api/v1/system.(*BaseApi).RegisterMiniprogram-fm (3 handlers)
[GIN-debug] POST   /base/registerCompany     --> fresh-shop/server/api/v1/system.(*BaseApi).RegisterCompany-fm (3 handlers)
[GIN-debug] POST   /base/joinCompany         --> fresh-shop/server/api/v1/system.(*BaseApi).JoinCompany-fm (3 handlers)
[GIN-debug] GET    /base/getCompanyByInviteCode --> fresh-shop/server/api/v1/system.(*BaseApi).GetCompanyByInviteCode-fm (3 handlers)
[GIN-debug] POST   /base/captcha             --> fresh-shop/server/api/v1/system.(*BaseApi).Captcha-fm (3 handlers)
[GIN-debug] POST   /init/initdb              --> fresh-shop/server/api/v1/system.(*DBApi).InitDB-fm (3 handlers)
[GIN-debug] POST   /init/checkdb             --> fresh-shop/server/api/v1/system.(*DBApi).CheckDB-fm (3 handlers)
[GIN-debug] POST   /api/createApi            --> fresh-shop/server/api/v1/system.(*SystemApiApi).CreateApi-fm (7 handlers)
[GIN-debug] POST   /api/deleteApi            --> fresh-shop/server/api/v1/system.(*SystemApiApi).DeleteApi-fm (7 handlers)
[GIN-debug] POST   /api/getApiById           --> fresh-shop/server/api/v1/system.(*SystemApiApi).GetApiById-fm (7 handlers)
[GIN-debug] POST   /api/updateApi            --> fresh-shop/server/api/v1/system.(*SystemApiApi).UpdateApi-fm (7 handlers)
[GIN-debug] DELETE /api/deleteApisByIds      --> fresh-shop/server/api/v1/system.(*SystemApiApi).DeleteApisByIds-fm (7 handlers)
[GIN-debug] POST   /api/getAllApis           --> fresh-shop/server/api/v1/system.(*SystemApiApi).GetAllApis-fm (6 handlers)
[GIN-debug] POST   /api/getApiList           --> fresh-shop/server/api/v1/system.(*SystemApiApi).GetApiList-fm (6 handlers)
[GIN-debug] POST   /jwt/jsonInBlacklist      --> fresh-shop/server/api/v1/system.(*JwtApi).JsonInBlacklist-fm (6 handlers)
[GIN-debug] POST   /user/admin_register      --> fresh-shop/server/api/v1/system.(*BaseApi).Register-fm (7 handlers)
[GIN-debug] POST   /user/changePassword      --> fresh-shop/server/api/v1/system.(*BaseApi).ChangePassword-fm (7 handlers)
[GIN-debug] POST   /user/setUserAuthority    --> fresh-shop/server/api/v1/system.(*BaseApi).SetUserAuthority-fm (7 handlers)
[GIN-debug] DELETE /user/deleteUser          --> fresh-shop/server/api/v1/system.(*BaseApi).DeleteUser-fm (7 handlers)
[GIN-debug] PUT    /user/setUserInfo         --> fresh-shop/server/api/v1/system.(*BaseApi).SetUserInfo-fm (7 handlers)
[GIN-debug] PUT    /user/setSelfInfo         --> fresh-shop/server/api/v1/system.(*BaseApi).SetSelfInfo-fm (7 handlers)
[GIN-debug] POST   /user/setUserAuthorities  --> fresh-shop/server/api/v1/system.(*BaseApi).SetUserAuthorities-fm (7 handlers)
[GIN-debug] POST   /user/resetPassword       --> fresh-shop/server/api/v1/system.(*BaseApi).ResetPassword-fm (7 handlers)
[GIN-debug] GET    /user/getAuditStatus      --> fresh-shop/server/api/v1/system.(*BaseApi).GetAuditStatus-fm (6 handlers)
[GIN-debug] POST   /user/getUserList         --> fresh-shop/server/api/v1/system.(*BaseApi).GetUserList-fm (6 handlers)
[GIN-debug] GET    /user/getUserInfo         --> fresh-shop/server/api/v1/system.(*BaseApi).GetUserInfo-fm (6 handlers)
[GIN-debug] POST   /menu/addBaseMenu         --> fresh-shop/server/api/v1/system.(*AuthorityMenuApi).AddBaseMenu-fm (7 handlers)
[GIN-debug] POST   /menu/addMenuAuthority    --> fresh-shop/server/api/v1/system.(*AuthorityMenuApi).AddMenuAuthority-fm (7 handlers)
[GIN-debug] POST   /menu/deleteBaseMenu      --> fresh-shop/server/api/v1/system.(*AuthorityMenuApi).DeleteBaseMenu-fm (7 handlers)
[GIN-debug] POST   /menu/updateBaseMenu      --> fresh-shop/server/api/v1/system.(*AuthorityMenuApi).UpdateBaseMenu-fm (7 handlers)
[GIN-debug] POST   /menu/getMenu             --> fresh-shop/server/api/v1/system.(*AuthorityMenuApi).GetMenu-fm (6 handlers)
[GIN-debug] POST   /menu/getMenuList         --> fresh-shop/server/api/v1/system.(*AuthorityMenuApi).GetMenuList-fm (6 handlers)
[GIN-debug] POST   /menu/getBaseMenuTree     --> fresh-shop/server/api/v1/system.(*AuthorityMenuApi).GetBaseMenuTree-fm (6 handlers)
[GIN-debug] POST   /menu/getMenuAuthority    --> fresh-shop/server/api/v1/system.(*AuthorityMenuApi).GetMenuAuthority-fm (6 handlers)
[GIN-debug] POST   /menu/getBaseMenuById     --> fresh-shop/server/api/v1/system.(*AuthorityMenuApi).GetBaseMenuById-fm (6 handlers)
[GIN-debug] POST   /system/getSystemConfig   --> fresh-shop/server/api/v1/system.(*SystemApi).GetSystemConfig-fm (7 handlers)
[GIN-debug] POST   /system/setSystemConfig   --> fresh-shop/server/api/v1/system.(*SystemApi).SetSystemConfig-fm (7 handlers)
[GIN-debug] POST   /system/getServerInfo     --> fresh-shop/server/api/v1/system.(*SystemApi).GetServerInfo-fm (7 handlers)
[GIN-debug] POST   /system/reloadSystem      --> fresh-shop/server/api/v1/system.(*SystemApi).ReloadSystem-fm (7 handlers)
[GIN-debug] POST   /casbin/updateCasbin      --> fresh-shop/server/api/v1/system.(*CasbinApi).UpdateCasbin-fm (7 handlers)
[GIN-debug] POST   /casbin/getPolicyPathByAuthorityId --> fresh-shop/server/api/v1/system.(*CasbinApi).GetPolicyPathByAuthorityId-fm (6 handlers)
[GIN-debug] GET    /autoCode/getDB           --> fresh-shop/server/api/v1/system.(*AutoCodeApi).GetDB-fm (6 handlers)
[GIN-debug] GET    /autoCode/getTables       --> fresh-shop/server/api/v1/system.(*AutoCodeApi).GetTables-fm (6 handlers)
[GIN-debug] GET    /autoCode/getColumn       --> fresh-shop/server/api/v1/system.(*AutoCodeApi).GetColumn-fm (6 handlers)
[GIN-debug] POST   /autoCode/preview         --> fresh-shop/server/api/v1/system.(*AutoCodeApi).PreviewTemp-fm (6 handlers)
[GIN-debug] POST   /autoCode/createTemp      --> fresh-shop/server/api/v1/system.(*AutoCodeApi).CreateTemp-fm (6 handlers)
[GIN-debug] POST   /autoCode/createPackage   --> fresh-shop/server/api/v1/system.(*AutoCodeApi).CreatePackage-fm (6 handlers)
[GIN-debug] POST   /autoCode/getPackage      --> fresh-shop/server/api/v1/system.(*AutoCodeApi).GetPackage-fm (6 handlers)
[GIN-debug] POST   /autoCode/delPackage      --> fresh-shop/server/api/v1/system.(*AutoCodeApi).DelPackage-fm (6 handlers)
[GIN-debug] POST   /autoCode/createPlug      --> fresh-shop/server/api/v1/system.(*AutoCodeApi).AutoPlug-fm (6 handlers)
[GIN-debug] POST   /autoCode/installPlugin   --> fresh-shop/server/api/v1/system.(*AutoCodeApi).InstallPlugin-fm (6 handlers)
[GIN-debug] POST   /authority/createAuthority --> fresh-shop/server/api/v1/system.(*AuthorityApi).CreateAuthority-fm (7 handlers)
[GIN-debug] POST   /authority/deleteAuthority --> fresh-shop/server/api/v1/system.(*AuthorityApi).DeleteAuthority-fm (7 handlers)
[GIN-debug] PUT    /authority/updateAuthority --> fresh-shop/server/api/v1/system.(*AuthorityApi).UpdateAuthority-fm (7 handlers)
[GIN-debug] POST   /authority/copyAuthority  --> fresh-shop/server/api/v1/system.(*AuthorityApi).CopyAuthority-fm (7 handlers)
[GIN-debug] POST   /authority/setDataAuthority --> fresh-shop/server/api/v1/system.(*AuthorityApi).SetDataAuthority-fm (7 handlers)
[GIN-debug] POST   /authority/getAuthorityList --> fresh-shop/server/api/v1/system.(*AuthorityApi).GetAuthorityList-fm (6 handlers)
[GIN-debug] POST   /sysDictionary/createSysDictionary --> fresh-shop/server/api/v1/system.(*DictionaryApi).CreateSysDictionary-fm (7 handlers)
[GIN-debug] DELETE /sysDictionary/deleteSysDictionary --> fresh-shop/server/api/v1/system.(*DictionaryApi).DeleteSysDictionary-fm (7 handlers)
[GIN-debug] PUT    /sysDictionary/updateSysDictionary --> fresh-shop/server/api/v1/system.(*DictionaryApi).UpdateSysDictionary-fm (7 handlers)
[GIN-debug] GET    /sysDictionary/findSysDictionary --> fresh-shop/server/api/v1/system.(*DictionaryApi).FindSysDictionary-fm (6 handlers)
[GIN-debug] GET    /sysDictionary/getSysDictionaryList --> fresh-shop/server/api/v1/system.(*DictionaryApi).GetSysDictionaryList-fm (6 handlers)
[GIN-debug] POST   /autoCode/getMeta         --> fresh-shop/server/api/v1/system.(*AutoCodeHistoryApi).First-fm (6 handlers)
[GIN-debug] POST   /autoCode/rollback        --> fresh-shop/server/api/v1/system.(*AutoCodeHistoryApi).RollBack-fm (6 handlers)
[GIN-debug] POST   /autoCode/delSysHistory   --> fresh-shop/server/api/v1/system.(*AutoCodeHistoryApi).Delete-fm (6 handlers)
[GIN-debug] POST   /autoCode/getSysHistory   --> fresh-shop/server/api/v1/system.(*AutoCodeHistoryApi).GetList-fm (6 handlers)
[GIN-debug] POST   /sysOperationRecord/createSysOperationRecord --> fresh-shop/server/api/v1/system.(*OperationRecordApi).CreateSysOperationRecord-fm (6 handlers)
[GIN-debug] DELETE /sysOperationRecord/deleteSysOperationRecord --> fresh-shop/server/api/v1/system.(*OperationRecordApi).DeleteSysOperationRecord-fm (6 handlers)
[GIN-debug] DELETE /sysOperationRecord/deleteSysOperationRecordByIds --> fresh-shop/server/api/v1/system.(*OperationRecordApi).DeleteSysOperationRecordByIds-fm (6 handlers)
[GIN-debug] GET    /sysOperationRecord/findSysOperationRecord --> fresh-shop/server/api/v1/system.(*OperationRecordApi).FindSysOperationRecord-fm (6 handlers)
[GIN-debug] GET    /sysOperationRecord/getSysOperationRecordList --> fresh-shop/server/api/v1/system.(*OperationRecordApi).GetSysOperationRecordList-fm (6 handlers)
[GIN-debug] POST   /sysDictionaryDetail/createSysDictionaryDetail --> fresh-shop/server/api/v1/system.(*DictionaryDetailApi).CreateSysDictionaryDetail-fm (7 handlers)
[GIN-debug] DELETE /sysDictionaryDetail/deleteSysDictionaryDetail --> fresh-shop/server/api/v1/system.(*DictionaryDetailApi).DeleteSysDictionaryDetail-fm (7 handlers)
[GIN-debug] PUT    /sysDictionaryDetail/updateSysDictionaryDetail --> fresh-shop/server/api/v1/system.(*DictionaryDetailApi).UpdateSysDictionaryDetail-fm (7 handlers)
[GIN-debug] GET    /sysDictionaryDetail/findSysDictionaryDetail --> fresh-shop/server/api/v1/system.(*DictionaryDetailApi).FindSysDictionaryDetail-fm (6 handlers)
[GIN-debug] GET    /sysDictionaryDetail/getSysDictionaryDetailList --> fresh-shop/server/api/v1/system.(*DictionaryDetailApi).GetSysDictionaryDetailList-fm (6 handlers)
[GIN-debug] POST   /authorityBtn/getAuthorityBtn --> fresh-shop/server/api/v1/system.(*AuthorityBtnApi).GetAuthorityBtn-fm (6 handlers)
[GIN-debug] POST   /authorityBtn/setAuthorityBtn --> fresh-shop/server/api/v1/system.(*AuthorityBtnApi).SetAuthorityBtn-fm (6 handlers)
[GIN-debug] POST   /authorityBtn/canRemoveAuthorityBtn --> fresh-shop/server/api/v1/system.(*AuthorityBtnApi).CanRemoveAuthorityBtn-fm (6 handlers)
[GIN-debug] POST   /sysConfig/createSysConfig --> fresh-shop/server/api/v1/system.(*SysConfigApi).CreateSysConfig-fm (7 handlers)
[GIN-debug] DELETE /sysConfig/deleteSysConfig --> fresh-shop/server/api/v1/system.(*SysConfigApi).DeleteSysConfig-fm (7 handlers)
[GIN-debug] DELETE /sysConfig/deleteSysConfigByIds --> fresh-shop/server/api/v1/system.(*SysConfigApi).DeleteSysConfigByIds-fm (7 handlers)
[GIN-debug] PUT    /sysConfig/updateSysConfig --> fresh-shop/server/api/v1/system.(*SysConfigApi).UpdateSysConfig-fm (7 handlers)
[GIN-debug] GET    /sysConfig/findSysConfig  --> fresh-shop/server/api/v1/system.(*SysConfigApi).FindSysConfig-fm (6 handlers)
[GIN-debug] GET    /sysConfig/getSysConfigList --> fresh-shop/server/api/v1/system.(*SysConfigApi).GetSysConfigList-fm (6 handlers)
[GIN-debug] GET    /sysConfig/findSysConfigByName --> fresh-shop/server/api/v1/system.(*SysConfigApi).FindSysConfigByName-fm (3 handlers)
[GIN-debug] POST   /company/create           --> fresh-shop/server/api/v1/system.(*CompanyApi).CreateCompany-fm (6 handlers)
[GIN-debug] GET    /company/list             --> fresh-shop/server/api/v1/system.(*CompanyApi).GetCompanyList-fm (6 handlers)
[GIN-debug] GET    /company/detail           --> fresh-shop/server/api/v1/system.(*CompanyApi).GetCompany-fm (6 handlers)
[GIN-debug] POST   /company/update           --> fresh-shop/server/api/v1/system.(*CompanyApi).UpdateCompany-fm (6 handlers)
[GIN-debug] POST   /company/delete           --> fresh-shop/server/api/v1/system.(*CompanyApi).DeleteCompany-fm (6 handlers)
[GIN-debug] GET    /company/pendingList      --> fresh-shop/server/api/v1/system.(*CompanyApi).GetPendingCompanies-fm (6 handlers)
[GIN-debug] POST   /company/audit            --> fresh-shop/server/api/v1/system.(*CompanyApi).AuditCompany-fm (6 handlers)
[GIN-debug] GET    /company/invitationCode   --> fresh-shop/server/api/v1/system.(*CompanyApi).GetCompanyByInvitationCode-fm (6 handlers)
[GIN-debug] POST   /fileUploadAndDownload/upload --> fresh-shop/server/api/v1/file.(*FileUploadAndDownloadApi).UploadFile-fm (6 handlers)
[GIN-debug] POST   /fileUploadAndDownload/getFileList --> fresh-shop/server/api/v1/file.(*FileUploadAndDownloadApi).GetFileList-fm (6 handlers)
[GIN-debug] POST   /fileUploadAndDownload/deleteFile --> fresh-shop/server/api/v1/file.(*FileUploadAndDownloadApi).DeleteFile-fm (6 handlers)
[GIN-debug] POST   /fileUploadAndDownload/editFileName --> fresh-shop/server/api/v1/file.(*FileUploadAndDownloadApi).EditFileName-fm (6 handlers)
[GIN-debug] POST   /fileUploadAndDownload/breakpointContinue --> fresh-shop/server/api/v1/file.(*FileUploadAndDownloadApi).BreakpointContinue-fm (6 handlers)
[GIN-debug] GET    /fileUploadAndDownload/findFile --> fresh-shop/server/api/v1/file.(*FileUploadAndDownloadApi).FindFile-fm (6 handlers)
[GIN-debug] POST   /fileUploadAndDownload/breakpointContinueFinish --> fresh-shop/server/api/v1/file.(*FileUploadAndDownloadApi).BreakpointContinueFinish-fm (6 handlers)
[GIN-debug] POST   /fileUploadAndDownload/removeChunk --> fresh-shop/server/api/v1/file.(*FileUploadAndDownloadApi).RemoveChunk-fm (6 handlers)
[GIN-debug] POST   /userAccountGroup/createAccountGroup --> fresh-shop/server/api/v1/account.(*AccountGroupApi).CreateAccountGroup-fm (7 handlers)
[GIN-debug] POST   /userAccountGroup/syncAccountGroup --> fresh-shop/server/api/v1/account.(*AccountGroupApi).SyncAccountGroup-fm (7 handlers)
[GIN-debug] DELETE /userAccountGroup/deleteAccountGroup --> fresh-shop/server/api/v1/account.(*AccountGroupApi).DeleteAccountGroup-fm (7 handlers)
[GIN-debug] DELETE /userAccountGroup/deleteAccountGroupByIds --> fresh-shop/server/api/v1/account.(*AccountGroupApi).DeleteAccountGroupByIds-fm (7 handlers)
[GIN-debug] PUT    /userAccountGroup/updateAccountGroup --> fresh-shop/server/api/v1/account.(*AccountGroupApi).UpdateAccountGroup-fm (7 handlers)
[GIN-debug] GET    /userAccountGroup/findAccountGroup --> fresh-shop/server/api/v1/account.(*AccountGroupApi).FindAccountGroup-fm (6 handlers)
[GIN-debug] GET    /userAccountGroup/getAccountGroupList --> fresh-shop/server/api/v1/account.(*AccountGroupApi).GetAccountGroupList-fm (6 handlers)
[GIN-debug] GET    /userAccountGroup/getAccountGroupListAll --> fresh-shop/server/api/v1/account.(*AccountGroupApi).GetAccountGroupListAll-fm (6 handlers)
[GIN-debug] POST   /account/createAccount    --> fresh-shop/server/api/v1/account.(*AccountApi).CreateAccount-fm (7 handlers)
[GIN-debug] DELETE /account/deleteAccount    --> fresh-shop/server/api/v1/account.(*AccountApi).DeleteAccount-fm (7 handlers)
[GIN-debug] DELETE /account/deleteAccountByIds --> fresh-shop/server/api/v1/account.(*AccountApi).DeleteAccountByIds-fm (7 handlers)
[GIN-debug] PUT    /account/updateAccount    --> fresh-shop/server/api/v1/account.(*AccountApi).UpdateAccount-fm (7 handlers)
[GIN-debug] GET    /account/findAccount      --> fresh-shop/server/api/v1/account.(*AccountApi).FindAccount-fm (6 handlers)
[GIN-debug] GET    /account/findUserAccount  --> fresh-shop/server/api/v1/account.(*AccountApi).FindUserAccount-fm (6 handlers)
[GIN-debug] GET    /account/getAccountList   --> fresh-shop/server/api/v1/account.(*AccountApi).GetAccountList-fm (6 handlers)
[GIN-debug] POST   /sysRecharge/createSysRecharge --> fresh-shop/server/api/v1/account.(*SysRechargeApi).CreateSysRecharge-fm (7 handlers)
[GIN-debug] DELETE /sysRecharge/deleteSysRecharge --> fresh-shop/server/api/v1/account.(*SysRechargeApi).DeleteSysRecharge-fm (7 handlers)
[GIN-debug] DELETE /sysRecharge/deleteSysRechargeByIds --> fresh-shop/server/api/v1/account.(*SysRechargeApi).DeleteSysRechargeByIds-fm (7 handlers)
[GIN-debug] PUT    /sysRecharge/updateSysRecharge --> fresh-shop/server/api/v1/account.(*SysRechargeApi).UpdateSysRecharge-fm (7 handlers)
[GIN-debug] GET    /sysRecharge/findSysRecharge --> fresh-shop/server/api/v1/account.(*SysRechargeApi).FindSysRecharge-fm (6 handlers)
[GIN-debug] GET    /sysRecharge/getSysRechargeList --> fresh-shop/server/api/v1/account.(*SysRechargeApi).GetSysRechargeList-fm (6 handlers)
[GIN-debug] POST   /userFinanceType/createUserFinanceType --> fresh-shop/server/api/v1/account.(*UserFinanceTypeApi).CreateUserFinanceType-fm (7 handlers)
[GIN-debug] DELETE /userFinanceType/deleteUserFinanceType --> fresh-shop/server/api/v1/account.(*UserFinanceTypeApi).DeleteUserFinanceType-fm (7 handlers)
[GIN-debug] DELETE /userFinanceType/deleteUserFinanceTypeByIds --> fresh-shop/server/api/v1/account.(*UserFinanceTypeApi).DeleteUserFinanceTypeByIds-fm (7 handlers)
[GIN-debug] PUT    /userFinanceType/updateUserFinanceType --> fresh-shop/server/api/v1/account.(*UserFinanceTypeApi).UpdateUserFinanceType-fm (7 handlers)
[GIN-debug] GET    /userFinanceType/findUserFinanceType --> fresh-shop/server/api/v1/account.(*UserFinanceTypeApi).FindUserFinanceType-fm (6 handlers)
[GIN-debug] GET    /userFinanceType/getUserFinanceTypeList --> fresh-shop/server/api/v1/account.(*UserFinanceTypeApi).GetUserFinanceTypeList-fm (6 handlers)
[GIN-debug] GET    /userFinanceType/getUserFinanceTypeListAll --> fresh-shop/server/api/v1/account.(*UserFinanceTypeApi).GetUserFinanceTypeListAll-fm (6 handlers)
[GIN-debug] POST   /userFinanceCash/createUserFinanceCash --> fresh-shop/server/api/v1/account.(*UserFinanceCashApi).CreateUserFinance-fm (7 handlers)
[GIN-debug] DELETE /userFinanceCash/deleteUserFinanceCash --> fresh-shop/server/api/v1/account.(*UserFinanceCashApi).DeleteUserFinance-fm (7 handlers)
[GIN-debug] DELETE /userFinanceCash/deleteUserFinanceCashByIds --> fresh-shop/server/api/v1/account.(*UserFinanceCashApi).DeleteUserFinanceByIds-fm (7 handlers)
[GIN-debug] PUT    /userFinanceCash/updateUserFinanceCash --> fresh-shop/server/api/v1/account.(*UserFinanceCashApi).UpdateUserFinance-fm (7 handlers)
[GIN-debug] GET    /userFinanceCash/findUserFinanceCash --> fresh-shop/server/api/v1/account.(*UserFinanceCashApi).FindUserFinance-fm (6 handlers)
[GIN-debug] GET    /userFinanceCash/getUserFinanceCashList --> fresh-shop/server/api/v1/account.(*UserFinanceCashApi).GetUserFinanceList-fm (6 handlers)
[GIN-debug] POST   /banner/createBanner      --> fresh-shop/server/api/v1/business.(*BannerApi).CreateBanner-fm (7 handlers)
[GIN-debug] DELETE /banner/deleteBanner      --> fresh-shop/server/api/v1/business.(*BannerApi).DeleteBanner-fm (7 handlers)
[GIN-debug] DELETE /banner/deleteBannerByIds --> fresh-shop/server/api/v1/business.(*BannerApi).DeleteBannerByIds-fm (7 handlers)
[GIN-debug] PUT    /banner/updateBanner      --> fresh-shop/server/api/v1/business.(*BannerApi).UpdateBanner-fm (7 handlers)
[GIN-debug] POST   /userDelivery/createUserDelivery --> fresh-shop/server/api/v1/business.(*UserDeliveryApi).CreateUserDelivery-fm (7 handlers)
[GIN-debug] DELETE /userDelivery/deleteUserDelivery --> fresh-shop/server/api/v1/business.(*UserDeliveryApi).DeleteUserDelivery-fm (7 handlers)
[GIN-debug] DELETE /userDelivery/deleteUserDeliveryByIds --> fresh-shop/server/api/v1/business.(*UserDeliveryApi).DeleteUserDeliveryByIds-fm (7 handlers)
[GIN-debug] PUT    /userDelivery/updateUserDelivery --> fresh-shop/server/api/v1/business.(*UserDeliveryApi).UpdateUserDelivery-fm (7 handlers)
[GIN-debug] GET    /userDelivery/findUserDelivery --> fresh-shop/server/api/v1/business.(*UserDeliveryApi).FindUserDelivery-fm (6 handlers)
[GIN-debug] GET    /userDelivery/getUserDeliveryList --> fresh-shop/server/api/v1/business.(*UserDeliveryApi).GetUserDeliveryList-fm (6 handlers)
[GIN-debug] GET    /userDelivery/getUserDeliveryAllList --> fresh-shop/server/api/v1/business.(*UserDeliveryApi).GetUserDeliveryAllList-fm (6 handlers)
[GIN-debug] POST   /order/pricing/batch-cost-price --> fresh-shop/server/api/v1/business.(*PricingApi).BatchUpdateCostPrice-fm (7 handlers)
[GIN-debug] POST   /order/pricing/batch-parse --> fresh-shop/server/api/v1/business.(*PricingApi).BatchParseText-fm (7 handlers)
[GIN-debug] POST   /order/pricing/apply      --> fresh-shop/server/api/v1/business.(*PricingApi).ApplyPricing-fm (7 handlers)
[GIN-debug] GET    /order/pricing/markup-rate --> fresh-shop/server/api/v1/business.(*PricingApi).GetMarkupRate-fm (7 handlers)
[GIN-debug] GET    /order/bill/list          --> fresh-shop/server/api/v1/business.(*BillApi).GetBillList-fm (7 handlers)
[GIN-debug] POST   /order/bill/generate      --> fresh-shop/server/api/v1/business.(*BillApi).GenerateBill-fm (7 handlers)
[GIN-debug] GET    /order/bill/:id           --> fresh-shop/server/api/v1/business.(*BillApi).GetBillDetail-fm (7 handlers)
[GIN-debug] PUT    /order/bill/:id/status    --> fresh-shop/server/api/v1/business.(*BillApi).UpdateBillStatus-fm (7 handlers)
[GIN-debug] GET    /banner/findBanner        --> fresh-shop/server/api/v1/business.(*BannerApi).FindBanner-fm (3 handlers)
[GIN-debug] GET    /banner/getBannerList     --> fresh-shop/server/api/v1/business.(*BannerApi).GetBannerList-fm (3 handlers)
[GIN-debug] POST   /category/createCategory  --> fresh-shop/server/api/v1/shop.(*CategoryApi).CreateCategory-fm (7 handlers)
[GIN-debug] DELETE /category/deleteCategory  --> fresh-shop/server/api/v1/shop.(*CategoryApi).DeleteCategory-fm (7 handlers)
[GIN-debug] DELETE /category/deleteCategoryByIds --> fresh-shop/server/api/v1/shop.(*CategoryApi).DeleteCategoryByIds-fm (7 handlers)
[GIN-debug] PUT    /category/updateCategory  --> fresh-shop/server/api/v1/shop.(*CategoryApi).UpdateCategory-fm (7 handlers)
[GIN-debug] POST   /brand/createBrand        --> fresh-shop/server/api/v1/shop.(*BrandApi).CreateBrand-fm (7 handlers)
[GIN-debug] DELETE /brand/deleteBrand        --> fresh-shop/server/api/v1/shop.(*BrandApi).DeleteBrand-fm (7 handlers)
[GIN-debug] DELETE /brand/deleteBrandByIds   --> fresh-shop/server/api/v1/shop.(*BrandApi).DeleteBrandByIds-fm (7 handlers)
[GIN-debug] PUT    /brand/updateBrand        --> fresh-shop/server/api/v1/shop.(*BrandApi).UpdateBrand-fm (7 handlers)
[GIN-debug] POST   /brandCategory/createBrandCategory --> fresh-shop/server/api/v1/shop.(*BrandCategoryApi).CreateBrandCategory-fm (7 handlers)
[GIN-debug] POST   /tags/createTags          --> fresh-shop/server/api/v1/shop.(*TagsApi).CreateTags-fm (7 handlers)
[GIN-debug] DELETE /tags/deleteTags          --> fresh-shop/server/api/v1/shop.(*TagsApi).DeleteTags-fm (7 handlers)
[GIN-debug] DELETE /tags/deleteTagsByIds     --> fresh-shop/server/api/v1/shop.(*TagsApi).DeleteTagsByIds-fm (7 handlers)
[GIN-debug] PUT    /tags/updateTags          --> fresh-shop/server/api/v1/shop.(*TagsApi).UpdateTags-fm (7 handlers)
[GIN-debug] POST   /goods/createGoods        --> fresh-shop/server/api/v1/shop.(*GoodsApi).CreateGoods-fm (7 handlers)
[GIN-debug] DELETE /goods/deleteGoods        --> fresh-shop/server/api/v1/shop.(*GoodsApi).DeleteGoods-fm (7 handlers)
[GIN-debug] DELETE /goods/deleteGoodsByIds   --> fresh-shop/server/api/v1/shop.(*GoodsApi).DeleteGoodsByIds-fm (7 handlers)
[GIN-debug] PUT    /goods/updateGoods        --> fresh-shop/server/api/v1/shop.(*GoodsApi).UpdateGoods-fm (7 handlers)
[GIN-debug] POST   /order/createOrder        --> fresh-shop/server/api/v1/shop.(*OrderApi).CreateOrder-fm (7 handlers)
[GIN-debug] POST   /order/orderPay           --> fresh-shop/server/api/v1/shop.(*OrderApi).OrderPay-fm (7 handlers)
[GIN-debug] POST   /order/cancelOrder        --> fresh-shop/server/api/v1/shop.(*OrderApi).CancelOrder-fm (7 handlers)
[GIN-debug] DELETE /order/deleteOrder        --> fresh-shop/server/api/v1/shop.(*OrderApi).DeleteOrder-fm (7 handlers)
[GIN-debug] DELETE /order/deleteOrderByIds   --> fresh-shop/server/api/v1/shop.(*OrderApi).DeleteOrderByIds-fm (7 handlers)
[GIN-debug] PUT    /order/updateOrder        --> fresh-shop/server/api/v1/shop.(*OrderApi).UpdateOrder-fm (7 handlers)
[GIN-debug] POST   /order/batchSettlement    --> fresh-shop/server/api/v1/shop.(*OrderApi).BatchSettlement-fm (7 handlers)
[GIN-debug] POST   /order/confirmOrder       --> fresh-shop/server/api/v1/shop.(*OrderApi).ConfirmOrder-fm (7 handlers)
[GIN-debug] PUT    /order/updateOrderStatus  --> fresh-shop/server/api/v1/shop.(*OrderApi).UpdateOrderStatus-fm (7 handlers)
[GIN-debug] GET    /order/findOrder          --> fresh-shop/server/api/v1/shop.(*OrderApi).FindOrder-fm (6 handlers)
[GIN-debug] GET    /order/findUserOrderStatus --> fresh-shop/server/api/v1/shop.(*OrderApi).FindUserOrderStatus-fm (6 handlers)
[GIN-debug] GET    /order/getOrderList       --> fresh-shop/server/api/v1/shop.(*OrderApi).GetOrderList-fm (6 handlers)
[GIN-debug] GET    /order/getOrderMonthStatistics --> fresh-shop/server/api/v1/shop.(*OrderApi).GetOrderMonthStatistics-fm (6 handlers)
[GIN-debug] GET    /order/getUserOrderList   --> fresh-shop/server/api/v1/shop.(*OrderApi).GetUserOrderList-fm (6 handlers)
[GIN-debug] GET    /order/orderStatus        --> fresh-shop/server/api/v1/shop.(*OrderApi).OrderStatus-fm (6 handlers)
[GIN-debug] POST   /orderDetails/createOrderDetails --> fresh-shop/server/api/v1/shop.(*OrderDetailsApi).CreateOrderDetails-fm (7 handlers)
[GIN-debug] DELETE /orderDetails/deleteOrderDetails --> fresh-shop/server/api/v1/shop.(*OrderDetailsApi).DeleteOrderDetails-fm (7 handlers)
[GIN-debug] DELETE /orderDetails/deleteOrderDetailsByIds --> fresh-shop/server/api/v1/shop.(*OrderDetailsApi).DeleteOrderDetailsByIds-fm (7 handlers)
[GIN-debug] PUT    /orderDetails/updateOrderDetails --> fresh-shop/server/api/v1/shop.(*OrderDetailsApi).UpdateOrderDetails-fm (7 handlers)
[GIN-debug] GET    /orderDetails/recentlyPurchasedGoods --> fresh-shop/server/api/v1/shop.(*OrderDetailsApi).RecentlyPurchasedGoods-fm (6 handlers)
[GIN-debug] GET    /orderDetails/findOrderDetails --> fresh-shop/server/api/v1/shop.(*OrderDetailsApi).FindOrderDetails-fm (6 handlers)
[GIN-debug] GET    /orderDetails/getOrderDetailsList --> fresh-shop/server/api/v1/shop.(*OrderDetailsApi).GetOrderDetailsList-fm (6 handlers)
[GIN-debug] DELETE /orderDelivery/deleteOrderDelivery --> fresh-shop/server/api/v1/shop.(*OrderDeliveryApi).DeleteOrderDelivery-fm (7 handlers)
[GIN-debug] DELETE /orderDelivery/deleteOrderDeliveryByIds --> fresh-shop/server/api/v1/shop.(*OrderDeliveryApi).DeleteOrderDeliveryByIds-fm (7 handlers)
[GIN-debug] PUT    /orderDelivery/updateOrderDelivery --> fresh-shop/server/api/v1/shop.(*OrderDeliveryApi).UpdateOrderDelivery-fm (7 handlers)
[GIN-debug] POST   /orderDelivery/createOrderDelivery --> fresh-shop/server/api/v1/shop.(*OrderDeliveryApi).CreateOrderDelivery-fm (6 handlers)
[GIN-debug] GET    /orderDelivery/findOrderDelivery --> fresh-shop/server/api/v1/shop.(*OrderDeliveryApi).FindOrderDelivery-fm (6 handlers)
[GIN-debug] GET    /orderDelivery/getOrderDeliveryList --> fresh-shop/server/api/v1/shop.(*OrderDeliveryApi).GetOrderDeliveryList-fm (6 handlers)
[GIN-debug] POST   /orderReturn/createOrderReturn --> fresh-shop/server/api/v1/shop.(*OrderReturnApi).CreateOrderReturn-fm (7 handlers)
[GIN-debug] DELETE /orderReturn/deleteOrderReturn --> fresh-shop/server/api/v1/shop.(*OrderReturnApi).DeleteOrderReturn-fm (7 handlers)
[GIN-debug] DELETE /orderReturn/deleteOrderReturnByIds --> fresh-shop/server/api/v1/shop.(*OrderReturnApi).DeleteOrderReturnByIds-fm (7 handlers)
[GIN-debug] PUT    /orderReturn/updateOrderReturn --> fresh-shop/server/api/v1/shop.(*OrderReturnApi).UpdateOrderReturn-fm (7 handlers)
[GIN-debug] GET    /orderReturn/findOrderReturn --> fresh-shop/server/api/v1/shop.(*OrderReturnApi).FindOrderReturn-fm (6 handlers)
[GIN-debug] GET    /orderReturn/getOrderReturnList --> fresh-shop/server/api/v1/shop.(*OrderReturnApi).GetOrderReturnList-fm (6 handlers)
[GIN-debug] GET    /goods/findGoods          --> fresh-shop/server/api/v1/shop.(*GoodsApi).FindGoods-fm (3 handlers)
[GIN-debug] GET    /goods/getGoodsList       --> fresh-shop/server/api/v1/shop.(*GoodsApi).GetGoodsList-fm (3 handlers)
[GIN-debug] POST   /goods/batchCreateGoodsByExcel --> fresh-shop/server/api/v1/shop.(*GoodsApi).BatchCreateGoodsByExcel-fm (3 handlers)
[GIN-debug] POST   /goods/exportGoods        --> fresh-shop/server/api/v1/shop.(*GoodsApi).ExportGoods-fm (3 handlers)
[GIN-debug] GET    /brand/findBrand          --> fresh-shop/server/api/v1/shop.(*BrandApi).FindBrand-fm (3 handlers)
[GIN-debug] GET    /brand/getBrandList       --> fresh-shop/server/api/v1/shop.(*BrandApi).GetBrandList-fm (3 handlers)
[GIN-debug] GET    /brand/getBrandListByCategoryId --> fresh-shop/server/api/v1/shop.(*BrandApi).GetBrandListByCategoryId-fm (3 handlers)
[GIN-debug] GET    /brand/getBrandListAll    --> fresh-shop/server/api/v1/shop.(*BrandApi).GetBrandListAll-fm (3 handlers)
[GIN-debug] GET    /category/findCategory    --> fresh-shop/server/api/v1/shop.(*CategoryApi).FindCategory-fm (3 handlers)
[GIN-debug] GET    /category/getCategoryList --> fresh-shop/server/api/v1/shop.(*CategoryApi).GetCategoryList-fm (3 handlers)
[GIN-debug] GET    /category/getCategoryListAll --> fresh-shop/server/api/v1/shop.(*CategoryApi).GetCategoryListAll-fm (3 handlers)
[GIN-debug] GET    /tags/findTags            --> fresh-shop/server/api/v1/shop.(*TagsApi).FindTags-fm (3 handlers)
[GIN-debug] GET    /tags/getTagsList         --> fresh-shop/server/api/v1/shop.(*TagsApi).GetTagsList-fm (3 handlers)
[GIN-debug] GET    /tags/getTagsListAll      --> fresh-shop/server/api/v1/shop.(*TagsApi).GetTagsListAll-fm (3 handlers)
[GIN-debug] DELETE /favorites/deleteFavorites --> fresh-shop/server/api/v1/shop.(*FavoritesApi).DeleteFavorites-fm (7 handlers)
[GIN-debug] DELETE /favorites/deleteFavoritesByIds --> fresh-shop/server/api/v1/shop.(*FavoritesApi).DeleteFavoritesByIds-fm (7 handlers)
[GIN-debug] POST   /favorites/favorites      --> fresh-shop/server/api/v1/shop.(*FavoritesApi).Favorites-fm (7 handlers)
[GIN-debug] GET    /favorites/findFavorites  --> fresh-shop/server/api/v1/shop.(*FavoritesApi).FindFavorites-fm (6 handlers)
[GIN-debug] GET    /favorites/getFavoritesList --> fresh-shop/server/api/v1/shop.(*FavoritesApi).GetFavoritesList-fm (6 handlers)
[GIN-debug] POST   /cart/createCart          --> fresh-shop/server/api/v1/shop.(*CartApi).CreateCart-fm (7 handlers)
[GIN-debug] DELETE /cart/deleteCart          --> fresh-shop/server/api/v1/shop.(*CartApi).DeleteCart-fm (7 handlers)
[GIN-debug] DELETE /cart/deleteCartByIds     --> fresh-shop/server/api/v1/shop.(*CartApi).DeleteCartByIds-fm (7 handlers)
[GIN-debug] PUT    /cart/updateCart          --> fresh-shop/server/api/v1/shop.(*CartApi).UpdateCart-fm (7 handlers)
[GIN-debug] POST   /cart/selectAllChecked    --> fresh-shop/server/api/v1/shop.(*CartApi).SelectAllChecked-fm (6 handlers)
[GIN-debug] POST   /cart/selectGoodsSingeChecked --> fresh-shop/server/api/v1/shop.(*CartApi).SelectGoodsSingeChecked-fm (6 handlers)
[GIN-debug] POST   /cart/clearAllChecked     --> fresh-shop/server/api/v1/shop.(*CartApi).ClearAllChecked-fm (6 handlers)
[GIN-debug] GET    /cart/getCartList         --> fresh-shop/server/api/v1/shop.(*CartApi).GetCartList-fm (6 handlers)
[GIN-debug] POST   /userAddress/createUserAddress --> fresh-shop/server/api/v1/shop.(*UserAddressApi).CreateUserAddress-fm (7 handlers)
[GIN-debug] DELETE /userAddress/deleteUserAddress --> fresh-shop/server/api/v1/shop.(*UserAddressApi).DeleteUserAddress-fm (7 handlers)
[GIN-debug] DELETE /userAddress/deleteUserAddressByIds --> fresh-shop/server/api/v1/shop.(*UserAddressApi).DeleteUserAddressByIds-fm (7 handlers)
[GIN-debug] PUT    /userAddress/updateUserAddress --> fresh-shop/server/api/v1/shop.(*UserAddressApi).UpdateUserAddress-fm (7 handlers)
[GIN-debug] GET    /userAddress/findUserAddress --> fresh-shop/server/api/v1/shop.(*UserAddressApi).FindUserAddress-fm (6 handlers)
[GIN-debug] GET    /userAddress/findUserDefaultAddress --> fresh-shop/server/api/v1/shop.(*UserAddressApi).FindUserDefaultAddress-fm (6 handlers)
[GIN-debug] GET    /userAddress/getUserAddressList --> fresh-shop/server/api/v1/shop.(*UserAddressApi).GetUserAddressList-fm (6 handlers)
[GIN-debug] POST   /wechat/createPayData     --> fresh-shop/server/api/v1/wechat.(*WeChatApi).CreatePayData-fm (7 handlers)
[GIN-debug] GET    /wechat/getUnlimitedQRCode --> fresh-shop/server/api/v1/wechat.(*WeChatApi).GetUnlimitedQRCode-fm (6 handlers)
[GIN-debug] GET    /wechat/code2Session      --> fresh-shop/server/api/v1/wechat.(*WeChatApi).Code2Session-fm (3 handlers)
[GIN-debug] POST   /wechat/pay/notify        --> fresh-shop/server/api/v1/wechat.(*WeChatApi).PayNotify-fm (3 handlers)
[fresh_shop/server]2026/09/29 - 23:28:41.409	[34minfo[0m	/Users/zhaoyuedong/Desktop/生鲜项目/fresh-b2b/fresh-shop/server/initialize/router.go:127	router register success
[GIN-debug] GET    /form-generator/*filepath --> github.com/gin-gonic/gin.(*RouterGroup).createStaticHandler.func1 (3 handlers)
[GIN-debug] HEAD   /form-generator/*filepath --> github.com/gin-gonic/gin.(*RouterGroup).createStaticHandler.func1 (3 handlers)
[fresh_shop/server]2026/09/29 - 23:28:41.409	[34minfo[0m	/Users/zhaoyuedong/Desktop/生鲜项目/fresh-b2b/fresh-shop/server/core/server.go:36	server run success on 	{"address": ":48888"}

	欢迎使用 启运冻品
	当前版本:v2.5.5
	默认自动化文档地址:http://127.0.0.1:48888/swagger/index.html
	默认前端文件运行地址:http://127.0.0.1:8080
2026/09/29 23:28:41 10457 :48888

2026/09/29 23:47:52 [32m/Users/zhaoyuedong/Desktop/生鲜项目/fresh-b2b/fresh-shop/server/service/system/sys_menu.go:30
[0m[33m[0.782ms] [34;1m[rows:52][0m SELECT * FROM `sys_authority_menus` WHERE sys_authority_authority_id = 888

2026/09/29 23:47:52 [32m/Users/zhaoyuedong/Desktop/生鲜项目/fresh-b2b/fresh-shop/server/service/system/sys_menu.go:41
[0m[33m[0.412ms] [34;1m[rows:2][0m SELECT * FROM `sys_base_menu_parameters` WHERE `sys_base_menu_parameters`.`sys_base_menu_id` IN (37,49,42,1,9,4,101,36,5,102,6,44,7,11,38,39,8,100,10,45,103,46,47,24,3) AND `sys_base_menu_parameters`.`deleted_at` IS NULL

2026/09/29 23:47:52 [32m/Users/zhaoyuedong/Desktop/生鲜项目/fresh-b2b/fresh-shop/server/service/system/sys_menu.go:41
[0m[33m[3.230ms] [34;1m[rows:25][0m SELECT * FROM `sys_base_menus` WHERE id in ('1','3','4','5','6','7','8','9','10','11','12','13','14','16','17','18','19','20','21','22','24','25','26','27','28','29','30','31','32','33','34','35','36','37','38','39','40','41','42','43','44','45','46','47','48','49','50','51','100','101','102','103') AND `sys_base_menus`.`deleted_at` IS NULL ORDER BY sort

2026/09/29 23:47:52 [32m/Users/zhaoyuedong/Desktop/生鲜项目/fresh-b2b/fresh-shop/server/service/system/sys_menu.go:55
[0m[33m[0.390ms] [34;1m[rows:0][0m SELECT * FROM `sys_authority_btns` WHERE authority_id = 888
[GIN] 2026/09/29 - 23:47:52 | 200 |    5.954334ms |       127.0.0.1 | POST     "/menu/getMenu"

2026/09/29 23:47:52 [32m/Users/zhaoyuedong/Desktop/生鲜项目/fresh-b2b/fresh-shop/server/service/system/sys_user.go:411
[0m[33m[0.280ms] [34;1m[rows:2][0m SELECT * FROM `sys_user_authority` WHERE `sys_user_authority`.`sys_user_id` = 1

2026/09/29 23:47:52 [32m/Users/zhaoyuedong/Desktop/生鲜项目/fresh-b2b/fresh-shop/server/service/system/sys_user.go:411
[0m[33m[0.425ms] [34;1m[rows:2][0m SELECT * FROM `sys_authorities` WHERE `sys_authorities`.`authority_id` IN (888,999)

2026/09/29 23:47:52 [32m/Users/zhaoyuedong/Desktop/生鲜项目/fresh-b2b/fresh-shop/server/service/system/sys_user.go:411
[0m[33m[0.270ms] [34;1m[rows:1][0m SELECT * FROM `sys_authorities` WHERE `sys_authorities`.`authority_id` = 888

2026/09/29 23:47:52 [32m/Users/zhaoyuedong/Desktop/生鲜项目/fresh-b2b/fresh-shop/server/service/system/sys_user.go:411
[0m[33m[1.746ms] [34;1m[rows:1][0m SELECT * FROM `sys_users` WHERE uuid = 'f0f71391-6d0e-418c-a601-af3dde923073' AND `sys_users`.`deleted_at` IS NULL ORDER BY `sys_users`.`id` LIMIT 1

2026/09/29 23:47:52 [32m/Users/zhaoyuedong/Desktop/生鲜项目/fresh-b2b/fresh-shop/server/service/system/sys_menu.go:227
[0m[33m[0.203ms] [34;1m[rows:52][0m SELECT `sys_base_menu_id` FROM `sys_authority_menus` WHERE sys_authority_authority_id = 888

2026/09/29 23:47:52 [32m/Users/zhaoyuedong/Desktop/生鲜项目/fresh-b2b/fresh-shop/server/service/system/sys_menu.go:232
[0m[33m[0.528ms] [34;1m[rows:1][0m SELECT * FROM `sys_base_menus` WHERE (name = 'dashboard' and id in ('1','3','4','5','6','7','8','9','10','11','12','13','14','16','17','18','19','20','21','22','24','25','26','27','28','29','30','31','32','33','34','35','36','37','38','39','40','41','42','43','44','45','46','47','48','49','50','51','100','101','102','103')) AND `sys_base_menus`.`deleted_at` IS NULL ORDER BY `sys_base_menus`.`id` LIMIT 1

2026/09/29 23:47:52 [32m/Users/zhaoyuedong/Desktop/生鲜项目/fresh-b2b/fresh-shop/server/service/common/account.go:161
[0m[33m[0.233ms] [34;1m[rows:1][0m SELECT * FROM `user_account_group` WHERE `user_account_group`.`id` = 2 AND `user_account_group`.`deleted_at` IS NULL

2026/09/29 23:47:52 [32m/Users/zhaoyuedong/Desktop/生鲜项目/fresh-b2b/fresh-shop/server/service/common/account.go:161
[0m[33m[0.951ms] [34;1m[rows:1][0m SELECT * FROM `user_account` WHERE (user_id = 1 and group_id = 2) AND `user_account`.`deleted_at` IS NULL ORDER BY `user_account`.`id` LIMIT 1
[GIN] 2026/09/29 - 23:47:52 | 200 |    3.866541ms |       127.0.0.1 | GET      "/user/getUserInfo"

2026/09/29 23:47:52 [32m/Users/zhaoyuedong/Desktop/生鲜项目/fresh-b2b/fresh-shop/server/service/system/sys_dictionary.go:90
[0m[33m[0.329ms] [34;1m[rows:3][0m SELECT * FROM `sys_dictionary_details` WHERE `sys_dictionary_details`.`sys_dictionary_id` = 16 AND status = true AND `sys_dictionary_details`.`deleted_at` IS NULL

2026/09/29 23:47:52 [32m/Users/zhaoyuedong/Desktop/生鲜项目/fresh-b2b/fresh-shop/server/service/system/sys_dictionary.go:90
[0m[33m[1.183ms] [34;1m[rows:1][0m SELECT * FROM `sys_dictionaries` WHERE ((type = 'payment' OR id = 0) and status = true) AND `sys_dictionaries`.`deleted_at` IS NULL ORDER BY `sys_dictionaries`.`id` LIMIT 1
[GIN] 2026/09/29 - 23:47:52 | 200 |    1.489959ms |       127.0.0.1 | GET      "/sysDictionary/findSysDictionary?type=payment"

2026/09/29 23:47:52 [32m/Users/zhaoyuedong/Desktop/生鲜项目/fresh-b2b/fresh-shop/server/service/shop/order.go:522
[0m[33m[1.929ms] [34;1m[rows:1][0m SELECT count(*) FROM `shop_order` LEFT JOIN `shop_order_return` `OrderReturn` ON `shop_order`.`id` = `OrderReturn`.`order_id` AND `OrderReturn`.`deleted_at` IS NULL WHERE shop_order.settlement_type = 0 AND shop_order.goods_area = 0 AND `shop_order`.`deleted_at` IS NULL

2026/09/29 23:47:52 [32m/Users/zhaoyuedong/Desktop/生鲜项目/fresh-b2b/fresh-shop/server/service/shop/order.go:529
[0m[33m[0.345ms] [34;1m[rows:0][0m SELECT `shop_order`.`id`,`shop_order`.`created_at`,`shop_order`.`updated_at`,`shop_order`.`deleted_at`,`shop_order`.`user_id`,`shop_order`.`order_sn`,`shop_order`.`goods_area`,`shop_order`.`shipment_name`,`shop_order`.`shipment_mobile`,`shop_order`.`shipment_address`,`shop_order`.`shipment_type`,`shop_order`.`num`,`shop_order`.`total`,`shop_order`.`postage`,`shop_order`.`finish`,`shop_order`.`settlement_type`,`shop_order`.`payment`,`shop_order`.`pick_up_number`,`shop_order`.`payment_info`,`shop_order`.`payment_openid`,`shop_order`.`transation_id`,`shop_order`.`remarks`,`shop_order`.`status`,`shop_order`.`status_cancel`,`shop_order`.`status_refund`,`shop_order`.`pay_time`,`shop_order`.`shipment_time`,`shop_order`.`receive_time`,`shop_order`.`cancel_time`,`shop_order`.`gift_points`,`shop_order`.`order_status`,`shop_order`.`company_id`,`shop_order`.`delivery_date` FROM `shop_order` LEFT JOIN `shop_order_return` `OrderReturn` ON `shop_order`.`id` = `OrderReturn`.`order_id` AND `OrderReturn`.`deleted_at` IS NULL WHERE shop_order.settlement_type = 0 AND shop_order.goods_area = 0 AND `shop_order`.`deleted_at` IS NULL ORDER BY shop_order.created_at desc LIMIT 10
[GIN] 2026/09/29 - 23:47:52 | 200 |    2.872958ms |       127.0.0.1 | GET      "/order/getOrderList?page=1&pageSize=10&goodsArea=0&settlementType=0"

2026/09/29 23:47:52 [32m/Users/zhaoyuedong/Desktop/生鲜项目/fresh-b2b/fresh-shop/server/service/system/sys_dictionary.go:90
[0m[33m[0.316ms] [34;1m[rows:4][0m SELECT * FROM `sys_dictionary_details` WHERE `sys_dictionary_details`.`sys_dictionary_id` = 17 AND status = true AND `sys_dictionary_details`.`deleted_at` IS NULL

2026/09/29 23:47:52 [32m/Users/zhaoyuedong/Desktop/生鲜项目/fresh-b2b/fresh-shop/server/service/system/sys_dictionary.go:90
[0m[33m[1.084ms] [34;1m[rows:1][0m SELECT * FROM `sys_dictionaries` WHERE ((type = 'orderStatus' OR id = 0) and status = true) AND `sys_dictionaries`.`deleted_at` IS NULL ORDER BY `sys_dictionaries`.`id` LIMIT 1
[GIN] 2026/09/29 - 23:47:52 | 200 |    1.256167ms |       127.0.0.1 | GET      "/sysDictionary/findSysDictionary?type=orderStatus"

2026/09/29 23:47:52 [32m/Users/zhaoyuedong/Desktop/生鲜项目/fresh-b2b/fresh-shop/server/service/system/sys_dictionary.go:90
[0m[33m[0.309ms] [34;1m[rows:4][0m SELECT * FROM `sys_dictionary_details` WHERE `sys_dictionary_details`.`sys_dictionary_id` = 18 AND status = true AND `sys_dictionary_details`.`deleted_at` IS NULL

2026/09/29 23:47:52 [32m/Users/zhaoyuedong/Desktop/生鲜项目/fresh-b2b/fresh-shop/server/service/system/sys_dictionary.go:90
[0m[33m[0.963ms] [34;1m[rows:1][0m SELECT * FROM `sys_dictionaries` WHERE ((type = 'GoodsStatusCancel' OR id = 0) and status = true) AND `sys_dictionaries`.`deleted_at` IS NULL ORDER BY `sys_dictionaries`.`id` LIMIT 1
[GIN] 2026/09/29 - 23:47:52 | 200 |       1.145ms |       127.0.0.1 | GET      "/sysDictionary/findSysDictionary?type=GoodsStatusCancel"

2026/09/29 23:47:52 [32m/Users/zhaoyuedong/Desktop/生鲜项目/fresh-b2b/fresh-shop/server/service/system/sys_dictionary.go:90
[0m[33m[0.185ms] [34;1m[rows:4][0m SELECT * FROM `sys_dictionary_details` WHERE `sys_dictionary_details`.`sys_dictionary_id` = 19 AND status = true AND `sys_dictionary_details`.`deleted_at` IS NULL

2026/09/29 23:47:52 [32m/Users/zhaoyuedong/Desktop/生鲜项目/fresh-b2b/fresh-shop/server/service/system/sys_dictionary.go:90
[0m[33m[0.494ms] [34;1m[rows:1][0m SELECT * FROM `sys_dictionaries` WHERE ((type = 'OrderStatusRefund' OR id = 0) and status = true) AND `sys_dictionaries`.`deleted_at` IS NULL ORDER BY `sys_dictionaries`.`id` LIMIT 1
[GIN] 2026/09/29 - 23:47:52 | 200 |     558.333µs |       127.0.0.1 | GET      "/sysDictionary/findSysDictionary?type=OrderStatusRefund"

2026/09/29 23:47:52 [32m/Users/zhaoyuedong/Desktop/生鲜项目/fresh-b2b/fresh-shop/server/service/system/sys_dictionary.go:90
[0m[33m[0.196ms] [34;1m[rows:2][0m SELECT * FROM `sys_dictionary_details` WHERE `sys_dictionary_details`.`sys_dictionary_id` = 12 AND status = true AND `sys_dictionary_details`.`deleted_at` IS NULL

2026/09/29 23:47:52 [32m/Users/zhaoyuedong/Desktop/生鲜项目/fresh-b2b/fresh-shop/server/service/system/sys_dictionary.go:90
[0m[33m[0.447ms] [34;1m[rows:1][0m SELECT * FROM `sys_dictionaries` WHERE ((type = 'goods_area' OR id = 0) and status = true) AND `sys_dictionaries`.`deleted_at` IS NULL ORDER BY `sys_dictionaries`.`id` LIMIT 1
[GIN] 2026/09/29 - 23:47:52 | 200 |     485.917µs |       127.0.0.1 | GET      "/sysDictionary/findSysDictionary?type=goods_area"

2026/09/29 23:48:00 [32m/Users/zhaoyuedong/Desktop/生鲜项目/fresh-b2b/fresh-shop/server/service/system/sys_menu.go:30
[0m[33m[0.461ms] [34;1m[rows:52][0m SELECT * FROM `sys_authority_menus` WHERE sys_authority_authority_id = 888

2026/09/29 23:48:00 [32m/Users/zhaoyuedong/Desktop/生鲜项目/fresh-b2b/fresh-shop/server/service/system/sys_menu.go:41
[0m[33m[0.680ms] [34;1m[rows:2][0m SELECT * FROM `sys_base_menu_parameters` WHERE `sys_base_menu_parameters`.`sys_base_menu_id` IN (37,49,42,1,9,4,101,36,5,102,6,44,7,11,38,39,8,100,10,45,103,46,47,24,3) AND `sys_base_menu_parameters`.`deleted_at` IS NULL

2026/09/29 23:48:00 [32m/Users/zhaoyuedong/Desktop/生鲜项目/fresh-b2b/fresh-shop/server/service/system/sys_menu.go:41
[0m[33m[2.955ms] [34;1m[rows:25][0m SELECT * FROM `sys_base_menus` WHERE id in ('1','3','4','5','6','7','8','9','10','11','12','13','14','16','17','18','19','20','21','22','24','25','26','27','28','29','30','31','32','33','34','35','36','37','38','39','40','41','42','43','44','45','46','47','48','49','50','51','100','101','102','103') AND `sys_base_menus`.`deleted_at` IS NULL ORDER BY sort

2026/09/29 23:48:00 [32m/Users/zhaoyuedong/Desktop/生鲜项目/fresh-b2b/fresh-shop/server/service/system/sys_menu.go:55
[0m[33m[0.390ms] [34;1m[rows:0][0m SELECT * FROM `sys_authority_btns` WHERE authority_id = 888
[GIN] 2026/09/29 - 23:48:00 | 200 |    4.535791ms |       127.0.0.1 | POST     "/menu/getMenu"

2026/09/29 23:48:00 [32m/Users/zhaoyuedong/Desktop/生鲜项目/fresh-b2b/fresh-shop/server/service/system/sys_user.go:411
[0m[33m[0.220ms] [34;1m[rows:2][0m SELECT * FROM `sys_user_authority` WHERE `sys_user_authority`.`sys_user_id` = 1

2026/09/29 23:48:00 [32m/Users/zhaoyuedong/Desktop/生鲜项目/fresh-b2b/fresh-shop/server/service/system/sys_user.go:411
[0m[33m[0.278ms] [34;1m[rows:2][0m SELECT * FROM `sys_authorities` WHERE `sys_authorities`.`authority_id` IN (888,999)

2026/09/29 23:48:00 [32m/Users/zhaoyuedong/Desktop/生鲜项目/fresh-b2b/fresh-shop/server/service/system/sys_user.go:411
[0m[33m[0.191ms] [34;1m[rows:1][0m SELECT * FROM `sys_authorities` WHERE `sys_authorities`.`authority_id` = 888

2026/09/29 23:48:00 [32m/Users/zhaoyuedong/Desktop/生鲜项目/fresh-b2b/fresh-shop/server/service/system/sys_user.go:411
[0m[33m[1.342ms] [34;1m[rows:1][0m SELECT * FROM `sys_users` WHERE uuid = 'f0f71391-6d0e-418c-a601-af3dde923073' AND `sys_users`.`deleted_at` IS NULL ORDER BY `sys_users`.`id` LIMIT 1

2026/09/29 23:48:00 [32m/Users/zhaoyuedong/Desktop/生鲜项目/fresh-b2b/fresh-shop/server/service/system/sys_menu.go:227
[0m[33m[0.208ms] [34;1m[rows:52][0m SELECT `sys_base_menu_id` FROM `sys_authority_menus` WHERE sys_authority_authority_id = 888

2026/09/29 23:48:00 [32m/Users/zhaoyuedong/Desktop/生鲜项目/fresh-b2b/fresh-shop/server/service/system/sys_menu.go:232
[0m[33m[0.556ms] [34;1m[rows:1][0m SELECT * FROM `sys_base_menus` WHERE (name = 'dashboard' and id in ('1','3','4','5','6','7','8','9','10','11','12','13','14','16','17','18','19','20','21','22','24','25','26','27','28','29','30','31','32','33','34','35','36','37','38','39','40','41','42','43','44','45','46','47','48','49','50','51','100','101','102','103')) AND `sys_base_menus`.`deleted_at` IS NULL ORDER BY `sys_base_menus`.`id` LIMIT 1

2026/09/29 23:48:00 [32m/Users/zhaoyuedong/Desktop/生鲜项目/fresh-b2b/fresh-shop/server/service/common/account.go:161
[0m[33m[0.197ms] [34;1m[rows:1][0m SELECT * FROM `user_account_group` WHERE `user_account_group`.`id` = 2 AND `user_account_group`.`deleted_at` IS NULL

2026/09/29 23:48:00 [32m/Users/zhaoyuedong/Desktop/生鲜项目/fresh-b2b/fresh-shop/server/service/common/account.go:161
[0m[33m[0.597ms] [34;1m[rows:1][0m SELECT * FROM `user_account` WHERE (user_id = 1 and group_id = 2) AND `user_account`.`deleted_at` IS NULL ORDER BY `user_account`.`id` LIMIT 1
[GIN] 2026/09/29 - 23:48:00 | 200 |    2.950125ms |       127.0.0.1 | GET      "/user/getUserInfo"

2026/09/29 23:48:00 [32m/Users/zhaoyuedong/Desktop/生鲜项目/fresh-b2b/fresh-shop/server/service/system/sys_dictionary.go:90
[0m[33m[0.339ms] [34;1m[rows:3][0m SELECT * FROM `sys_dictionary_details` WHERE `sys_dictionary_details`.`sys_dictionary_id` = 16 AND status = true AND `sys_dictionary_details`.`deleted_at` IS NULL

2026/09/29 23:48:00 [32m/Users/zhaoyuedong/Desktop/生鲜项目/fresh-b2b/fresh-shop/server/service/system/sys_dictionary.go:90
[0m[33m[0.905ms] [34;1m[rows:1][0m SELECT * FROM `sys_dictionaries` WHERE ((type = 'payment' OR id = 0) and status = true) AND `sys_dictionaries`.`deleted_at` IS NULL ORDER BY `sys_dictionaries`.`id` LIMIT 1
[GIN] 2026/09/29 - 23:48:00 | 200 |    1.023375ms |       127.0.0.1 | GET      "/sysDictionary/findSysDictionary?type=payment"

2026/09/29 23:48:00 [32m/Users/zhaoyuedong/Desktop/生鲜项目/fresh-b2b/fresh-shop/server/service/shop/order.go:522
[0m[33m[1.374ms] [34;1m[rows:1][0m SELECT count(*) FROM `shop_order` LEFT JOIN `shop_order_return` `OrderReturn` ON `shop_order`.`id` = `OrderReturn`.`order_id` AND `OrderReturn`.`deleted_at` IS NULL WHERE shop_order.settlement_type = 0 AND shop_order.goods_area = 0 AND `shop_order`.`deleted_at` IS NULL

2026/09/29 23:48:00 [32m/Users/zhaoyuedong/Desktop/生鲜项目/fresh-b2b/fresh-shop/server/service/shop/order.go:529
[0m[33m[0.370ms] [34;1m[rows:0][0m SELECT `shop_order`.`id`,`shop_order`.`created_at`,`shop_order`.`updated_at`,`shop_order`.`deleted_at`,`shop_order`.`user_id`,`shop_order`.`order_sn`,`shop_order`.`goods_area`,`shop_order`.`shipment_name`,`shop_order`.`shipment_mobile`,`shop_order`.`shipment_address`,`shop_order`.`shipment_type`,`shop_order`.`num`,`shop_order`.`total`,`shop_order`.`postage`,`shop_order`.`finish`,`shop_order`.`settlement_type`,`shop_order`.`payment`,`shop_order`.`pick_up_number`,`shop_order`.`payment_info`,`shop_order`.`payment_openid`,`shop_order`.`transation_id`,`shop_order`.`remarks`,`shop_order`.`status`,`shop_order`.`status_cancel`,`shop_order`.`status_refund`,`shop_order`.`pay_time`,`shop_order`.`shipment_time`,`shop_order`.`receive_time`,`shop_order`.`cancel_time`,`shop_order`.`gift_points`,`shop_order`.`order_status`,`shop_order`.`company_id`,`shop_order`.`delivery_date` FROM `shop_order` LEFT JOIN `shop_order_return` `OrderReturn` ON `shop_order`.`id` = `OrderReturn`.`order_id` AND `OrderReturn`.`deleted_at` IS NULL WHERE shop_order.settlement_type = 0 AND shop_order.goods_area = 0 AND `shop_order`.`deleted_at` IS NULL ORDER BY shop_order.created_at desc LIMIT 10
[GIN] 2026/09/29 - 23:48:00 | 200 |    2.058083ms |       127.0.0.1 | GET      "/order/getOrderList?page=1&pageSize=10&goodsArea=0&settlementType=0"

2026/09/29 23:48:00 [32m/Users/zhaoyuedong/Desktop/生鲜项目/fresh-b2b/fresh-shop/server/service/system/sys_dictionary.go:90
[0m[33m[0.799ms] [34;1m[rows:4][0m SELECT * FROM `sys_dictionary_details` WHERE `sys_dictionary_details`.`sys_dictionary_id` = 17 AND status = true AND `sys_dictionary_details`.`deleted_at` IS NULL

2026/09/29 23:48:00 [32m/Users/zhaoyuedong/Desktop/生鲜项目/fresh-b2b/fresh-shop/server/service/system/sys_dictionary.go:90
[0m[33m[1.747ms] [34;1m[rows:1][0m SELECT * FROM `sys_dictionaries` WHERE ((type = 'orderStatus' OR id = 0) and status = true) AND `sys_dictionaries`.`deleted_at` IS NULL ORDER BY `sys_dictionaries`.`id` LIMIT 1
[GIN] 2026/09/29 - 23:48:00 | 200 |     1.96075ms |       127.0.0.1 | GET      "/sysDictionary/findSysDictionary?type=orderStatus"

2026/09/29 23:48:00 [32m/Users/zhaoyuedong/Desktop/生鲜项目/fresh-b2b/fresh-shop/server/service/system/sys_dictionary.go:90
[0m[33m[0.530ms] [34;1m[rows:4][0m SELECT * FROM `sys_dictionary_details` WHERE `sys_dictionary_details`.`sys_dictionary_id` = 18 AND status = true AND `sys_dictionary_details`.`deleted_at` IS NULL

2026/09/29 23:48:00 [32m/Users/zhaoyuedong/Desktop/生鲜项目/fresh-b2b/fresh-shop/server/service/system/sys_dictionary.go:90
[0m[33m[2.304ms] [34;1m[rows:1][0m SELECT * FROM `sys_dictionaries` WHERE ((type = 'GoodsStatusCancel' OR id = 0) and status = true) AND `sys_dictionaries`.`deleted_at` IS NULL ORDER BY `sys_dictionaries`.`id` LIMIT 1
[GIN] 2026/09/29 - 23:48:00 | 200 |    2.601375ms |       127.0.0.1 | GET      "/sysDictionary/findSysDictionary?type=GoodsStatusCancel"

2026/09/29 23:48:00 [32m/Users/zhaoyuedong/Desktop/生鲜项目/fresh-b2b/fresh-shop/server/service/system/sys_dictionary.go:90
[0m[33m[0.280ms] [34;1m[rows:4][0m SELECT * FROM `sys_dictionary_details` WHERE `sys_dictionary_details`.`sys_dictionary_id` = 19 AND status = true AND `sys_dictionary_details`.`deleted_at` IS NULL

2026/09/29 23:48:00 [32m/Users/zhaoyuedong/Desktop/生鲜项目/fresh-b2b/fresh-shop/server/service/system/sys_dictionary.go:90
[0m[33m[1.051ms] [34;1m[rows:1][0m SELECT * FROM `sys_dictionaries` WHERE ((type = 'OrderStatusRefund' OR id = 0) and status = true) AND `sys_dictionaries`.`deleted_at` IS NULL ORDER BY `sys_dictionaries`.`id` LIMIT 1
[GIN] 2026/09/29 - 23:48:00 | 200 |    1.276167ms |       127.0.0.1 | GET      "/sysDictionary/findSysDictionary?type=OrderStatusRefund"

2026/09/29 23:48:00 [32m/Users/zhaoyuedong/Desktop/生鲜项目/fresh-b2b/fresh-shop/server/service/system/sys_dictionary.go:90
[0m[33m[0.584ms] [34;1m[rows:2][0m SELECT * FROM `sys_dictionary_details` WHERE `sys_dictionary_details`.`sys_dictionary_id` = 12 AND status = true AND `sys_dictionary_details`.`deleted_at` IS NULL

2026/09/29 23:48:00 [32m/Users/zhaoyuedong/Desktop/生鲜项目/fresh-b2b/fresh-shop/server/service/system/sys_dictionary.go:90
[0m[33m[1.343ms] [34;1m[rows:1][0m SELECT * FROM `sys_dictionaries` WHERE ((type = 'goods_area' OR id = 0) and status = true) AND `sys_dictionaries`.`deleted_at` IS NULL ORDER BY `sys_dictionaries`.`id` LIMIT 1
[GIN] 2026/09/29 - 23:48:00 | 200 |    1.548209ms |       127.0.0.1 | GET      "/sysDictionary/findSysDictionary?type=goods_area"

2026/09/29 23:54:46 [32m/Users/zhaoyuedong/Desktop/生鲜项目/fresh-b2b/fresh-shop/server/service/system/sys_menu.go:30
[0m[33m[0.619ms] [34;1m[rows:52][0m SELECT * FROM `sys_authority_menus` WHERE sys_authority_authority_id = 888

2026/09/29 23:54:46 [32m/Users/zhaoyuedong/Desktop/生鲜项目/fresh-b2b/fresh-shop/server/service/system/sys_menu.go:41
[0m[33m[0.275ms] [34;1m[rows:2][0m SELECT * FROM `sys_base_menu_parameters` WHERE `sys_base_menu_parameters`.`sys_base_menu_id` IN (37,49,42,1,9,4,101,36,5,102,6,44,7,11,38,39,8,100,10,45,103,46,47,24,3) AND `sys_base_menu_parameters`.`deleted_at` IS NULL

2026/09/29 23:54:46 [32m/Users/zhaoyuedong/Desktop/生鲜项目/fresh-b2b/fresh-shop/server/service/system/sys_menu.go:41
[0m[33m[1.132ms] [34;1m[rows:25][0m SELECT * FROM `sys_base_menus` WHERE id in ('1','3','4','5','6','7','8','9','10','11','12','13','14','16','17','18','19','20','21','22','24','25','26','27','28','29','30','31','32','33','34','35','36','37','38','39','40','41','42','43','44','45','46','47','48','49','50','51','100','101','102','103') AND `sys_base_menus`.`deleted_at` IS NULL ORDER BY sort

2026/09/29 23:54:46 [32m/Users/zhaoyuedong/Desktop/生鲜项目/fresh-b2b/fresh-shop/server/service/system/sys_menu.go:55
[0m[33m[0.221ms] [34;1m[rows:0][0m SELECT * FROM `sys_authority_btns` WHERE authority_id = 888
[GIN] 2026/09/29 - 23:54:46 | 200 |    2.539708ms |       127.0.0.1 | POST     "/menu/getMenu"

2026/09/29 23:54:46 [32m/Users/zhaoyuedong/Desktop/生鲜项目/fresh-b2b/fresh-shop/server/service/system/sys_user.go:411
[0m[33m[0.223ms] [34;1m[rows:2][0m SELECT * FROM `sys_user_authority` WHERE `sys_user_authority`.`sys_user_id` = 1

2026/09/29 23:54:46 [32m/Users/zhaoyuedong/Desktop/生鲜项目/fresh-b2b/fresh-shop/server/service/system/sys_user.go:411
[0m[33m[0.210ms] [34;1m[rows:2][0m SELECT * FROM `sys_authorities` WHERE `sys_authorities`.`authority_id` IN (888,999)

2026/09/29 23:54:46 [32m/Users/zhaoyuedong/Desktop/生鲜项目/fresh-b2b/fresh-shop/server/service/system/sys_user.go:411
[0m[33m[0.156ms] [34;1m[rows:1][0m SELECT * FROM `sys_authorities` WHERE `sys_authorities`.`authority_id` = 888

2026/09/29 23:54:46 [32m/Users/zhaoyuedong/Desktop/生鲜项目/fresh-b2b/fresh-shop/server/service/system/sys_user.go:411
[0m[33m[1.300ms] [34;1m[rows:1][0m SELECT * FROM `sys_users` WHERE uuid = 'f0f71391-6d0e-418c-a601-af3dde923073' AND `sys_users`.`deleted_at` IS NULL ORDER BY `sys_users`.`id` LIMIT 1

2026/09/29 23:54:46 [32m/Users/zhaoyuedong/Desktop/生鲜项目/fresh-b2b/fresh-shop/server/service/system/sys_menu.go:227
[0m[33m[0.333ms] [34;1m[rows:52][0m SELECT `sys_base_menu_id` FROM `sys_authority_menus` WHERE sys_authority_authority_id = 888

2026/09/29 23:54:46 [32m/Users/zhaoyuedong/Desktop/生鲜项目/fresh-b2b/fresh-shop/server/service/system/sys_menu.go:232
[0m[33m[0.939ms] [34;1m[rows:1][0m SELECT * FROM `sys_base_menus` WHERE (name = 'dashboard' and id in ('1','3','4','5','6','7','8','9','10','11','12','13','14','16','17','18','19','20','21','22','24','25','26','27','28','29','30','31','32','33','34','35','36','37','38','39','40','41','42','43','44','45','46','47','48','49','50','51','100','101','102','103')) AND `sys_base_menus`.`deleted_at` IS NULL ORDER BY `sys_base_menus`.`id` LIMIT 1

2026/09/29 23:54:46 [32m/Users/zhaoyuedong/Desktop/生鲜项目/fresh-b2b/fresh-shop/server/service/common/account.go:161
[0m[33m[0.421ms] [34;1m[rows:1][0m SELECT * FROM `user_account_group` WHERE `user_account_group`.`id` = 2 AND `user_account_group`.`deleted_at` IS NULL

2026/09/29 23:54:46 [32m/Users/zhaoyuedong/Desktop/生鲜项目/fresh-b2b/fresh-shop/server/service/common/account.go:161
[0m[33m[1.066ms] [34;1m[rows:1][0m SELECT * FROM `user_account` WHERE (user_id = 1 and group_id = 2) AND `user_account`.`deleted_at` IS NULL ORDER BY `user_account`.`id` LIMIT 1
[GIN] 2026/09/29 - 23:54:46 | 200 |    4.004375ms |       127.0.0.1 | GET      "/user/getUserInfo"

2026/09/29 23:54:46 [32m/Users/zhaoyuedong/Desktop/生鲜项目/fresh-b2b/fresh-shop/server/service/shop/order.go:522
[0m[33m[0.424ms] [34;1m[rows:1][0m SELECT count(*) FROM `shop_order` LEFT JOIN `shop_order_return` `OrderReturn` ON `shop_order`.`id` = `OrderReturn`.`order_id` AND `OrderReturn`.`deleted_at` IS NULL WHERE shop_order.settlement_type = 0 AND shop_order.goods_area = 0 AND `shop_order`.`deleted_at` IS NULL

2026/09/29 23:54:46 [32m/Users/zhaoyuedong/Desktop/生鲜项目/fresh-b2b/fresh-shop/server/service/system/sys_dictionary.go:90
[0m[33m[0.290ms] [34;1m[rows:3][0m SELECT * FROM `sys_dictionary_details` WHERE `sys_dictionary_details`.`sys_dictionary_id` = 16 AND status = true AND `sys_dictionary_details`.`deleted_at` IS NULL

2026/09/29 23:54:46 [32m/Users/zhaoyuedong/Desktop/生鲜项目/fresh-b2b/fresh-shop/server/service/system/sys_dictionary.go:90
[0m[33m[0.814ms] [34;1m[rows:1][0m SELECT * FROM `sys_dictionaries` WHERE ((type = 'payment' OR id = 0) and status = true) AND `sys_dictionaries`.`deleted_at` IS NULL ORDER BY `sys_dictionaries`.`id` LIMIT 1
[GIN] 2026/09/29 - 23:54:46 | 200 |     940.333µs |       127.0.0.1 | GET      "/sysDictionary/findSysDictionary?type=payment"

2026/09/29 23:54:46 [32m/Users/zhaoyuedong/Desktop/生鲜项目/fresh-b2b/fresh-shop/server/service/shop/order.go:529
[0m[33m[0.473ms] [34;1m[rows:0][0m SELECT `shop_order`.`id`,`shop_order`.`created_at`,`shop_order`.`updated_at`,`shop_order`.`deleted_at`,`shop_order`.`user_id`,`shop_order`.`order_sn`,`shop_order`.`goods_area`,`shop_order`.`shipment_name`,`shop_order`.`shipment_mobile`,`shop_order`.`shipment_address`,`shop_order`.`shipment_type`,`shop_order`.`num`,`shop_order`.`total`,`shop_order`.`postage`,`shop_order`.`finish`,`shop_order`.`settlement_type`,`shop_order`.`payment`,`shop_order`.`pick_up_number`,`shop_order`.`payment_info`,`shop_order`.`payment_openid`,`shop_order`.`transation_id`,`shop_order`.`remarks`,`shop_order`.`status`,`shop_order`.`status_cancel`,`shop_order`.`status_refund`,`shop_order`.`pay_time`,`shop_order`.`shipment_time`,`shop_order`.`receive_time`,`shop_order`.`cancel_time`,`shop_order`.`gift_points`,`shop_order`.`order_status`,`shop_order`.`company_id`,`shop_order`.`delivery_date` FROM `shop_order` LEFT JOIN `shop_order_return` `OrderReturn` ON `shop_order`.`id` = `OrderReturn`.`order_id` AND `OrderReturn`.`deleted_at` IS NULL WHERE shop_order.settlement_type = 0 AND shop_order.goods_area = 0 AND `shop_order`.`deleted_at` IS NULL ORDER BY shop_order.created_at desc LIMIT 10
[GIN] 2026/09/29 - 23:54:46 | 200 |    1.165042ms |       127.0.0.1 | GET      "/order/getOrderList?page=1&pageSize=10&goodsArea=0&settlementType=0"

2026/09/29 23:54:46 [32m/Users/zhaoyuedong/Desktop/生鲜项目/fresh-b2b/fresh-shop/server/service/system/sys_dictionary.go:90
[0m[33m[0.610ms] [34;1m[rows:4][0m SELECT * FROM `sys_dictionary_details` WHERE `sys_dictionary_details`.`sys_dictionary_id` = 17 AND status = true AND `sys_dictionary_details`.`deleted_at` IS NULL

2026/09/29 23:54:46 [32m/Users/zhaoyuedong/Desktop/生鲜项目/fresh-b2b/fresh-shop/server/service/system/sys_dictionary.go:90
[0m[33m[1.371ms] [34;1m[rows:1][0m SELECT * FROM `sys_dictionaries` WHERE ((type = 'orderStatus' OR id = 0) and status = true) AND `sys_dictionaries`.`deleted_at` IS NULL ORDER BY `sys_dictionaries`.`id` LIMIT 1
[GIN] 2026/09/29 - 23:54:46 | 200 |     1.50325ms |       127.0.0.1 | GET      "/sysDictionary/findSysDictionary?type=orderStatus"

2026/09/29 23:54:46 [32m/Users/zhaoyuedong/Desktop/生鲜项目/fresh-b2b/fresh-shop/server/service/system/sys_dictionary.go:90
[0m[33m[0.266ms] [34;1m[rows:4][0m SELECT * FROM `sys_dictionary_details` WHERE `sys_dictionary_details`.`sys_dictionary_id` = 18 AND status = true AND `sys_dictionary_details`.`deleted_at` IS NULL

2026/09/29 23:54:46 [32m/Users/zhaoyuedong/Desktop/生鲜项目/fresh-b2b/fresh-shop/server/service/system/sys_dictionary.go:90
[0m[33m[0.804ms] [34;1m[rows:1][0m SELECT * FROM `sys_dictionaries` WHERE ((type = 'GoodsStatusCancel' OR id = 0) and status = true) AND `sys_dictionaries`.`deleted_at` IS NULL ORDER BY `sys_dictionaries`.`id` LIMIT 1
[GIN] 2026/09/29 - 23:54:46 | 200 |     966.458µs |       127.0.0.1 | GET      "/sysDictionary/findSysDictionary?type=GoodsStatusCancel"

2026/09/29 23:54:46 [32m/Users/zhaoyuedong/Desktop/生鲜项目/fresh-b2b/fresh-shop/server/service/system/sys_dictionary.go:90
[0m[33m[0.525ms] [34;1m[rows:4][0m SELECT * FROM `sys_dictionary_details` WHERE `sys_dictionary_details`.`sys_dictionary_id` = 19 AND status = true AND `sys_dictionary_details`.`deleted_at` IS NULL

2026/09/29 23:54:46 [32m/Users/zhaoyuedong/Desktop/生鲜项目/fresh-b2b/fresh-shop/server/service/system/sys_dictionary.go:90
[0m[33m[1.294ms] [34;1m[rows:1][0m SELECT * FROM `sys_dictionaries` WHERE ((type = 'OrderStatusRefund' OR id = 0) and status = true) AND `sys_dictionaries`.`deleted_at` IS NULL ORDER BY `sys_dictionaries`.`id` LIMIT 1
[GIN] 2026/09/29 - 23:54:46 | 200 |       1.445ms |       127.0.0.1 | GET      "/sysDictionary/findSysDictionary?type=OrderStatusRefund"

2026/09/29 23:54:46 [32m/Users/zhaoyuedong/Desktop/生鲜项目/fresh-b2b/fresh-shop/server/service/system/sys_dictionary.go:90
[0m[33m[0.548ms] [34;1m[rows:2][0m SELECT * FROM `sys_dictionary_details` WHERE `sys_dictionary_details`.`sys_dictionary_id` = 12 AND status = true AND `sys_dictionary_details`.`deleted_at` IS NULL

2026/09/29 23:54:46 [32m/Users/zhaoyuedong/Desktop/生鲜项目/fresh-b2b/fresh-shop/server/service/system/sys_dictionary.go:90
[0m[33m[1.270ms] [34;1m[rows:1][0m SELECT * FROM `sys_dictionaries` WHERE ((type = 'goods_area' OR id = 0) and status = true) AND `sys_dictionaries`.`deleted_at` IS NULL ORDER BY `sys_dictionaries`.`id` LIMIT 1
[GIN] 2026/09/29 - 23:54:46 | 200 |    1.424209ms |       127.0.0.1 | GET      "/sysDictionary/findSysDictionary?type=goods_area"

2026/09/29 23:55:12 [32m/Users/zhaoyuedong/Desktop/生鲜项目/fresh-b2b/fresh-shop/server/service/system/sys_menu.go:30
[0m[33m[0.477ms] [34;1m[rows:52][0m SELECT * FROM `sys_authority_menus` WHERE sys_authority_authority_id = 888

2026/09/29 23:55:12 [32m/Users/zhaoyuedong/Desktop/生鲜项目/fresh-b2b/fresh-shop/server/service/system/sys_menu.go:41
[0m[33m[0.355ms] [34;1m[rows:2][0m SELECT * FROM `sys_base_menu_parameters` WHERE `sys_base_menu_parameters`.`sys_base_menu_id` IN (37,49,42,1,9,4,101,36,5,102,6,44,7,11,38,39,8,100,10,45,103,46,47,24,3) AND `sys_base_menu_parameters`.`deleted_at` IS NULL

2026/09/29 23:55:12 [32m/Users/zhaoyuedong/Desktop/生鲜项目/fresh-b2b/fresh-shop/server/service/system/sys_menu.go:41
[0m[33m[1.351ms] [34;1m[rows:25][0m SELECT * FROM `sys_base_menus` WHERE id in ('1','3','4','5','6','7','8','9','10','11','12','13','14','16','17','18','19','20','21','22','24','25','26','27','28','29','30','31','32','33','34','35','36','37','38','39','40','41','42','43','44','45','46','47','48','49','50','51','100','101','102','103') AND `sys_base_menus`.`deleted_at` IS NULL ORDER BY sort

2026/09/29 23:55:12 [32m/Users/zhaoyuedong/Desktop/生鲜项目/fresh-b2b/fresh-shop/server/service/system/sys_menu.go:55
[0m[33m[0.212ms] [34;1m[rows:0][0m SELECT * FROM `sys_authority_btns` WHERE authority_id = 888
[GIN] 2026/09/29 - 23:55:12 | 200 |     2.53825ms |       127.0.0.1 | POST     "/menu/getMenu"

2026/09/29 23:55:12 [32m/Users/zhaoyuedong/Desktop/生鲜项目/fresh-b2b/fresh-shop/server/service/system/sys_user.go:411
[0m[33m[0.212ms] [34;1m[rows:2][0m SELECT * FROM `sys_user_authority` WHERE `sys_user_authority`.`sys_user_id` = 1

2026/09/29 23:55:12 [32m/Users/zhaoyuedong/Desktop/生鲜项目/fresh-b2b/fresh-shop/server/service/system/sys_user.go:411
[0m[33m[0.225ms] [34;1m[rows:2][0m SELECT * FROM `sys_authorities` WHERE `sys_authorities`.`authority_id` IN (888,999)

2026/09/29 23:55:12 [32m/Users/zhaoyuedong/Desktop/生鲜项目/fresh-b2b/fresh-shop/server/service/system/sys_user.go:411
[0m[33m[0.166ms] [34;1m[rows:1][0m SELECT * FROM `sys_authorities` WHERE `sys_authorities`.`authority_id` = 888

2026/09/29 23:55:12 [32m/Users/zhaoyuedong/Desktop/生鲜项目/fresh-b2b/fresh-shop/server/service/system/sys_user.go:411
[0m[33m[1.320ms] [34;1m[rows:1][0m SELECT * FROM `sys_users` WHERE uuid = 'f0f71391-6d0e-418c-a601-af3dde923073' AND `sys_users`.`deleted_at` IS NULL ORDER BY `sys_users`.`id` LIMIT 1

2026/09/29 23:55:12 [32m/Users/zhaoyuedong/Desktop/生鲜项目/fresh-b2b/fresh-shop/server/service/system/sys_menu.go:227
[0m[33m[0.196ms] [34;1m[rows:52][0m SELECT `sys_base_menu_id` FROM `sys_authority_menus` WHERE sys_authority_authority_id = 888

2026/09/29 23:55:12 [32m/Users/zhaoyuedong/Desktop/生鲜项目/fresh-b2b/fresh-shop/server/service/system/sys_menu.go:232
[0m[33m[0.463ms] [34;1m[rows:1][0m SELECT * FROM `sys_base_menus` WHERE (name = 'dashboard' and id in ('1','3','4','5','6','7','8','9','10','11','12','13','14','16','17','18','19','20','21','22','24','25','26','27','28','29','30','31','32','33','34','35','36','37','38','39','40','41','42','43','44','45','46','47','48','49','50','51','100','101','102','103')) AND `sys_base_menus`.`deleted_at` IS NULL ORDER BY `sys_base_menus`.`id` LIMIT 1

2026/09/29 23:55:12 [32m/Users/zhaoyuedong/Desktop/生鲜项目/fresh-b2b/fresh-shop/server/service/common/account.go:161
[0m[33m[0.176ms] [34;1m[rows:1][0m SELECT * FROM `user_account_group` WHERE `user_account_group`.`id` = 2 AND `user_account_group`.`deleted_at` IS NULL

2026/09/29 23:55:12 [32m/Users/zhaoyuedong/Desktop/生鲜项目/fresh-b2b/fresh-shop/server/service/common/account.go:161
[0m[33m[0.473ms] [34;1m[rows:1][0m SELECT * FROM `user_account` WHERE (user_id = 1 and group_id = 2) AND `user_account`.`deleted_at` IS NULL ORDER BY `user_account`.`id` LIMIT 1
[GIN] 2026/09/29 - 23:55:12 | 200 |    2.739625ms |       127.0.0.1 | GET      "/user/getUserInfo"

2026/09/29 23:55:12 [32m/Users/zhaoyuedong/Desktop/生鲜项目/fresh-b2b/fresh-shop/server/service/shop/order.go:522
[0m[33m[0.390ms] [34;1m[rows:1][0m SELECT count(*) FROM `shop_order` LEFT JOIN `shop_order_return` `OrderReturn` ON `shop_order`.`id` = `OrderReturn`.`order_id` AND `OrderReturn`.`deleted_at` IS NULL WHERE shop_order.settlement_type = 0 AND shop_order.goods_area = 0 AND `shop_order`.`deleted_at` IS NULL

2026/09/29 23:55:12 [32m/Users/zhaoyuedong/Desktop/生鲜项目/fresh-b2b/fresh-shop/server/service/system/sys_dictionary.go:90
[0m[33m[0.309ms] [34;1m[rows:3][0m SELECT * FROM `sys_dictionary_details` WHERE `sys_dictionary_details`.`sys_dictionary_id` = 16 AND status = true AND `sys_dictionary_details`.`deleted_at` IS NULL

2026/09/29 23:55:12 [32m/Users/zhaoyuedong/Desktop/生鲜项目/fresh-b2b/fresh-shop/server/service/system/sys_dictionary.go:90
[0m[33m[0.828ms] [34;1m[rows:1][0m SELECT * FROM `sys_dictionaries` WHERE ((type = 'payment' OR id = 0) and status = true) AND `sys_dictionaries`.`deleted_at` IS NULL ORDER BY `sys_dictionaries`.`id` LIMIT 1
[GIN] 2026/09/29 - 23:55:12 | 200 |     925.708µs |       127.0.0.1 | GET      "/sysDictionary/findSysDictionary?type=payment"

2026/09/29 23:55:12 [32m/Users/zhaoyuedong/Desktop/生鲜项目/fresh-b2b/fresh-shop/server/service/shop/order.go:529
[0m[33m[0.475ms] [34;1m[rows:0][0m SELECT `shop_order`.`id`,`shop_order`.`created_at`,`shop_order`.`updated_at`,`shop_order`.`deleted_at`,`shop_order`.`user_id`,`shop_order`.`order_sn`,`shop_order`.`goods_area`,`shop_order`.`shipment_name`,`shop_order`.`shipment_mobile`,`shop_order`.`shipment_address`,`shop_order`.`shipment_type`,`shop_order`.`num`,`shop_order`.`total`,`shop_order`.`postage`,`shop_order`.`finish`,`shop_order`.`settlement_type`,`shop_order`.`payment`,`shop_order`.`pick_up_number`,`shop_order`.`payment_info`,`shop_order`.`payment_openid`,`shop_order`.`transation_id`,`shop_order`.`remarks`,`shop_order`.`status`,`shop_order`.`status_cancel`,`shop_order`.`status_refund`,`shop_order`.`pay_time`,`shop_order`.`shipment_time`,`shop_order`.`receive_time`,`shop_order`.`cancel_time`,`shop_order`.`gift_points`,`shop_order`.`order_status`,`shop_order`.`company_id`,`shop_order`.`delivery_date` FROM `shop_order` LEFT JOIN `shop_order_return` `OrderReturn` ON `shop_order`.`id` = `OrderReturn`.`order_id` AND `OrderReturn`.`deleted_at` IS NULL WHERE shop_order.settlement_type = 0 AND shop_order.goods_area = 0 AND `shop_order`.`deleted_at` IS NULL ORDER BY shop_order.created_at desc LIMIT 10
[GIN] 2026/09/29 - 23:55:12 | 200 |    1.153041ms |       127.0.0.1 | GET      "/order/getOrderList?page=1&pageSize=10&goodsArea=0&settlementType=0"

2026/09/29 23:55:12 [32m/Users/zhaoyuedong/Desktop/生鲜项目/fresh-b2b/fresh-shop/server/service/system/sys_dictionary.go:90
[0m[33m[0.567ms] [34;1m[rows:4][0m SELECT * FROM `sys_dictionary_details` WHERE `sys_dictionary_details`.`sys_dictionary_id` = 17 AND status = true AND `sys_dictionary_details`.`deleted_at` IS NULL

2026/09/29 23:55:12 [32m/Users/zhaoyuedong/Desktop/生鲜项目/fresh-b2b/fresh-shop/server/service/system/sys_dictionary.go:90
[0m[33m[1.162ms] [34;1m[rows:1][0m SELECT * FROM `sys_dictionaries` WHERE ((type = 'orderStatus' OR id = 0) and status = true) AND `sys_dictionaries`.`deleted_at` IS NULL ORDER BY `sys_dictionaries`.`id` LIMIT 1
[GIN] 2026/09/29 - 23:55:12 | 200 |    1.332875ms |       127.0.0.1 | GET      "/sysDictionary/findSysDictionary?type=orderStatus"

2026/09/29 23:55:12 [32m/Users/zhaoyuedong/Desktop/生鲜项目/fresh-b2b/fresh-shop/server/service/system/sys_dictionary.go:90
[0m[33m[0.293ms] [34;1m[rows:4][0m SELECT * FROM `sys_dictionary_details` WHERE `sys_dictionary_details`.`sys_dictionary_id` = 18 AND status = true AND `sys_dictionary_details`.`deleted_at` IS NULL

2026/09/29 23:55:12 [32m/Users/zhaoyuedong/Desktop/生鲜项目/fresh-b2b/fresh-shop/server/service/system/sys_dictionary.go:90
[0m[33m[0.803ms] [34;1m[rows:1][0m SELECT * FROM `sys_dictionaries` WHERE ((type = 'GoodsStatusCancel' OR id = 0) and status = true) AND `sys_dictionaries`.`deleted_at` IS NULL ORDER BY `sys_dictionaries`.`id` LIMIT 1
[GIN] 2026/09/29 - 23:55:12 | 200 |     932.417µs |       127.0.0.1 | GET      "/sysDictionary/findSysDictionary?type=GoodsStatusCancel"

2026/09/29 23:55:12 [32m/Users/zhaoyuedong/Desktop/生鲜项目/fresh-b2b/fresh-shop/server/service/system/sys_dictionary.go:90
[0m[33m[0.257ms] [34;1m[rows:4][0m SELECT * FROM `sys_dictionary_details` WHERE `sys_dictionary_details`.`sys_dictionary_id` = 19 AND status = true AND `sys_dictionary_details`.`deleted_at` IS NULL

2026/09/29 23:55:12 [32m/Users/zhaoyuedong/Desktop/生鲜项目/fresh-b2b/fresh-shop/server/service/system/sys_dictionary.go:90
[0m[33m[0.705ms] [34;1m[rows:1][0m SELECT * FROM `sys_dictionaries` WHERE ((type = 'OrderStatusRefund' OR id = 0) and status = true) AND `sys_dictionaries`.`deleted_at` IS NULL ORDER BY `sys_dictionaries`.`id` LIMIT 1
[GIN] 2026/09/29 - 23:55:12 | 200 |     816.833µs |       127.0.0.1 | GET      "/sysDictionary/findSysDictionary?type=OrderStatusRefund"

2026/09/29 23:55:12 [32m/Users/zhaoyuedong/Desktop/生鲜项目/fresh-b2b/fresh-shop/server/service/system/sys_dictionary.go:90
[0m[33m[0.279ms] [34;1m[rows:2][0m SELECT * FROM `sys_dictionary_details` WHERE `sys_dictionary_details`.`sys_dictionary_id` = 12 AND status = true AND `sys_dictionary_details`.`deleted_at` IS NULL

2026/09/29 23:55:12 [32m/Users/zhaoyuedong/Desktop/生鲜项目/fresh-b2b/fresh-shop/server/service/system/sys_dictionary.go:90
[0m[33m[0.906ms] [34;1m[rows:1][0m SELECT * FROM `sys_dictionaries` WHERE ((type = 'goods_area' OR id = 0) and status = true) AND `sys_dictionaries`.`deleted_at` IS NULL ORDER BY `sys_dictionaries`.`id` LIMIT 1
[GIN] 2026/09/29 - 23:55:12 | 200 |    1.048917ms |       127.0.0.1 | GET      "/sysDictionary/findSysDictionary?type=goods_area"

2026/09/29 23:57:45 [32m/Users/zhaoyuedong/Desktop/生鲜项目/fresh-b2b/fresh-shop/server/service/system/company.go:86
[0m[33m[0.590ms] [34;1m[rows:1][0m SELECT count(*) FROM `sys_company` WHERE `sys_company`.`deleted_at` IS NULL

2026/09/29 23:57:45 [32m/Users/zhaoyuedong/Desktop/生鲜项目/fresh-b2b/fresh-shop/server/service/system/company.go:91
[0m[33m[0.149ms] [34;1m[rows:0][0m SELECT * FROM `sys_company` WHERE `sys_company`.`deleted_at` IS NULL ORDER BY created_at desc LIMIT 10
[GIN] 2026/09/29 - 23:57:45 | 200 |    1.092708ms |       127.0.0.1 | GET      "/company/list?page=1&pageSize=10"

2026/09/29 23:57:46 [32m/Users/zhaoyuedong/Desktop/生鲜项目/fresh-b2b/fresh-shop/server/service/system/company.go:145
[0m[33m[0.383ms] [34;1m[rows:1][0m SELECT count(*) FROM `sys_company` WHERE audit_status = 1 AND `sys_company`.`deleted_at` IS NULL

2026/09/29 23:57:46 [32m/Users/zhaoyuedong/Desktop/生鲜项目/fresh-b2b/fresh-shop/server/service/system/company.go:150
[0m[33m[0.160ms] [34;1m[rows:0][0m SELECT * FROM `sys_company` WHERE audit_status = 1 AND `sys_company`.`deleted_at` IS NULL ORDER BY created_at desc LIMIT 10
[GIN] 2026/09/29 - 23:57:46 | 200 |         768µs |       127.0.0.1 | GET      "/company/pendingList?page=1&pageSize=10"

2026/09/29 23:57:48 [32m/Users/zhaoyuedong/Desktop/生鲜项目/fresh-b2b/fresh-shop/server/service/system/company.go:86
[0m[33m[0.475ms] [34;1m[rows:1][0m SELECT count(*) FROM `sys_company` WHERE `sys_company`.`deleted_at` IS NULL

2026/09/29 23:57:48 [32m/Users/zhaoyuedong/Desktop/生鲜项目/fresh-b2b/fresh-shop/server/service/system/company.go:91
[0m[33m[0.428ms] [34;1m[rows:0][0m SELECT * FROM `sys_company` WHERE `sys_company`.`deleted_at` IS NULL ORDER BY created_at desc LIMIT 10
[GIN] 2026/09/29 - 23:57:48 | 200 |    1.277333ms |       127.0.0.1 | GET      "/company/list?page=1&pageSize=10"

2026/09/29 23:57:54 [32m/Users/zhaoyuedong/Desktop/生鲜项目/fresh-b2b/fresh-shop/server/service/system/company.go:145
[0m[33m[0.376ms] [34;1m[rows:1][0m SELECT count(*) FROM `sys_company` WHERE audit_status = 1 AND `sys_company`.`deleted_at` IS NULL

2026/09/29 23:57:54 [32m/Users/zhaoyuedong/Desktop/生鲜项目/fresh-b2b/fresh-shop/server/service/system/company.go:150
[0m[33m[0.181ms] [34;1m[rows:0][0m SELECT * FROM `sys_company` WHERE audit_status = 1 AND `sys_company`.`deleted_at` IS NULL ORDER BY created_at desc LIMIT 10
[GIN] 2026/09/29 - 23:57:54 | 200 |     758.375µs |       127.0.0.1 | GET      "/company/pendingList?page=1&pageSize=10"

2026/09/29 23:57:54 [32m/Users/zhaoyuedong/Desktop/生鲜项目/fresh-b2b/fresh-shop/server/service/shop/order.go:522
[0m[33m[0.847ms] [34;1m[rows:1][0m SELECT count(*) FROM `shop_order` LEFT JOIN `shop_order_return` `OrderReturn` ON `shop_order`.`id` = `OrderReturn`.`order_id` AND `OrderReturn`.`deleted_at` IS NULL WHERE shop_order.settlement_type = 0 AND shop_order.goods_area = 0 AND `shop_order`.`deleted_at` IS NULL

2026/09/29 23:57:54 [32m/Users/zhaoyuedong/Desktop/生鲜项目/fresh-b2b/fresh-shop/server/service/shop/order.go:529
[0m[33m[5.621ms] [34;1m[rows:0][0m SELECT `shop_order`.`id`,`shop_order`.`created_at`,`shop_order`.`updated_at`,`shop_order`.`deleted_at`,`shop_order`.`user_id`,`shop_order`.`order_sn`,`shop_order`.`goods_area`,`shop_order`.`shipment_name`,`shop_order`.`shipment_mobile`,`shop_order`.`shipment_address`,`shop_order`.`shipment_type`,`shop_order`.`num`,`shop_order`.`total`,`shop_order`.`postage`,`shop_order`.`finish`,`shop_order`.`settlement_type`,`shop_order`.`payment`,`shop_order`.`pick_up_number`,`shop_order`.`payment_info`,`shop_order`.`payment_openid`,`shop_order`.`transation_id`,`shop_order`.`remarks`,`shop_order`.`status`,`shop_order`.`status_cancel`,`shop_order`.`status_refund`,`shop_order`.`pay_time`,`shop_order`.`shipment_time`,`shop_order`.`receive_time`,`shop_order`.`cancel_time`,`shop_order`.`gift_points`,`shop_order`.`order_status`,`shop_order`.`company_id`,`shop_order`.`delivery_date` FROM `shop_order` LEFT JOIN `shop_order_return` `OrderReturn` ON `shop_order`.`id` = `OrderReturn`.`order_id` AND `OrderReturn`.`deleted_at` IS NULL WHERE shop_order.settlement_type = 0 AND shop_order.goods_area = 0 AND `shop_order`.`deleted_at` IS NULL ORDER BY shop_order.created_at desc LIMIT 10
[GIN] 2026/09/29 - 23:57:54 | 200 |    7.068041ms |       127.0.0.1 | GET      "/order/getOrderList?page=1&pageSize=10&goodsArea=0&settlementType=0"

2026/09/29 23:58:00 [32m/Users/zhaoyuedong/Desktop/生鲜项目/fresh-b2b/fresh-shop/server/service/system/company.go:86
[0m[33m[0.360ms] [34;1m[rows:1][0m SELECT count(*) FROM `sys_company` WHERE `sys_company`.`deleted_at` IS NULL

2026/09/29 23:58:00 [32m/Users/zhaoyuedong/Desktop/生鲜项目/fresh-b2b/fresh-shop/server/service/system/company.go:91
[0m[33m[0.321ms] [34;1m[rows:0][0m SELECT * FROM `sys_company` WHERE `sys_company`.`deleted_at` IS NULL ORDER BY created_at desc LIMIT 10
[GIN] 2026/09/29 - 23:58:00 | 200 |     922.292µs |       127.0.0.1 | GET      "/company/list?page=1&pageSize=10"

2026/09/30 00:00:00 [32m/Users/zhaoyuedong/Desktop/生鲜项目/fresh-b2b/fresh-shop/server/utils/db_automation.go:28
[0m[33m[11.943ms] [34;1m[rows:0][0m DELETE FROM sys_operation_records WHERE created_at < '2026-07-02 00:00:00.014'

2026/09/30 00:00:00 [32m/Users/zhaoyuedong/Desktop/生鲜项目/fresh-b2b/fresh-shop/server/utils/db_automation.go:28
[0m[33m[12.064ms] [34;1m[rows:0][0m DELETE FROM jwt_blacklists WHERE created_at < '2026-09-23 00:00:00.013'

2026/09/30 00:06:18 [32m/Users/zhaoyuedong/Desktop/生鲜项目/fresh-b2b/fresh-shop/server/service/system/sys_menu.go:30
[0m[33m[0.741ms] [34;1m[rows:52][0m SELECT * FROM `sys_authority_menus` WHERE sys_authority_authority_id = 888

2026/09/30 00:06:18 [32m/Users/zhaoyuedong/Desktop/生鲜项目/fresh-b2b/fresh-shop/server/service/system/sys_menu.go:41
[0m[33m[0.354ms] [34;1m[rows:2][0m SELECT * FROM `sys_base_menu_parameters` WHERE `sys_base_menu_parameters`.`sys_base_menu_id` IN (37,49,42,1,9,4,101,36,5,102,6,44,7,11,38,39,8,100,10,45,103,46,47,24,3) AND `sys_base_menu_parameters`.`deleted_at` IS NULL

2026/09/30 00:06:18 [32m/Users/zhaoyuedong/Desktop/生鲜项目/fresh-b2b/fresh-shop/server/service/system/sys_menu.go:41
[0m[33m[1.349ms] [34;1m[rows:25][0m SELECT * FROM `sys_base_menus` WHERE id in ('1','3','4','5','6','7','8','9','10','11','12','13','14','16','17','18','19','20','21','22','24','25','26','27','28','29','30','31','32','33','34','35','36','37','38','39','40','41','42','43','44','45','46','47','48','49','50','51','100','101','102','103') AND `sys_base_menus`.`deleted_at` IS NULL ORDER BY sort

2026/09/30 00:06:18 [32m/Users/zhaoyuedong/Desktop/生鲜项目/fresh-b2b/fresh-shop/server/service/system/sys_menu.go:55
[0m[33m[0.344ms] [34;1m[rows:0][0m SELECT * FROM `sys_authority_btns` WHERE authority_id = 888
[GIN] 2026/09/30 - 00:06:18 | 200 |     3.06275ms |       127.0.0.1 | POST     "/menu/getMenu"

2026/09/30 00:06:18 [32m/Users/zhaoyuedong/Desktop/生鲜项目/fresh-b2b/fresh-shop/server/service/system/sys_user.go:411
[0m[33m[0.586ms] [34;1m[rows:2][0m SELECT * FROM `sys_user_authority` WHERE `sys_user_authority`.`sys_user_id` = 1

2026/09/30 00:06:18 [32m/Users/zhaoyuedong/Desktop/生鲜项目/fresh-b2b/fresh-shop/server/service/system/sys_user.go:411
[0m[33m[1.144ms] [34;1m[rows:2][0m SELECT * FROM `sys_authorities` WHERE `sys_authorities`.`authority_id` IN (888,999)

2026/09/30 00:06:18 [32m/Users/zhaoyuedong/Desktop/生鲜项目/fresh-b2b/fresh-shop/server/service/system/sys_user.go:411
[0m[33m[1.267ms] [34;1m[rows:1][0m SELECT * FROM `sys_authorities` WHERE `sys_authorities`.`authority_id` = 888

2026/09/30 00:06:18 [32m/Users/zhaoyuedong/Desktop/生鲜项目/fresh-b2b/fresh-shop/server/service/system/sys_user.go:411
[0m[33m[6.504ms] [34;1m[rows:1][0m SELECT * FROM `sys_users` WHERE uuid = 'f0f71391-6d0e-418c-a601-af3dde923073' AND `sys_users`.`deleted_at` IS NULL ORDER BY `sys_users`.`id` LIMIT 1

2026/09/30 00:06:18 [32m/Users/zhaoyuedong/Desktop/生鲜项目/fresh-b2b/fresh-shop/server/service/system/sys_menu.go:227
[0m[33m[5.412ms] [34;1m[rows:52][0m SELECT `sys_base_menu_id` FROM `sys_authority_menus` WHERE sys_authority_authority_id = 888

2026/09/30 00:06:18 [32m/Users/zhaoyuedong/Desktop/生鲜项目/fresh-b2b/fresh-shop/server/service/system/sys_menu.go:232
[0m[33m[0.731ms] [34;1m[rows:1][0m SELECT * FROM `sys_base_menus` WHERE (name = 'dashboard' and id in ('1','3','4','5','6','7','8','9','10','11','12','13','14','16','17','18','19','20','21','22','24','25','26','27','28','29','30','31','32','33','34','35','36','37','38','39','40','41','42','43','44','45','46','47','48','49','50','51','100','101','102','103')) AND `sys_base_menus`.`deleted_at` IS NULL ORDER BY `sys_base_menus`.`id` LIMIT 1

2026/09/30 00:06:18 [32m/Users/zhaoyuedong/Desktop/生鲜项目/fresh-b2b/fresh-shop/server/service/common/account.go:161
[0m[33m[0.403ms] [34;1m[rows:1][0m SELECT * FROM `user_account_group` WHERE `user_account_group`.`id` = 2 AND `user_account_group`.`deleted_at` IS NULL

2026/09/30 00:06:18 [32m/Users/zhaoyuedong/Desktop/生鲜项目/fresh-b2b/fresh-shop/server/service/common/account.go:161
[0m[33m[0.996ms] [34;1m[rows:1][0m SELECT * FROM `user_account` WHERE (user_id = 1 and group_id = 2) AND `user_account`.`deleted_at` IS NULL ORDER BY `user_account`.`id` LIMIT 1
[GIN] 2026/09/30 - 00:06:18 | 200 |   14.048125ms |       127.0.0.1 | GET      "/user/getUserInfo"

2026/09/30 00:06:18 [32m/Users/zhaoyuedong/Desktop/生鲜项目/fresh-b2b/fresh-shop/server/service/system/company.go:86
[0m[33m[0.364ms] [34;1m[rows:1][0m SELECT count(*) FROM `sys_company` WHERE `sys_company`.`deleted_at` IS NULL

2026/09/30 00:06:18 [32m/Users/zhaoyuedong/Desktop/生鲜项目/fresh-b2b/fresh-shop/server/service/system/company.go:91
[0m[33m[0.133ms] [34;1m[rows:0][0m SELECT * FROM `sys_company` WHERE `sys_company`.`deleted_at` IS NULL ORDER BY created_at desc LIMIT 10
[GIN] 2026/09/30 - 00:06:18 | 200 |     596.541µs |       127.0.0.1 | GET      "/company/list?page=1&pageSize=10"

2026/09/30 00:06:24 [32m/Users/zhaoyuedong/Desktop/生鲜项目/fresh-b2b/fresh-shop/server/service/system/company.go:145
[0m[33m[0.405ms] [34;1m[rows:1][0m SELECT count(*) FROM `sys_company` WHERE audit_status = 1 AND `sys_company`.`deleted_at` IS NULL

2026/09/30 00:06:24 [32m/Users/zhaoyuedong/Desktop/生鲜项目/fresh-b2b/fresh-shop/server/service/system/company.go:150
[0m[33m[0.252ms] [34;1m[rows:0][0m SELECT * FROM `sys_company` WHERE audit_status = 1 AND `sys_company`.`deleted_at` IS NULL ORDER BY created_at desc LIMIT 10
[GIN] 2026/09/30 - 00:06:24 | 200 |      941.25µs |       127.0.0.1 | GET      "/company/pendingList?page=1&pageSize=10"

2026/09/30 00:06:25 [32m/Users/zhaoyuedong/Desktop/生鲜项目/fresh-b2b/fresh-shop/server/service/system/company.go:86
[0m[33m[0.392ms] [34;1m[rows:1][0m SELECT count(*) FROM `sys_company` WHERE `sys_company`.`deleted_at` IS NULL

2026/09/30 00:06:25 [32m/Users/zhaoyuedong/Desktop/生鲜项目/fresh-b2b/fresh-shop/server/service/system/company.go:91
[0m[33m[0.162ms] [34;1m[rows:0][0m SELECT * FROM `sys_company` WHERE `sys_company`.`deleted_at` IS NULL ORDER BY created_at desc LIMIT 10
[GIN] 2026/09/30 - 00:06:25 | 200 |      764.75µs |       127.0.0.1 | GET      "/company/list?page=1&pageSize=10"

2026/09/30 00:06:26 [32m/Users/zhaoyuedong/Desktop/生鲜项目/fresh-b2b/fresh-shop/server/service/system/company.go:145
[0m[33m[0.384ms] [34;1m[rows:1][0m SELECT count(*) FROM `sys_company` WHERE audit_status = 1 AND `sys_company`.`deleted_at` IS NULL

2026/09/30 00:06:26 [32m/Users/zhaoyuedong/Desktop/生鲜项目/fresh-b2b/fresh-shop/server/service/system/company.go:150
[0m[33m[0.167ms] [34;1m[rows:0][0m SELECT * FROM `sys_company` WHERE audit_status = 1 AND `sys_company`.`deleted_at` IS NULL ORDER BY created_at desc LIMIT 10
[GIN] 2026/09/30 - 00:06:26 | 200 |     806.792µs |       127.0.0.1 | GET      "/company/pendingList?page=1&pageSize=10"

2026/09/30 00:06:29 [32m/Users/zhaoyuedong/Desktop/生鲜项目/fresh-b2b/fresh-shop/server/service/shop/order.go:522
[0m[33m[0.615ms] [34;1m[rows:1][0m SELECT count(*) FROM `shop_order` LEFT JOIN `shop_order_return` `OrderReturn` ON `shop_order`.`id` = `OrderReturn`.`order_id` AND `OrderReturn`.`deleted_at` IS NULL WHERE shop_order.settlement_type = 0 AND shop_order.goods_area = 0 AND `shop_order`.`deleted_at` IS NULL

2026/09/30 00:06:29 [32m/Users/zhaoyuedong/Desktop/生鲜项目/fresh-b2b/fresh-shop/server/service/system/sys_dictionary.go:90
[0m[33m[0.505ms] [34;1m[rows:3][0m SELECT * FROM `sys_dictionary_details` WHERE `sys_dictionary_details`.`sys_dictionary_id` = 16 AND status = true AND `sys_dictionary_details`.`deleted_at` IS NULL

2026/09/30 00:06:29 [32m/Users/zhaoyuedong/Desktop/生鲜项目/fresh-b2b/fresh-shop/server/service/system/sys_dictionary.go:90
[0m[33m[1.267ms] [34;1m[rows:1][0m SELECT * FROM `sys_dictionaries` WHERE ((type = 'payment' OR id = 0) and status = true) AND `sys_dictionaries`.`deleted_at` IS NULL ORDER BY `sys_dictionaries`.`id` LIMIT 1
[GIN] 2026/09/30 - 00:06:29 | 200 |    1.398125ms |       127.0.0.1 | GET      "/sysDictionary/findSysDictionary?type=payment"

2026/09/30 00:06:29 [32m/Users/zhaoyuedong/Desktop/生鲜项目/fresh-b2b/fresh-shop/server/service/shop/order.go:529
[0m[33m[0.708ms] [34;1m[rows:0][0m SELECT `shop_order`.`id`,`shop_order`.`created_at`,`shop_order`.`updated_at`,`shop_order`.`deleted_at`,`shop_order`.`user_id`,`shop_order`.`order_sn`,`shop_order`.`goods_area`,`shop_order`.`shipment_name`,`shop_order`.`shipment_mobile`,`shop_order`.`shipment_address`,`shop_order`.`shipment_type`,`shop_order`.`num`,`shop_order`.`total`,`shop_order`.`postage`,`shop_order`.`finish`,`shop_order`.`settlement_type`,`shop_order`.`payment`,`shop_order`.`pick_up_number`,`shop_order`.`payment_info`,`shop_order`.`payment_openid`,`shop_order`.`transation_id`,`shop_order`.`remarks`,`shop_order`.`status`,`shop_order`.`status_cancel`,`shop_order`.`status_refund`,`shop_order`.`pay_time`,`shop_order`.`shipment_time`,`shop_order`.`receive_time`,`shop_order`.`cancel_time`,`shop_order`.`gift_points`,`shop_order`.`order_status`,`shop_order`.`company_id`,`shop_order`.`delivery_date` FROM `shop_order` LEFT JOIN `shop_order_return` `OrderReturn` ON `shop_order`.`id` = `OrderReturn`.`order_id` AND `OrderReturn`.`deleted_at` IS NULL WHERE shop_order.settlement_type = 0 AND shop_order.goods_area = 0 AND `shop_order`.`deleted_at` IS NULL ORDER BY shop_order.created_at desc LIMIT 10
[GIN] 2026/09/30 - 00:06:29 | 200 |    1.711334ms |       127.0.0.1 | GET      "/order/getOrderList?page=1&pageSize=10&goodsArea=0&settlementType=0"

2026/09/30 00:06:29 [32m/Users/zhaoyuedong/Desktop/生鲜项目/fresh-b2b/fresh-shop/server/service/system/sys_dictionary.go:90
[0m[33m[0.609ms] [34;1m[rows:4][0m SELECT * FROM `sys_dictionary_details` WHERE `sys_dictionary_details`.`sys_dictionary_id` = 17 AND status = true AND `sys_dictionary_details`.`deleted_at` IS NULL

2026/09/30 00:06:29 [32m/Users/zhaoyuedong/Desktop/生鲜项目/fresh-b2b/fresh-shop/server/service/system/sys_dictionary.go:90
[0m[33m[3.707ms] [34;1m[rows:1][0m SELECT * FROM `sys_dictionaries` WHERE ((type = 'orderStatus' OR id = 0) and status = true) AND `sys_dictionaries`.`deleted_at` IS NULL ORDER BY `sys_dictionaries`.`id` LIMIT 1
[GIN] 2026/09/30 - 00:06:29 | 200 |    5.049208ms |       127.0.0.1 | GET      "/sysDictionary/findSysDictionary?type=orderStatus"

2026/09/30 00:06:29 [32m/Users/zhaoyuedong/Desktop/生鲜项目/fresh-b2b/fresh-shop/server/service/system/sys_dictionary.go:90
[0m[33m[0.419ms] [34;1m[rows:4][0m SELECT * FROM `sys_dictionary_details` WHERE `sys_dictionary_details`.`sys_dictionary_id` = 18 AND status = true AND `sys_dictionary_details`.`deleted_at` IS NULL

2026/09/30 00:06:29 [32m/Users/zhaoyuedong/Desktop/生鲜项目/fresh-b2b/fresh-shop/server/service/system/sys_dictionary.go:90
[0m[33m[1.137ms] [34;1m[rows:1][0m SELECT * FROM `sys_dictionaries` WHERE ((type = 'GoodsStatusCancel' OR id = 0) and status = true) AND `sys_dictionaries`.`deleted_at` IS NULL ORDER BY `sys_dictionaries`.`id` LIMIT 1
[GIN] 2026/09/30 - 00:06:29 | 200 |    1.358167ms |       127.0.0.1 | GET      "/sysDictionary/findSysDictionary?type=GoodsStatusCancel"

2026/09/30 00:06:29 [32m/Users/zhaoyuedong/Desktop/生鲜项目/fresh-b2b/fresh-shop/server/service/system/sys_dictionary.go:90
[0m[33m[0.637ms] [34;1m[rows:4][0m SELECT * FROM `sys_dictionary_details` WHERE `sys_dictionary_details`.`sys_dictionary_id` = 19 AND status = true AND `sys_dictionary_details`.`deleted_at` IS NULL

2026/09/30 00:06:29 [32m/Users/zhaoyuedong/Desktop/生鲜项目/fresh-b2b/fresh-shop/server/service/system/sys_dictionary.go:90
[0m[33m[1.720ms] [34;1m[rows:1][0m SELECT * FROM `sys_dictionaries` WHERE ((type = 'OrderStatusRefund' OR id = 0) and status = true) AND `sys_dictionaries`.`deleted_at` IS NULL ORDER BY `sys_dictionaries`.`id` LIMIT 1
[GIN] 2026/09/30 - 00:06:29 | 200 |    2.090875ms |       127.0.0.1 | GET      "/sysDictionary/findSysDictionary?type=OrderStatusRefund"

2026/09/30 00:06:29 [32m/Users/zhaoyuedong/Desktop/生鲜项目/fresh-b2b/fresh-shop/server/service/system/sys_dictionary.go:90
[0m[33m[0.630ms] [34;1m[rows:2][0m SELECT * FROM `sys_dictionary_details` WHERE `sys_dictionary_details`.`sys_dictionary_id` = 12 AND status = true AND `sys_dictionary_details`.`deleted_at` IS NULL

2026/09/30 00:06:29 [32m/Users/zhaoyuedong/Desktop/生鲜项目/fresh-b2b/fresh-shop/server/service/system/sys_dictionary.go:90
[0m[33m[1.584ms] [34;1m[rows:1][0m SELECT * FROM `sys_dictionaries` WHERE ((type = 'goods_area' OR id = 0) and status = true) AND `sys_dictionaries`.`deleted_at` IS NULL ORDER BY `sys_dictionaries`.`id` LIMIT 1
[GIN] 2026/09/30 - 00:06:29 | 200 |    1.809458ms |       127.0.0.1 | GET      "/sysDictionary/findSysDictionary?type=goods_area"

2026/09/30 00:06:32 [32m/Users/zhaoyuedong/Desktop/生鲜项目/fresh-b2b/fresh-shop/server/service/system/company.go:86
[0m[33m[0.394ms] [34;1m[rows:1][0m SELECT count(*) FROM `sys_company` WHERE `sys_company`.`deleted_at` IS NULL

2026/09/30 00:06:32 [32m/Users/zhaoyuedong/Desktop/生鲜项目/fresh-b2b/fresh-shop/server/service/system/company.go:91
[0m[33m[0.216ms] [34;1m[rows:0][0m SELECT * FROM `sys_company` WHERE `sys_company`.`deleted_at` IS NULL ORDER BY created_at desc LIMIT 10
[GIN] 2026/09/30 - 00:06:32 | 200 |    1.082917ms |       127.0.0.1 | GET      "/company/list?page=1&pageSize=10"

2026/09/30 00:06:34 [32m/Users/zhaoyuedong/Desktop/生鲜项目/fresh-b2b/fresh-shop/server/service/system/company.go:145
[0m[33m[0.524ms] [34;1m[rows:1][0m SELECT count(*) FROM `sys_company` WHERE audit_status = 1 AND `sys_company`.`deleted_at` IS NULL

2026/09/30 00:06:34 [32m/Users/zhaoyuedong/Desktop/生鲜项目/fresh-b2b/fresh-shop/server/service/system/company.go:150
[0m[33m[0.348ms] [34;1m[rows:0][0m SELECT * FROM `sys_company` WHERE audit_status = 1 AND `sys_company`.`deleted_at` IS NULL ORDER BY created_at desc LIMIT 10
[GIN] 2026/09/30 - 00:06:34 | 200 |    1.213875ms |       127.0.0.1 | GET      "/company/pendingList?page=1&pageSize=10"

2026/09/30 00:06:36 [32m/Users/zhaoyuedong/Desktop/生鲜项目/fresh-b2b/fresh-shop/server/service/system/company.go:86
[0m[33m[0.518ms] [34;1m[rows:1][0m SELECT count(*) FROM `sys_company` WHERE `sys_company`.`deleted_at` IS NULL

2026/09/30 00:06:36 [32m/Users/zhaoyuedong/Desktop/生鲜项目/fresh-b2b/fresh-shop/server/service/system/company.go:91
[0m[33m[0.252ms] [34;1m[rows:0][0m SELECT * FROM `sys_company` WHERE `sys_company`.`deleted_at` IS NULL ORDER BY created_at desc LIMIT 10
[GIN] 2026/09/30 - 00:06:36 | 200 |     1.10125ms |       127.0.0.1 | GET      "/company/list?page=1&pageSize=10"

2026/09/30 00:06:59 [32m/Users/zhaoyuedong/Desktop/生鲜项目/fresh-b2b/fresh-shop/server/service/system/sys_user.go:280
[0m[33m[0.346ms] [34;1m[rows:1][0m SELECT count(*) FROM `sys_users` WHERE `sys_users`.`deleted_at` IS NULL

2026/09/30 00:06:59 [32m/Users/zhaoyuedong/Desktop/生鲜项目/fresh-b2b/fresh-shop/server/service/system/sys_authority.go:162
[0m[33m[0.837ms] [34;1m[rows:1][0m SELECT count(*) FROM `sys_authorities` WHERE parent_id = '0'

2026/09/30 00:06:59 [32m/Users/zhaoyuedong/Desktop/生鲜项目/fresh-b2b/fresh-shop/server/service/system/sys_user.go:297
[0m[33m[0.474ms] [34;1m[rows:3][0m SELECT * FROM `sys_user_authority` WHERE `sys_user_authority`.`sys_user_id` IN (1,86)

2026/09/30 00:06:59 [32m/Users/zhaoyuedong/Desktop/生鲜项目/fresh-b2b/fresh-shop/server/service/system/sys_authority.go:166
[0m[33m[2.802ms] [34;1m[rows:2][0m SELECT * FROM `sys_data_authority_id` WHERE `sys_data_authority_id`.`sys_authority_authority_id` IN (888,999,1000,1001)

2026/09/30 00:06:59 [32m/Users/zhaoyuedong/Desktop/生鲜项目/fresh-b2b/fresh-shop/server/service/system/sys_user.go:297
[0m[33m[2.514ms] [34;1m[rows:3][0m SELECT * FROM `sys_authorities` WHERE `sys_authorities`.`authority_id` IN (888,999,1001)

2026/09/30 00:06:59 [32m/Users/zhaoyuedong/Desktop/生鲜项目/fresh-b2b/fresh-shop/server/service/system/sys_authority.go:166
[0m[33m[0.947ms] [34;1m[rows:1][0m SELECT * FROM `sys_authorities` WHERE `sys_authorities`.`authority_id` IN (888,9528)

2026/09/30 00:06:59 [32m/Users/zhaoyuedong/Desktop/生鲜项目/fresh-b2b/fresh-shop/server/service/system/sys_authority.go:166
[0m[33m[4.313ms] [34;1m[rows:4][0m SELECT * FROM `sys_authorities` WHERE parent_id = '0' AND parent_id = '0' LIMIT 999

2026/09/30 00:06:59 [32m/Users/zhaoyuedong/Desktop/生鲜项目/fresh-b2b/fresh-shop/server/service/system/sys_authority.go:217
[0m[33m[0.424ms] [34;1m[rows:0][0m SELECT * FROM `sys_authorities` WHERE parent_id = 888

2026/09/30 00:06:59 [32m/Users/zhaoyuedong/Desktop/生鲜项目/fresh-b2b/fresh-shop/server/service/system/sys_user.go:297
[0m[33m[0.700ms] [34;1m[rows:2][0m SELECT * FROM `sys_authorities` WHERE `sys_authorities`.`authority_id` IN (888,1001)

2026/09/30 00:06:59 [32m/Users/zhaoyuedong/Desktop/生鲜项目/fresh-b2b/fresh-shop/server/service/system/sys_user.go:297
[0m[33m[4.997ms] [34;1m[rows:2][0m SELECT * FROM `sys_users` WHERE `sys_users`.`deleted_at` IS NULL LIMIT 10

2026/09/30 00:06:59 [32m/Users/zhaoyuedong/Desktop/生鲜项目/fresh-b2b/fresh-shop/server/service/system/sys_authority.go:217
[0m[33m[0.283ms] [34;1m[rows:0][0m SELECT * FROM `sys_authorities` WHERE parent_id = 999

2026/09/30 00:06:59 [32m/Users/zhaoyuedong/Desktop/生鲜项目/fresh-b2b/fresh-shop/server/service/system/sys_authority.go:217
[0m[33m[0.178ms] [34;1m[rows:0][0m SELECT * FROM `sys_authorities` WHERE parent_id = 1000

2026/09/30 00:06:59 [32m/Users/zhaoyuedong/Desktop/生鲜项目/fresh-b2b/fresh-shop/server/service/common/account.go:176
[0m[33m[0.508ms] [34;1m[rows:1][0m SELECT `user_account`.`id`,`user_account`.`created_at`,`user_account`.`updated_at`,`user_account`.`deleted_at`,`user_account`.`user_id`,`user_account`.`group_id`,`user_account`.`amount`,`user_account`.`freeze_amount`,`user_account`.`lock_amount`,`user_account`.`in_amount`,`user_account`.`out_amount`,`user_account`.`status`,`Group`.`id` AS `Group__id`,`Group`.`created_at` AS `Group__created_at`,`Group`.`updated_at` AS `Group__updated_at`,`Group`.`deleted_at` AS `Group__deleted_at`,`Group`.`name_en` AS `Group__name_en`,`Group`.`name_cn` AS `Group__name_cn`,`Group`.`places` AS `Group__places`,`Group`.`status` AS `Group__status`,`Group`.`sync` AS `Group__sync` FROM `user_account` LEFT JOIN `user_account_group` `Group` ON `user_account`.`group_id` = `Group`.`id` AND `Group`.`deleted_at` IS NULL WHERE (Group.status = 1 and user_id = 1) AND `user_account`.`deleted_at` IS NULL

2026/09/30 00:06:59 [32m/Users/zhaoyuedong/Desktop/生鲜项目/fresh-b2b/fresh-shop/server/service/system/sys_authority.go:217
[0m[33m[0.241ms] [34;1m[rows:0][0m SELECT * FROM `sys_authorities` WHERE parent_id = 1001
[GIN] 2026/09/30 - 00:06:59 | 200 |    6.709916ms |       127.0.0.1 | POST     "/authority/getAuthorityList"

2026/09/30 00:06:59 [32m/Users/zhaoyuedong/Desktop/生鲜项目/fresh-b2b/fresh-shop/server/service/common/account.go:176
[0m[33m[0.361ms] [34;1m[rows:1][0m SELECT `user_account`.`id`,`user_account`.`created_at`,`user_account`.`updated_at`,`user_account`.`deleted_at`,`user_account`.`user_id`,`user_account`.`group_id`,`user_account`.`amount`,`user_account`.`freeze_amount`,`user_account`.`lock_amount`,`user_account`.`in_amount`,`user_account`.`out_amount`,`user_account`.`status`,`Group`.`id` AS `Group__id`,`Group`.`created_at` AS `Group__created_at`,`Group`.`updated_at` AS `Group__updated_at`,`Group`.`deleted_at` AS `Group__deleted_at`,`Group`.`name_en` AS `Group__name_en`,`Group`.`name_cn` AS `Group__name_cn`,`Group`.`places` AS `Group__places`,`Group`.`status` AS `Group__status`,`Group`.`sync` AS `Group__sync` FROM `user_account` LEFT JOIN `user_account_group` `Group` ON `user_account`.`group_id` = `Group`.`id` AND `Group`.`deleted_at` IS NULL WHERE (Group.status = 1 and user_id = 86) AND `user_account`.`deleted_at` IS NULL
[GIN] 2026/09/30 - 00:06:59 | 200 |    7.118291ms |       127.0.0.1 | POST     "/user/getUserList"

2026/09/30 00:06:59 [32m/Users/zhaoyuedong/Desktop/生鲜项目/fresh-b2b/fresh-shop/server/service/system/sys_dictionary.go:90
[0m[33m[0.426ms] [34;1m[rows:5][0m SELECT * FROM `sys_dictionary_details` WHERE `sys_dictionary_details`.`sys_dictionary_id` = 22 AND status = true AND `sys_dictionary_details`.`deleted_at` IS NULL

2026/09/30 00:06:59 [32m/Users/zhaoyuedong/Desktop/生鲜项目/fresh-b2b/fresh-shop/server/service/system/sys_dictionary.go:90
[0m[33m[1.165ms] [34;1m[rows:1][0m SELECT * FROM `sys_dictionaries` WHERE ((type = 'auditStatus' OR id = 0) and status = true) AND `sys_dictionaries`.`deleted_at` IS NULL ORDER BY `sys_dictionaries`.`id` LIMIT 1
[GIN] 2026/09/30 - 00:06:59 | 200 |      1.3395ms |       127.0.0.1 | GET      "/sysDictionary/findSysDictionary?type=auditStatus"

2026/09/30 00:07:24 [32m/Users/zhaoyuedong/Desktop/生鲜项目/fresh-b2b/fresh-shop/server/service/system/sys_menu.go:30
[0m[33m[0.444ms] [34;1m[rows:52][0m SELECT * FROM `sys_authority_menus` WHERE sys_authority_authority_id = 888

2026/09/30 00:07:24 [32m/Users/zhaoyuedong/Desktop/生鲜项目/fresh-b2b/fresh-shop/server/service/system/sys_menu.go:41
[0m[33m[0.291ms] [34;1m[rows:2][0m SELECT * FROM `sys_base_menu_parameters` WHERE `sys_base_menu_parameters`.`sys_base_menu_id` IN (37,49,42,1,9,4,101,36,5,102,6,44,7,11,38,39,8,100,10,45,103,46,47,24,3) AND `sys_base_menu_parameters`.`deleted_at` IS NULL

2026/09/30 00:07:24 [32m/Users/zhaoyuedong/Desktop/生鲜项目/fresh-b2b/fresh-shop/server/service/system/sys_menu.go:41
[0m[33m[1.361ms] [34;1m[rows:25][0m SELECT * FROM `sys_base_menus` WHERE id in ('1','3','4','5','6','7','8','9','10','11','12','13','14','16','17','18','19','20','21','22','24','25','26','27','28','29','30','31','32','33','34','35','36','37','38','39','40','41','42','43','44','45','46','47','48','49','50','51','100','101','102','103') AND `sys_base_menus`.`deleted_at` IS NULL ORDER BY sort

2026/09/30 00:07:24 [32m/Users/zhaoyuedong/Desktop/生鲜项目/fresh-b2b/fresh-shop/server/service/system/sys_menu.go:55
[0m[33m[0.508ms] [34;1m[rows:0][0m SELECT * FROM `sys_authority_btns` WHERE authority_id = 888
[GIN] 2026/09/30 - 00:07:24 | 200 |    2.890416ms |       127.0.0.1 | POST     "/menu/getMenu"

2026/09/30 00:07:24 [32m/Users/zhaoyuedong/Desktop/生鲜项目/fresh-b2b/fresh-shop/server/service/system/sys_user.go:411
[0m[33m[0.238ms] [34;1m[rows:2][0m SELECT * FROM `sys_user_authority` WHERE `sys_user_authority`.`sys_user_id` = 1

2026/09/30 00:07:24 [32m/Users/zhaoyuedong/Desktop/生鲜项目/fresh-b2b/fresh-shop/server/service/system/sys_user.go:411
[0m[33m[0.324ms] [34;1m[rows:2][0m SELECT * FROM `sys_authorities` WHERE `sys_authorities`.`authority_id` IN (888,999)

2026/09/30 00:07:24 [32m/Users/zhaoyuedong/Desktop/生鲜项目/fresh-b2b/fresh-shop/server/service/system/sys_user.go:411
[0m[33m[0.186ms] [34;1m[rows:1][0m SELECT * FROM `sys_authorities` WHERE `sys_authorities`.`authority_id` = 888

2026/09/30 00:07:24 [32m/Users/zhaoyuedong/Desktop/生鲜项目/fresh-b2b/fresh-shop/server/service/system/sys_user.go:411
[0m[33m[1.482ms] [34;1m[rows:1][0m SELECT * FROM `sys_users` WHERE uuid = 'f0f71391-6d0e-418c-a601-af3dde923073' AND `sys_users`.`deleted_at` IS NULL ORDER BY `sys_users`.`id` LIMIT 1

2026/09/30 00:07:24 [32m/Users/zhaoyuedong/Desktop/生鲜项目/fresh-b2b/fresh-shop/server/service/system/sys_menu.go:227
[0m[33m[0.260ms] [34;1m[rows:52][0m SELECT `sys_base_menu_id` FROM `sys_authority_menus` WHERE sys_authority_authority_id = 888

2026/09/30 00:07:24 [32m/Users/zhaoyuedong/Desktop/生鲜项目/fresh-b2b/fresh-shop/server/service/system/sys_menu.go:232
[0m[33m[0.561ms] [34;1m[rows:1][0m SELECT * FROM `sys_base_menus` WHERE (name = 'dashboard' and id in ('1','3','4','5','6','7','8','9','10','11','12','13','14','16','17','18','19','20','21','22','24','25','26','27','28','29','30','31','32','33','34','35','36','37','38','39','40','41','42','43','44','45','46','47','48','49','50','51','100','101','102','103')) AND `sys_base_menus`.`deleted_at` IS NULL ORDER BY `sys_base_menus`.`id` LIMIT 1

2026/09/30 00:07:24 [32m/Users/zhaoyuedong/Desktop/生鲜项目/fresh-b2b/fresh-shop/server/service/common/account.go:161
[0m[33m[0.213ms] [34;1m[rows:1][0m SELECT * FROM `user_account_group` WHERE `user_account_group`.`id` = 2 AND `user_account_group`.`deleted_at` IS NULL

2026/09/30 00:07:24 [32m/Users/zhaoyuedong/Desktop/生鲜项目/fresh-b2b/fresh-shop/server/service/common/account.go:161
[0m[33m[0.711ms] [34;1m[rows:1][0m SELECT * FROM `user_account` WHERE (user_id = 1 and group_id = 2) AND `user_account`.`deleted_at` IS NULL ORDER BY `user_account`.`id` LIMIT 1
[GIN] 2026/09/30 - 00:07:24 | 200 |    3.263334ms |       127.0.0.1 | GET      "/user/getUserInfo"

2026/09/30 00:07:24 [32m/Users/zhaoyuedong/Desktop/生鲜项目/fresh-b2b/fresh-shop/server/service/system/sys_user.go:280
[0m[33m[0.289ms] [34;1m[rows:1][0m SELECT count(*) FROM `sys_users` WHERE `sys_users`.`deleted_at` IS NULL

2026/09/30 00:07:24 [32m/Users/zhaoyuedong/Desktop/生鲜项目/fresh-b2b/fresh-shop/server/service/system/sys_authority.go:162
[0m[33m[0.308ms] [34;1m[rows:1][0m SELECT count(*) FROM `sys_authorities` WHERE parent_id = '0'

2026/09/30 00:07:24 [32m/Users/zhaoyuedong/Desktop/生鲜项目/fresh-b2b/fresh-shop/server/service/system/sys_user.go:297
[0m[33m[0.214ms] [34;1m[rows:3][0m SELECT * FROM `sys_user_authority` WHERE `sys_user_authority`.`sys_user_id` IN (1,86)

2026/09/30 00:07:24 [32m/Users/zhaoyuedong/Desktop/生鲜项目/fresh-b2b/fresh-shop/server/service/system/sys_authority.go:166
[0m[33m[0.259ms] [34;1m[rows:2][0m SELECT * FROM `sys_data_authority_id` WHERE `sys_data_authority_id`.`sys_authority_authority_id` IN (888,999,1000,1001)

2026/09/30 00:07:24 [32m/Users/zhaoyuedong/Desktop/生鲜项目/fresh-b2b/fresh-shop/server/service/system/sys_user.go:297
[0m[33m[0.224ms] [34;1m[rows:3][0m SELECT * FROM `sys_authorities` WHERE `sys_authorities`.`authority_id` IN (888,999,1001)

2026/09/30 00:07:24 [32m/Users/zhaoyuedong/Desktop/生鲜项目/fresh-b2b/fresh-shop/server/service/system/sys_authority.go:166
[0m[33m[0.256ms] [34;1m[rows:1][0m SELECT * FROM `sys_authorities` WHERE `sys_authorities`.`authority_id` IN (888,9528)

2026/09/30 00:07:24 [32m/Users/zhaoyuedong/Desktop/生鲜项目/fresh-b2b/fresh-shop/server/service/system/sys_authority.go:166
[0m[33m[0.833ms] [34;1m[rows:4][0m SELECT * FROM `sys_authorities` WHERE parent_id = '0' AND parent_id = '0' LIMIT 999

2026/09/30 00:07:24 [32m/Users/zhaoyuedong/Desktop/生鲜项目/fresh-b2b/fresh-shop/server/service/system/sys_user.go:297
[0m[33m[0.182ms] [34;1m[rows:2][0m SELECT * FROM `sys_authorities` WHERE `sys_authorities`.`authority_id` IN (888,1001)

2026/09/30 00:07:24 [32m/Users/zhaoyuedong/Desktop/生鲜项目/fresh-b2b/fresh-shop/server/service/system/sys_user.go:297
[0m[33m[1.063ms] [34;1m[rows:2][0m SELECT * FROM `sys_users` WHERE `sys_users`.`deleted_at` IS NULL LIMIT 10

2026/09/30 00:07:24 [32m/Users/zhaoyuedong/Desktop/生鲜项目/fresh-b2b/fresh-shop/server/service/system/sys_authority.go:217
[0m[33m[0.252ms] [34;1m[rows:0][0m SELECT * FROM `sys_authorities` WHERE parent_id = 888

2026/09/30 00:07:24 [32m/Users/zhaoyuedong/Desktop/生鲜项目/fresh-b2b/fresh-shop/server/service/system/sys_authority.go:217
[0m[33m[0.169ms] [34;1m[rows:0][0m SELECT * FROM `sys_authorities` WHERE parent_id = 999

2026/09/30 00:07:24 [32m/Users/zhaoyuedong/Desktop/生鲜项目/fresh-b2b/fresh-shop/server/service/common/account.go:176
[0m[33m[0.403ms] [34;1m[rows:1][0m SELECT `user_account`.`id`,`user_account`.`created_at`,`user_account`.`updated_at`,`user_account`.`deleted_at`,`user_account`.`user_id`,`user_account`.`group_id`,`user_account`.`amount`,`user_account`.`freeze_amount`,`user_account`.`lock_amount`,`user_account`.`in_amount`,`user_account`.`out_amount`,`user_account`.`status`,`Group`.`id` AS `Group__id`,`Group`.`created_at` AS `Group__created_at`,`Group`.`updated_at` AS `Group__updated_at`,`Group`.`deleted_at` AS `Group__deleted_at`,`Group`.`name_en` AS `Group__name_en`,`Group`.`name_cn` AS `Group__name_cn`,`Group`.`places` AS `Group__places`,`Group`.`status` AS `Group__status`,`Group`.`sync` AS `Group__sync` FROM `user_account` LEFT JOIN `user_account_group` `Group` ON `user_account`.`group_id` = `Group`.`id` AND `Group`.`deleted_at` IS NULL WHERE (Group.status = 1 and user_id = 1) AND `user_account`.`deleted_at` IS NULL

2026/09/30 00:07:24 [32m/Users/zhaoyuedong/Desktop/生鲜项目/fresh-b2b/fresh-shop/server/service/system/sys_authority.go:217
[0m[33m[0.147ms] [34;1m[rows:0][0m SELECT * FROM `sys_authorities` WHERE parent_id = 1000

2026/09/30 00:07:24 [32m/Users/zhaoyuedong/Desktop/生鲜项目/fresh-b2b/fresh-shop/server/service/system/sys_authority.go:217
[0m[33m[0.176ms] [34;1m[rows:0][0m SELECT * FROM `sys_authorities` WHERE parent_id = 1001
[GIN] 2026/09/30 - 00:07:24 | 200 |    2.116083ms |       127.0.0.1 | POST     "/authority/getAuthorityList"

2026/09/30 00:07:24 [32m/Users/zhaoyuedong/Desktop/生鲜项目/fresh-b2b/fresh-shop/server/service/common/account.go:176
[0m[33m[0.380ms] [34;1m[rows:1][0m SELECT `user_account`.`id`,`user_account`.`created_at`,`user_account`.`updated_at`,`user_account`.`deleted_at`,`user_account`.`user_id`,`user_account`.`group_id`,`user_account`.`amount`,`user_account`.`freeze_amount`,`user_account`.`lock_amount`,`user_account`.`in_amount`,`user_account`.`out_amount`,`user_account`.`status`,`Group`.`id` AS `Group__id`,`Group`.`created_at` AS `Group__created_at`,`Group`.`updated_at` AS `Group__updated_at`,`Group`.`deleted_at` AS `Group__deleted_at`,`Group`.`name_en` AS `Group__name_en`,`Group`.`name_cn` AS `Group__name_cn`,`Group`.`places` AS `Group__places`,`Group`.`status` AS `Group__status`,`Group`.`sync` AS `Group__sync` FROM `user_account` LEFT JOIN `user_account_group` `Group` ON `user_account`.`group_id` = `Group`.`id` AND `Group`.`deleted_at` IS NULL WHERE (Group.status = 1 and user_id = 86) AND `user_account`.`deleted_at` IS NULL
[GIN] 2026/09/30 - 00:07:24 | 200 |      2.3975ms |       127.0.0.1 | POST     "/user/getUserList"

2026/09/30 00:07:24 [32m/Users/zhaoyuedong/Desktop/生鲜项目/fresh-b2b/fresh-shop/server/service/system/sys_dictionary.go:90
[0m[33m[0.310ms] [34;1m[rows:5][0m SELECT * FROM `sys_dictionary_details` WHERE `sys_dictionary_details`.`sys_dictionary_id` = 22 AND status = true AND `sys_dictionary_details`.`deleted_at` IS NULL

2026/09/30 00:07:24 [32m/Users/zhaoyuedong/Desktop/生鲜项目/fresh-b2b/fresh-shop/server/service/system/sys_dictionary.go:90
[0m[33m[1.238ms] [34;1m[rows:1][0m SELECT * FROM `sys_dictionaries` WHERE ((type = 'auditStatus' OR id = 0) and status = true) AND `sys_dictionaries`.`deleted_at` IS NULL ORDER BY `sys_dictionaries`.`id` LIMIT 1
[GIN] 2026/09/30 - 00:07:24 | 200 |       1.504ms |       127.0.0.1 | GET      "/sysDictionary/findSysDictionary?type=auditStatus"

2026/09/30 00:07:27 [32m/Users/zhaoyuedong/Desktop/生鲜项目/fresh-b2b/fresh-shop/server/service/system/company.go:86
[0m[33m[0.479ms] [34;1m[rows:1][0m SELECT count(*) FROM `sys_company` WHERE `sys_company`.`deleted_at` IS NULL

2026/09/30 00:07:27 [32m/Users/zhaoyuedong/Desktop/生鲜项目/fresh-b2b/fresh-shop/server/service/system/company.go:91
[0m[33m[0.201ms] [34;1m[rows:0][0m SELECT * FROM `sys_company` WHERE `sys_company`.`deleted_at` IS NULL ORDER BY created_at desc LIMIT 10
[GIN] 2026/09/30 - 00:07:27 | 200 |       1.015ms |       127.0.0.1 | GET      "/company/list?page=1&pageSize=10"

2026/09/30 00:07:30 [32m/Users/zhaoyuedong/Desktop/生鲜项目/fresh-b2b/fresh-shop/server/service/system/company.go:145
[0m[33m[0.506ms] [34;1m[rows:1][0m SELECT count(*) FROM `sys_company` WHERE audit_status = 1 AND `sys_company`.`deleted_at` IS NULL

2026/09/30 00:07:30 [32m/Users/zhaoyuedong/Desktop/生鲜项目/fresh-b2b/fresh-shop/server/service/system/company.go:150
[0m[33m[0.349ms] [34;1m[rows:0][0m SELECT * FROM `sys_company` WHERE audit_status = 1 AND `sys_company`.`deleted_at` IS NULL ORDER BY created_at desc LIMIT 10
[GIN] 2026/09/30 - 00:07:30 | 200 |    1.128334ms |       127.0.0.1 | GET      "/company/pendingList?page=1&pageSize=10"

2026/09/30 00:07:41 [32m/Users/zhaoyuedong/Desktop/生鲜项目/fresh-b2b/fresh-shop/server/service/system/sys_menu.go:30
[0m[33m[1.301ms] [34;1m[rows:52][0m SELECT * FROM `sys_authority_menus` WHERE sys_authority_authority_id = 888

2026/09/30 00:07:41 [32m/Users/zhaoyuedong/Desktop/生鲜项目/fresh-b2b/fresh-shop/server/service/system/sys_menu.go:41
[0m[33m[0.372ms] [34;1m[rows:2][0m SELECT * FROM `sys_base_menu_parameters` WHERE `sys_base_menu_parameters`.`sys_base_menu_id` IN (37,49,42,1,9,4,101,36,5,102,6,44,7,11,38,39,8,100,10,45,103,46,47,24,3) AND `sys_base_menu_parameters`.`deleted_at` IS NULL

2026/09/30 00:07:41 [32m/Users/zhaoyuedong/Desktop/生鲜项目/fresh-b2b/fresh-shop/server/service/system/sys_menu.go:41
[0m[33m[1.349ms] [34;1m[rows:25][0m SELECT * FROM `sys_base_menus` WHERE id in ('1','3','4','5','6','7','8','9','10','11','12','13','14','16','17','18','19','20','21','22','24','25','26','27','28','29','30','31','32','33','34','35','36','37','38','39','40','41','42','43','44','45','46','47','48','49','50','51','100','101','102','103') AND `sys_base_menus`.`deleted_at` IS NULL ORDER BY sort

2026/09/30 00:07:41 [32m/Users/zhaoyuedong/Desktop/生鲜项目/fresh-b2b/fresh-shop/server/service/system/sys_menu.go:55
[0m[33m[0.260ms] [34;1m[rows:0][0m SELECT * FROM `sys_authority_btns` WHERE authority_id = 888
[GIN] 2026/09/30 - 00:07:41 | 200 |    3.328291ms |       127.0.0.1 | POST     "/menu/getMenu"

2026/09/30 00:07:41 [32m/Users/zhaoyuedong/Desktop/生鲜项目/fresh-b2b/fresh-shop/server/service/system/sys_user.go:411
[0m[33m[0.370ms] [34;1m[rows:2][0m SELECT * FROM `sys_user_authority` WHERE `sys_user_authority`.`sys_user_id` = 1

2026/09/30 00:07:41 [32m/Users/zhaoyuedong/Desktop/生鲜项目/fresh-b2b/fresh-shop/server/service/system/sys_user.go:411
[0m[33m[0.191ms] [34;1m[rows:2][0m SELECT * FROM `sys_authorities` WHERE `sys_authorities`.`authority_id` IN (888,999)

2026/09/30 00:07:41 [32m/Users/zhaoyuedong/Desktop/生鲜项目/fresh-b2b/fresh-shop/server/service/system/sys_user.go:411
[0m[33m[0.184ms] [34;1m[rows:1][0m SELECT * FROM `sys_authorities` WHERE `sys_authorities`.`authority_id` = 888

2026/09/30 00:07:41 [32m/Users/zhaoyuedong/Desktop/生鲜项目/fresh-b2b/fresh-shop/server/service/system/sys_user.go:411
[0m[33m[1.583ms] [34;1m[rows:1][0m SELECT * FROM `sys_users` WHERE uuid = 'f0f71391-6d0e-418c-a601-af3dde923073' AND `sys_users`.`deleted_at` IS NULL ORDER BY `sys_users`.`id` LIMIT 1

2026/09/30 00:07:41 [32m/Users/zhaoyuedong/Desktop/生鲜项目/fresh-b2b/fresh-shop/server/service/system/sys_menu.go:227
[0m[33m[0.414ms] [34;1m[rows:52][0m SELECT `sys_base_menu_id` FROM `sys_authority_menus` WHERE sys_authority_authority_id = 888

2026/09/30 00:07:41 [32m/Users/zhaoyuedong/Desktop/生鲜项目/fresh-b2b/fresh-shop/server/service/system/sys_menu.go:232
[0m[33m[1.183ms] [34;1m[rows:1][0m SELECT * FROM `sys_base_menus` WHERE (name = 'dashboard' and id in ('1','3','4','5','6','7','8','9','10','11','12','13','14','16','17','18','19','20','21','22','24','25','26','27','28','29','30','31','32','33','34','35','36','37','38','39','40','41','42','43','44','45','46','47','48','49','50','51','100','101','102','103')) AND `sys_base_menus`.`deleted_at` IS NULL ORDER BY `sys_base_menus`.`id` LIMIT 1

2026/09/30 00:07:41 [32m/Users/zhaoyuedong/Desktop/生鲜项目/fresh-b2b/fresh-shop/server/service/common/account.go:161
[0m[33m[0.320ms] [34;1m[rows:1][0m SELECT * FROM `user_account_group` WHERE `user_account_group`.`id` = 2 AND `user_account_group`.`deleted_at` IS NULL

2026/09/30 00:07:41 [32m/Users/zhaoyuedong/Desktop/生鲜项目/fresh-b2b/fresh-shop/server/service/common/account.go:161
[0m[33m[0.973ms] [34;1m[rows:1][0m SELECT * FROM `user_account` WHERE (user_id = 1 and group_id = 2) AND `user_account`.`deleted_at` IS NULL ORDER BY `user_account`.`id` LIMIT 1
[GIN] 2026/09/30 - 00:07:41 | 200 |       4.833ms |       127.0.0.1 | GET      "/user/getUserInfo"

2026/09/30 00:22:07 [32m/Users/zhaoyuedong/Desktop/生鲜项目/fresh-b2b/fresh-shop/server/service/system/sys_menu.go:30
[0m[33m[0.532ms] [34;1m[rows:52][0m SELECT * FROM `sys_authority_menus` WHERE sys_authority_authority_id = 888

2026/09/30 00:22:07 [32m/Users/zhaoyuedong/Desktop/生鲜项目/fresh-b2b/fresh-shop/server/service/system/sys_menu.go:41
[0m[33m[0.329ms] [34;1m[rows:2][0m SELECT * FROM `sys_base_menu_parameters` WHERE `sys_base_menu_parameters`.`sys_base_menu_id` IN (37,49,42,1,9,4,101,36,5,102,6,44,7,11,38,39,8,100,10,45,103,46,47,24,3) AND `sys_base_menu_parameters`.`deleted_at` IS NULL

2026/09/30 00:22:07 [32m/Users/zhaoyuedong/Desktop/生鲜项目/fresh-b2b/fresh-shop/server/service/system/sys_menu.go:41
[0m[33m[1.210ms] [34;1m[rows:25][0m SELECT * FROM `sys_base_menus` WHERE id in ('1','3','4','5','6','7','8','9','10','11','12','13','14','16','17','18','19','20','21','22','24','25','26','27','28','29','30','31','32','33','34','35','36','37','38','39','40','41','42','43','44','45','46','47','48','49','50','51','100','101','102','103') AND `sys_base_menus`.`deleted_at` IS NULL ORDER BY sort

2026/09/30 00:22:07 [32m/Users/zhaoyuedong/Desktop/生鲜项目/fresh-b2b/fresh-shop/server/service/system/sys_menu.go:55
[0m[33m[0.213ms] [34;1m[rows:0][0m SELECT * FROM `sys_authority_btns` WHERE authority_id = 888
[GIN] 2026/09/30 - 00:22:07 | 200 |    2.638792ms |       127.0.0.1 | POST     "/menu/getMenu"

2026/09/30 00:22:07 [32m/Users/zhaoyuedong/Desktop/生鲜项目/fresh-b2b/fresh-shop/server/service/system/sys_user.go:411
[0m[33m[0.276ms] [34;1m[rows:2][0m SELECT * FROM `sys_user_authority` WHERE `sys_user_authority`.`sys_user_id` = 1

2026/09/30 00:22:07 [32m/Users/zhaoyuedong/Desktop/生鲜项目/fresh-b2b/fresh-shop/server/service/system/sys_user.go:411
[0m[33m[0.275ms] [34;1m[rows:2][0m SELECT * FROM `sys_authorities` WHERE `sys_authorities`.`authority_id` IN (888,999)

2026/09/30 00:22:07 [32m/Users/zhaoyuedong/Desktop/生鲜项目/fresh-b2b/fresh-shop/server/service/system/sys_user.go:411
[0m[33m[0.243ms] [34;1m[rows:1][0m SELECT * FROM `sys_authorities` WHERE `sys_authorities`.`authority_id` = 888

2026/09/30 00:22:07 [32m/Users/zhaoyuedong/Desktop/生鲜项目/fresh-b2b/fresh-shop/server/service/system/sys_user.go:411
[0m[33m[2.185ms] [34;1m[rows:1][0m SELECT * FROM `sys_users` WHERE uuid = 'f0f71391-6d0e-418c-a601-af3dde923073' AND `sys_users`.`deleted_at` IS NULL ORDER BY `sys_users`.`id` LIMIT 1

2026/09/30 00:22:07 [32m/Users/zhaoyuedong/Desktop/生鲜项目/fresh-b2b/fresh-shop/server/service/system/sys_menu.go:227
[0m[33m[0.287ms] [34;1m[rows:52][0m SELECT `sys_base_menu_id` FROM `sys_authority_menus` WHERE sys_authority_authority_id = 888

2026/09/30 00:22:07 [32m/Users/zhaoyuedong/Desktop/生鲜项目/fresh-b2b/fresh-shop/server/service/system/sys_menu.go:232
[0m[33m[1.217ms] [34;1m[rows:1][0m SELECT * FROM `sys_base_menus` WHERE (name = 'dashboard' and id in ('1','3','4','5','6','7','8','9','10','11','12','13','14','16','17','18','19','20','21','22','24','25','26','27','28','29','30','31','32','33','34','35','36','37','38','39','40','41','42','43','44','45','46','47','48','49','50','51','100','101','102','103')) AND `sys_base_menus`.`deleted_at` IS NULL ORDER BY `sys_base_menus`.`id` LIMIT 1

2026/09/30 00:22:07 [32m/Users/zhaoyuedong/Desktop/生鲜项目/fresh-b2b/fresh-shop/server/service/common/account.go:161
[0m[33m[0.309ms] [34;1m[rows:1][0m SELECT * FROM `user_account_group` WHERE `user_account_group`.`id` = 2 AND `user_account_group`.`deleted_at` IS NULL

2026/09/30 00:22:07 [32m/Users/zhaoyuedong/Desktop/生鲜项目/fresh-b2b/fresh-shop/server/service/common/account.go:161
[0m[33m[0.861ms] [34;1m[rows:1][0m SELECT * FROM `user_account` WHERE (user_id = 1 and group_id = 2) AND `user_account`.`deleted_at` IS NULL ORDER BY `user_account`.`id` LIMIT 1
[GIN] 2026/09/30 - 00:22:07 | 200 |    4.889709ms |       127.0.0.1 | GET      "/user/getUserInfo"

2026/09/30 00:22:12 [32m/Users/zhaoyuedong/Desktop/生鲜项目/fresh-b2b/fresh-shop/server/service/system/company.go:145
[0m[33m[0.490ms] [34;1m[rows:1][0m SELECT count(*) FROM `sys_company` WHERE audit_status = 1 AND `sys_company`.`deleted_at` IS NULL

2026/09/30 00:22:12 [32m/Users/zhaoyuedong/Desktop/生鲜项目/fresh-b2b/fresh-shop/server/service/system/company.go:150
[0m[33m[0.223ms] [34;1m[rows:0][0m SELECT * FROM `sys_company` WHERE audit_status = 1 AND `sys_company`.`deleted_at` IS NULL ORDER BY created_at desc LIMIT 10
[GIN] 2026/09/30 - 00:22:12 | 200 |     953.167µs |       127.0.0.1 | GET      "/company/pendingList?page=1&pageSize=10"

2026/09/30 00:29:59 [32m/Users/zhaoyuedong/Desktop/生鲜项目/fresh-b2b/fresh-shop/server/service/system/sys_menu.go:30
[0m[33m[0.453ms] [34;1m[rows:52][0m SELECT * FROM `sys_authority_menus` WHERE sys_authority_authority_id = 888

2026/09/30 00:29:59 [32m/Users/zhaoyuedong/Desktop/生鲜项目/fresh-b2b/fresh-shop/server/service/system/sys_menu.go:41
[0m[33m[0.243ms] [34;1m[rows:2][0m SELECT * FROM `sys_base_menu_parameters` WHERE `sys_base_menu_parameters`.`sys_base_menu_id` IN (37,49,42,1,9,4,101,36,5,102,6,44,7,11,38,39,8,100,10,45,103,46,47,24,3) AND `sys_base_menu_parameters`.`deleted_at` IS NULL

2026/09/30 00:29:59 [32m/Users/zhaoyuedong/Desktop/生鲜项目/fresh-b2b/fresh-shop/server/service/system/sys_menu.go:41
[0m[33m[1.297ms] [34;1m[rows:25][0m SELECT * FROM `sys_base_menus` WHERE id in ('1','3','4','5','6','7','8','9','10','11','12','13','14','16','17','18','19','20','21','22','24','25','26','27','28','29','30','31','32','33','34','35','36','37','38','39','40','41','42','43','44','45','46','47','48','49','50','51','100','101','102','103') AND `sys_base_menus`.`deleted_at` IS NULL ORDER BY sort

2026/09/30 00:29:59 [32m/Users/zhaoyuedong/Desktop/生鲜项目/fresh-b2b/fresh-shop/server/service/system/sys_menu.go:55
[0m[33m[0.375ms] [34;1m[rows:0][0m SELECT * FROM `sys_authority_btns` WHERE authority_id = 888
[GIN] 2026/09/30 - 00:29:59 | 200 |    2.783084ms |       127.0.0.1 | POST     "/menu/getMenu"

2026/09/30 00:29:59 [32m/Users/zhaoyuedong/Desktop/生鲜项目/fresh-b2b/fresh-shop/server/service/system/sys_user.go:411
[0m[33m[0.268ms] [34;1m[rows:2][0m SELECT * FROM `sys_user_authority` WHERE `sys_user_authority`.`sys_user_id` = 1

2026/09/30 00:29:59 [32m/Users/zhaoyuedong/Desktop/生鲜项目/fresh-b2b/fresh-shop/server/service/system/sys_user.go:411
[0m[33m[0.253ms] [34;1m[rows:2][0m SELECT * FROM `sys_authorities` WHERE `sys_authorities`.`authority_id` IN (888,999)

2026/09/30 00:29:59 [32m/Users/zhaoyuedong/Desktop/生鲜项目/fresh-b2b/fresh-shop/server/service/system/sys_user.go:411
[0m[33m[0.179ms] [34;1m[rows:1][0m SELECT * FROM `sys_authorities` WHERE `sys_authorities`.`authority_id` = 888

2026/09/30 00:29:59 [32m/Users/zhaoyuedong/Desktop/生鲜项目/fresh-b2b/fresh-shop/server/service/system/sys_user.go:411
[0m[33m[1.565ms] [34;1m[rows:1][0m SELECT * FROM `sys_users` WHERE uuid = 'f0f71391-6d0e-418c-a601-af3dde923073' AND `sys_users`.`deleted_at` IS NULL ORDER BY `sys_users`.`id` LIMIT 1

2026/09/30 00:29:59 [32m/Users/zhaoyuedong/Desktop/生鲜项目/fresh-b2b/fresh-shop/server/service/system/sys_menu.go:227
[0m[33m[0.204ms] [34;1m[rows:52][0m SELECT `sys_base_menu_id` FROM `sys_authority_menus` WHERE sys_authority_authority_id = 888

2026/09/30 00:29:59 [32m/Users/zhaoyuedong/Desktop/生鲜项目/fresh-b2b/fresh-shop/server/service/system/sys_menu.go:232
[0m[33m[0.650ms] [34;1m[rows:1][0m SELECT * FROM `sys_base_menus` WHERE (name = 'dashboard' and id in ('1','3','4','5','6','7','8','9','10','11','12','13','14','16','17','18','19','20','21','22','24','25','26','27','28','29','30','31','32','33','34','35','36','37','38','39','40','41','42','43','44','45','46','47','48','49','50','51','100','101','102','103')) AND `sys_base_menus`.`deleted_at` IS NULL ORDER BY `sys_base_menus`.`id` LIMIT 1

2026/09/30 00:29:59 [32m/Users/zhaoyuedong/Desktop/生鲜项目/fresh-b2b/fresh-shop/server/service/common/account.go:161
[0m[33m[0.244ms] [34;1m[rows:1][0m SELECT * FROM `user_account_group` WHERE `user_account_group`.`id` = 2 AND `user_account_group`.`deleted_at` IS NULL

2026/09/30 00:29:59 [32m/Users/zhaoyuedong/Desktop/生鲜项目/fresh-b2b/fresh-shop/server/service/common/account.go:161
[0m[33m[0.610ms] [34;1m[rows:1][0m SELECT * FROM `user_account` WHERE (user_id = 1 and group_id = 2) AND `user_account`.`deleted_at` IS NULL ORDER BY `user_account`.`id` LIMIT 1
[GIN] 2026/09/30 - 00:29:59 | 200 |    3.270958ms |       127.0.0.1 | GET      "/user/getUserInfo"

2026/09/30 00:30:01 [32m/Users/zhaoyuedong/Desktop/生鲜项目/fresh-b2b/fresh-shop/server/service/system/sys_user.go:280
[0m[33m[0.492ms] [34;1m[rows:1][0m SELECT count(*) FROM `sys_users` WHERE `sys_users`.`deleted_at` IS NULL

2026/09/30 00:30:01 [32m/Users/zhaoyuedong/Desktop/生鲜项目/fresh-b2b/fresh-shop/server/service/system/sys_authority.go:162
[0m[33m[0.762ms] [34;1m[rows:1][0m SELECT count(*) FROM `sys_authorities` WHERE parent_id = '0'

2026/09/30 00:30:01 [32m/Users/zhaoyuedong/Desktop/生鲜项目/fresh-b2b/fresh-shop/server/service/system/sys_user.go:297
[0m[33m[0.228ms] [34;1m[rows:3][0m SELECT * FROM `sys_user_authority` WHERE `sys_user_authority`.`sys_user_id` IN (1,86)

2026/09/30 00:30:01 [32m/Users/zhaoyuedong/Desktop/生鲜项目/fresh-b2b/fresh-shop/server/service/system/sys_user.go:297
[0m[33m[0.176ms] [34;1m[rows:3][0m SELECT * FROM `sys_authorities` WHERE `sys_authorities`.`authority_id` IN (888,999,1001)

2026/09/30 00:30:01 [32m/Users/zhaoyuedong/Desktop/生鲜项目/fresh-b2b/fresh-shop/server/service/system/sys_authority.go:166
[0m[33m[0.265ms] [34;1m[rows:2][0m SELECT * FROM `sys_data_authority_id` WHERE `sys_data_authority_id`.`sys_authority_authority_id` IN (888,999,1000,1001)

2026/09/30 00:30:01 [32m/Users/zhaoyuedong/Desktop/生鲜项目/fresh-b2b/fresh-shop/server/service/system/sys_user.go:297
[0m[33m[0.283ms] [34;1m[rows:2][0m SELECT * FROM `sys_authorities` WHERE `sys_authorities`.`authority_id` IN (888,1001)

2026/09/30 00:30:01 [32m/Users/zhaoyuedong/Desktop/生鲜项目/fresh-b2b/fresh-shop/server/service/system/sys_user.go:297
[0m[33m[1.432ms] [34;1m[rows:2][0m SELECT * FROM `sys_users` WHERE `sys_users`.`deleted_at` IS NULL LIMIT 10

2026/09/30 00:30:01 [32m/Users/zhaoyuedong/Desktop/生鲜项目/fresh-b2b/fresh-shop/server/service/system/sys_authority.go:166
[0m[33m[0.495ms] [34;1m[rows:1][0m SELECT * FROM `sys_authorities` WHERE `sys_authorities`.`authority_id` IN (888,9528)

2026/09/30 00:30:01 [32m/Users/zhaoyuedong/Desktop/生鲜项目/fresh-b2b/fresh-shop/server/service/system/sys_authority.go:166
[0m[33m[1.247ms] [34;1m[rows:4][0m SELECT * FROM `sys_authorities` WHERE parent_id = '0' AND parent_id = '0' LIMIT 999

2026/09/30 00:30:01 [32m/Users/zhaoyuedong/Desktop/生鲜项目/fresh-b2b/fresh-shop/server/service/system/sys_authority.go:217
[0m[33m[0.530ms] [34;1m[rows:0][0m SELECT * FROM `sys_authorities` WHERE parent_id = 888

2026/09/30 00:30:01 [32m/Users/zhaoyuedong/Desktop/生鲜项目/fresh-b2b/fresh-shop/server/service/common/account.go:176
[0m[33m[1.172ms] [34;1m[rows:1][0m SELECT `user_account`.`id`,`user_account`.`created_at`,`user_account`.`updated_at`,`user_account`.`deleted_at`,`user_account`.`user_id`,`user_account`.`group_id`,`user_account`.`amount`,`user_account`.`freeze_amount`,`user_account`.`lock_amount`,`user_account`.`in_amount`,`user_account`.`out_amount`,`user_account`.`status`,`Group`.`id` AS `Group__id`,`Group`.`created_at` AS `Group__created_at`,`Group`.`updated_at` AS `Group__updated_at`,`Group`.`deleted_at` AS `Group__deleted_at`,`Group`.`name_en` AS `Group__name_en`,`Group`.`name_cn` AS `Group__name_cn`,`Group`.`places` AS `Group__places`,`Group`.`status` AS `Group__status`,`Group`.`sync` AS `Group__sync` FROM `user_account` LEFT JOIN `user_account_group` `Group` ON `user_account`.`group_id` = `Group`.`id` AND `Group`.`deleted_at` IS NULL WHERE (Group.status = 1 and user_id = 1) AND `user_account`.`deleted_at` IS NULL

2026/09/30 00:30:01 [32m/Users/zhaoyuedong/Desktop/生鲜项目/fresh-b2b/fresh-shop/server/service/system/sys_authority.go:217
[0m[33m[0.517ms] [34;1m[rows:0][0m SELECT * FROM `sys_authorities` WHERE parent_id = 999

2026/09/30 00:30:01 [32m/Users/zhaoyuedong/Desktop/生鲜项目/fresh-b2b/fresh-shop/server/service/system/sys_authority.go:217
[0m[33m[0.246ms] [34;1m[rows:0][0m SELECT * FROM `sys_authorities` WHERE parent_id = 1000

2026/09/30 00:30:01 [32m/Users/zhaoyuedong/Desktop/生鲜项目/fresh-b2b/fresh-shop/server/service/common/account.go:176
[0m[33m[0.523ms] [34;1m[rows:1][0m SELECT `user_account`.`id`,`user_account`.`created_at`,`user_account`.`updated_at`,`user_account`.`deleted_at`,`user_account`.`user_id`,`user_account`.`group_id`,`user_account`.`amount`,`user_account`.`freeze_amount`,`user_account`.`lock_amount`,`user_account`.`in_amount`,`user_account`.`out_amount`,`user_account`.`status`,`Group`.`id` AS `Group__id`,`Group`.`created_at` AS `Group__created_at`,`Group`.`updated_at` AS `Group__updated_at`,`Group`.`deleted_at` AS `Group__deleted_at`,`Group`.`name_en` AS `Group__name_en`,`Group`.`name_cn` AS `Group__name_cn`,`Group`.`places` AS `Group__places`,`Group`.`status` AS `Group__status`,`Group`.`sync` AS `Group__sync` FROM `user_account` LEFT JOIN `user_account_group` `Group` ON `user_account`.`group_id` = `Group`.`id` AND `Group`.`deleted_at` IS NULL WHERE (Group.status = 1 and user_id = 86) AND `user_account`.`deleted_at` IS NULL
[GIN] 2026/09/30 - 00:30:01 | 200 |    4.114625ms |       127.0.0.1 | POST     "/user/getUserList"

2026/09/30 00:30:01 [32m/Users/zhaoyuedong/Desktop/生鲜项目/fresh-b2b/fresh-shop/server/service/system/sys_authority.go:217
[0m[33m[0.467ms] [34;1m[rows:0][0m SELECT * FROM `sys_authorities` WHERE parent_id = 1001
[GIN] 2026/09/30 - 00:30:01 | 200 |     4.17075ms |       127.0.0.1 | POST     "/authority/getAuthorityList"

2026/09/30 00:30:01 [32m/Users/zhaoyuedong/Desktop/生鲜项目/fresh-b2b/fresh-shop/server/service/system/sys_dictionary.go:90
[0m[33m[0.311ms] [34;1m[rows:5][0m SELECT * FROM `sys_dictionary_details` WHERE `sys_dictionary_details`.`sys_dictionary_id` = 22 AND status = true AND `sys_dictionary_details`.`deleted_at` IS NULL

2026/09/30 00:30:01 [32m/Users/zhaoyuedong/Desktop/生鲜项目/fresh-b2b/fresh-shop/server/service/system/sys_dictionary.go:90
[0m[33m[0.917ms] [34;1m[rows:1][0m SELECT * FROM `sys_dictionaries` WHERE ((type = 'auditStatus' OR id = 0) and status = true) AND `sys_dictionaries`.`deleted_at` IS NULL ORDER BY `sys_dictionaries`.`id` LIMIT 1
[GIN] 2026/09/30 - 00:30:01 | 200 |    1.056958ms |       127.0.0.1 | GET      "/sysDictionary/findSysDictionary?type=auditStatus"

2026/09/30 00:30:11 [32m/Users/zhaoyuedong/Desktop/生鲜项目/fresh-b2b/fresh-shop/server/service/system/sys_menu.go:30
[0m[33m[0.493ms] [34;1m[rows:52][0m SELECT * FROM `sys_authority_menus` WHERE sys_authority_authority_id = 888

2026/09/30 00:30:11 [32m/Users/zhaoyuedong/Desktop/生鲜项目/fresh-b2b/fresh-shop/server/service/system/sys_menu.go:41
[0m[33m[0.311ms] [34;1m[rows:2][0m SELECT * FROM `sys_base_menu_parameters` WHERE `sys_base_menu_parameters`.`sys_base_menu_id` IN (37,49,42,1,9,4,101,36,5,102,6,44,7,11,38,39,8,100,10,45,103,46,47,24,3) AND `sys_base_menu_parameters`.`deleted_at` IS NULL

2026/09/30 00:30:11 [32m/Users/zhaoyuedong/Desktop/生鲜项目/fresh-b2b/fresh-shop/server/service/system/sys_menu.go:41
[0m[33m[1.189ms] [34;1m[rows:25][0m SELECT * FROM `sys_base_menus` WHERE id in ('1','3','4','5','6','7','8','9','10','11','12','13','14','16','17','18','19','20','21','22','24','25','26','27','28','29','30','31','32','33','34','35','36','37','38','39','40','41','42','43','44','45','46','47','48','49','50','51','100','101','102','103') AND `sys_base_menus`.`deleted_at` IS NULL ORDER BY sort

2026/09/30 00:30:11 [32m/Users/zhaoyuedong/Desktop/生鲜项目/fresh-b2b/fresh-shop/server/service/system/sys_menu.go:55
[0m[33m[0.199ms] [34;1m[rows:0][0m SELECT * FROM `sys_authority_btns` WHERE authority_id = 888
[GIN] 2026/09/30 - 00:30:11 | 200 |    2.296708ms |       127.0.0.1 | POST     "/menu/getMenu"

2026/09/30 00:30:11 [32m/Users/zhaoyuedong/Desktop/生鲜项目/fresh-b2b/fresh-shop/server/service/system/sys_user.go:411
[0m[33m[0.482ms] [34;1m[rows:2][0m SELECT * FROM `sys_user_authority` WHERE `sys_user_authority`.`sys_user_id` = 1

2026/09/30 00:30:11 [32m/Users/zhaoyuedong/Desktop/生鲜项目/fresh-b2b/fresh-shop/server/service/system/sys_user.go:411
[0m[33m[0.337ms] [34;1m[rows:2][0m SELECT * FROM `sys_authorities` WHERE `sys_authorities`.`authority_id` IN (888,999)

2026/09/30 00:30:11 [32m/Users/zhaoyuedong/Desktop/生鲜项目/fresh-b2b/fresh-shop/server/service/system/sys_user.go:411
[0m[33m[0.189ms] [34;1m[rows:1][0m SELECT * FROM `sys_authorities` WHERE `sys_authorities`.`authority_id` = 888

2026/09/30 00:30:11 [32m/Users/zhaoyuedong/Desktop/生鲜项目/fresh-b2b/fresh-shop/server/service/system/sys_user.go:411
[0m[33m[2.133ms] [34;1m[rows:1][0m SELECT * FROM `sys_users` WHERE uuid = 'f0f71391-6d0e-418c-a601-af3dde923073' AND `sys_users`.`deleted_at` IS NULL ORDER BY `sys_users`.`id` LIMIT 1

2026/09/30 00:30:11 [32m/Users/zhaoyuedong/Desktop/生鲜项目/fresh-b2b/fresh-shop/server/service/system/sys_menu.go:227
[0m[33m[0.191ms] [34;1m[rows:52][0m SELECT `sys_base_menu_id` FROM `sys_authority_menus` WHERE sys_authority_authority_id = 888

2026/09/30 00:30:11 [32m/Users/zhaoyuedong/Desktop/生鲜项目/fresh-b2b/fresh-shop/server/service/system/sys_menu.go:232
[0m[33m[0.504ms] [34;1m[rows:1][0m SELECT * FROM `sys_base_menus` WHERE (name = 'dashboard' and id in ('1','3','4','5','6','7','8','9','10','11','12','13','14','16','17','18','19','20','21','22','24','25','26','27','28','29','30','31','32','33','34','35','36','37','38','39','40','41','42','43','44','45','46','47','48','49','50','51','100','101','102','103')) AND `sys_base_menus`.`deleted_at` IS NULL ORDER BY `sys_base_menus`.`id` LIMIT 1

2026/09/30 00:30:11 [32m/Users/zhaoyuedong/Desktop/生鲜项目/fresh-b2b/fresh-shop/server/service/common/account.go:161
[0m[33m[0.285ms] [34;1m[rows:1][0m SELECT * FROM `user_account_group` WHERE `user_account_group`.`id` = 2 AND `user_account_group`.`deleted_at` IS NULL

2026/09/30 00:30:11 [32m/Users/zhaoyuedong/Desktop/生鲜项目/fresh-b2b/fresh-shop/server/service/common/account.go:161
[0m[33m[0.739ms] [34;1m[rows:1][0m SELECT * FROM `user_account` WHERE (user_id = 1 and group_id = 2) AND `user_account`.`deleted_at` IS NULL ORDER BY `user_account`.`id` LIMIT 1
[GIN] 2026/09/30 - 00:30:11 | 200 |    3.830125ms |       127.0.0.1 | GET      "/user/getUserInfo"

2026/09/30 00:30:13 [32m/Users/zhaoyuedong/Desktop/生鲜项目/fresh-b2b/fresh-shop/server/service/business/user_delivery.go:69
[0m[33m[0.369ms] [34;1m[rows:1][0m SELECT count(*) FROM `user_delivery` WHERE `user_delivery`.`deleted_at` IS NULL

2026/09/30 00:30:13 [32m/Users/zhaoyuedong/Desktop/生鲜项目/fresh-b2b/fresh-shop/server/service/system/sys_dictionary.go:90
[0m[33m[0.263ms] [34;1m[rows:2][0m SELECT * FROM `sys_dictionary_details` WHERE `sys_dictionary_details`.`sys_dictionary_id` = 7 AND status = true AND `sys_dictionary_details`.`deleted_at` IS NULL

2026/09/30 00:30:13 [32m/Users/zhaoyuedong/Desktop/生鲜项目/fresh-b2b/fresh-shop/server/service/system/sys_dictionary.go:90
[0m[33m[0.749ms] [34;1m[rows:1][0m SELECT * FROM `sys_dictionaries` WHERE ((type = 'status' OR id = 0) and status = true) AND `sys_dictionaries`.`deleted_at` IS NULL ORDER BY `sys_dictionaries`.`id` LIMIT 1
[GIN] 2026/09/30 - 00:30:13 | 200 |     849.791µs |       127.0.0.1 | GET      "/sysDictionary/findSysDictionary?type=status"

2026/09/30 00:30:13 [32m/Users/zhaoyuedong/Desktop/生鲜项目/fresh-b2b/fresh-shop/server/service/business/user_delivery.go:84
[0m[33m[0.243ms] [34;1m[rows:0][0m SELECT * FROM `user_delivery` WHERE `user_delivery`.`deleted_at` IS NULL LIMIT 10
[GIN] 2026/09/30 - 00:30:13 | 200 |     979.458µs |       127.0.0.1 | GET      "/userDelivery/getUserDeliveryList?page=1&pageSize=10"
[GIN] 2026/09/30 - 00:30:31 | 404 |         208ns |             ::1 | GET      "/menu/getMenu"

2026/09/30 00:32:07 [32m/Users/zhaoyuedong/Desktop/生鲜项目/fresh-b2b/fresh-shop/server/service/system/sys_user.go:166
[0m[33m[0.187ms] [34;1m[rows:2][0m SELECT * FROM `sys_user_authority` WHERE `sys_user_authority`.`sys_user_id` = 1

2026/09/30 00:32:07 [32m/Users/zhaoyuedong/Desktop/生鲜项目/fresh-b2b/fresh-shop/server/service/system/sys_user.go:166
[0m[33m[0.163ms] [34;1m[rows:2][0m SELECT * FROM `sys_authorities` WHERE `sys_authorities`.`authority_id` IN (888,999)

2026/09/30 00:32:07 [32m/Users/zhaoyuedong/Desktop/生鲜项目/fresh-b2b/fresh-shop/server/service/system/sys_user.go:166
[0m[33m[0.130ms] [34;1m[rows:1][0m SELECT * FROM `sys_authorities` WHERE `sys_authorities`.`authority_id` = 888

2026/09/30 00:32:07 [32m/Users/zhaoyuedong/Desktop/生鲜项目/fresh-b2b/fresh-shop/server/service/system/sys_user.go:166
[0m[33m[1.265ms] [34;1m[rows:1][0m SELECT * FROM `sys_users` WHERE username = 'admin' AND `sys_users`.`deleted_at` IS NULL ORDER BY `sys_users`.`id` LIMIT 1
[fresh_shop/server]2026/09/30 - 00:32:07.310	[31merror[0m	/Users/zhaoyuedong/Desktop/生鲜项目/fresh-b2b/fresh-shop/server/api/v1/system/sys_user.go:59	登陆失败! 用户名不存在或者密码错误!	{"error": "用户名不存在或者密码错误"}
[GIN] 2026/09/30 - 00:32:07 | 200 |   59.930625ms |             ::1 | POST     "/base/login"
[GIN] 2026/09/30 - 00:32:07 | 404 |         166ns |             ::1 | GET      "/menu/getMenu"

2026/09/30 00:32:25 [32m/Users/zhaoyuedong/Desktop/生鲜项目/fresh-b2b/fresh-shop/server/service/system/sys_menu.go:30
[0m[33m[0.522ms] [34;1m[rows:52][0m SELECT * FROM `sys_authority_menus` WHERE sys_authority_authority_id = 888

2026/09/30 00:32:25 [32m/Users/zhaoyuedong/Desktop/生鲜项目/fresh-b2b/fresh-shop/server/service/system/sys_menu.go:41
[0m[33m[0.339ms] [34;1m[rows:2][0m SELECT * FROM `sys_base_menu_parameters` WHERE `sys_base_menu_parameters`.`sys_base_menu_id` IN (37,49,42,1,9,4,101,36,5,102,6,44,7,11,38,39,8,100,10,45,103,46,47,24,3) AND `sys_base_menu_parameters`.`deleted_at` IS NULL

2026/09/30 00:32:25 [32m/Users/zhaoyuedong/Desktop/生鲜项目/fresh-b2b/fresh-shop/server/service/system/sys_menu.go:41
[0m[33m[1.137ms] [34;1m[rows:25][0m SELECT * FROM `sys_base_menus` WHERE id in ('1','3','4','5','6','7','8','9','10','11','12','13','14','16','17','18','19','20','21','22','24','25','26','27','28','29','30','31','32','33','34','35','36','37','38','39','40','41','42','43','44','45','46','47','48','49','50','51','100','101','102','103') AND `sys_base_menus`.`deleted_at` IS NULL ORDER BY sort

2026/09/30 00:32:25 [32m/Users/zhaoyuedong/Desktop/生鲜项目/fresh-b2b/fresh-shop/server/service/system/sys_menu.go:55
[0m[33m[0.188ms] [34;1m[rows:0][0m SELECT * FROM `sys_authority_btns` WHERE authority_id = 888
[GIN] 2026/09/30 - 00:32:25 | 200 |    2.346458ms |       127.0.0.1 | POST     "/menu/getMenu"

2026/09/30 00:32:25 [32m/Users/zhaoyuedong/Desktop/生鲜项目/fresh-b2b/fresh-shop/server/service/system/sys_user.go:411
[0m[33m[0.247ms] [34;1m[rows:2][0m SELECT * FROM `sys_user_authority` WHERE `sys_user_authority`.`sys_user_id` = 1

2026/09/30 00:32:25 [32m/Users/zhaoyuedong/Desktop/生鲜项目/fresh-b2b/fresh-shop/server/service/system/sys_user.go:411
[0m[33m[0.289ms] [34;1m[rows:2][0m SELECT * FROM `sys_authorities` WHERE `sys_authorities`.`authority_id` IN (888,999)

2026/09/30 00:32:25 [32m/Users/zhaoyuedong/Desktop/生鲜项目/fresh-b2b/fresh-shop/server/service/system/sys_user.go:411
[0m[33m[0.266ms] [34;1m[rows:1][0m SELECT * FROM `sys_authorities` WHERE `sys_authorities`.`authority_id` = 888

2026/09/30 00:32:25 [32m/Users/zhaoyuedong/Desktop/生鲜项目/fresh-b2b/fresh-shop/server/service/system/sys_user.go:411
[0m[33m[1.448ms] [34;1m[rows:1][0m SELECT * FROM `sys_users` WHERE uuid = 'f0f71391-6d0e-418c-a601-af3dde923073' AND `sys_users`.`deleted_at` IS NULL ORDER BY `sys_users`.`id` LIMIT 1

2026/09/30 00:32:25 [32m/Users/zhaoyuedong/Desktop/生鲜项目/fresh-b2b/fresh-shop/server/service/system/sys_menu.go:227
[0m[33m[0.257ms] [34;1m[rows:52][0m SELECT `sys_base_menu_id` FROM `sys_authority_menus` WHERE sys_authority_authority_id = 888

2026/09/30 00:32:25 [32m/Users/zhaoyuedong/Desktop/生鲜项目/fresh-b2b/fresh-shop/server/service/system/sys_menu.go:232
[0m[33m[0.676ms] [34;1m[rows:1][0m SELECT * FROM `sys_base_menus` WHERE (name = 'dashboard' and id in ('1','3','4','5','6','7','8','9','10','11','12','13','14','16','17','18','19','20','21','22','24','25','26','27','28','29','30','31','32','33','34','35','36','37','38','39','40','41','42','43','44','45','46','47','48','49','50','51','100','101','102','103')) AND `sys_base_menus`.`deleted_at` IS NULL ORDER BY `sys_base_menus`.`id` LIMIT 1

2026/09/30 00:32:25 [32m/Users/zhaoyuedong/Desktop/生鲜项目/fresh-b2b/fresh-shop/server/service/common/account.go:161
[0m[33m[0.175ms] [34;1m[rows:1][0m SELECT * FROM `user_account_group` WHERE `user_account_group`.`id` = 2 AND `user_account_group`.`deleted_at` IS NULL

2026/09/30 00:32:25 [32m/Users/zhaoyuedong/Desktop/生鲜项目/fresh-b2b/fresh-shop/server/service/common/account.go:161
[0m[33m[0.576ms] [34;1m[rows:1][0m SELECT * FROM `user_account` WHERE (user_id = 1 and group_id = 2) AND `user_account`.`deleted_at` IS NULL ORDER BY `user_account`.`id` LIMIT 1
[GIN] 2026/09/30 - 00:32:25 | 200 |    3.308166ms |       127.0.0.1 | GET      "/user/getUserInfo"

2026/09/30 00:36:43 [32m/Users/zhaoyuedong/Desktop/生鲜项目/fresh-b2b/fresh-shop/server/service/system/sys_user.go:166
[0m[33m[0.398ms] [34;1m[rows:2][0m SELECT * FROM `sys_user_authority` WHERE `sys_user_authority`.`sys_user_id` = 1

2026/09/30 00:36:43 [32m/Users/zhaoyuedong/Desktop/生鲜项目/fresh-b2b/fresh-shop/server/service/system/sys_user.go:166
[0m[33m[0.246ms] [34;1m[rows:2][0m SELECT * FROM `sys_authorities` WHERE `sys_authorities`.`authority_id` IN (888,999)

2026/09/30 00:36:43 [32m/Users/zhaoyuedong/Desktop/生鲜项目/fresh-b2b/fresh-shop/server/service/system/sys_user.go:166
[0m[33m[0.295ms] [34;1m[rows:1][0m SELECT * FROM `sys_authorities` WHERE `sys_authorities`.`authority_id` = 888

2026/09/30 00:36:43 [32m/Users/zhaoyuedong/Desktop/生鲜项目/fresh-b2b/fresh-shop/server/service/system/sys_user.go:166
[0m[33m[2.367ms] [34;1m[rows:1][0m SELECT * FROM `sys_users` WHERE username = 'admin' AND `sys_users`.`deleted_at` IS NULL ORDER BY `sys_users`.`id` LIMIT 1
[fresh_shop/server]2026/09/30 - 00:36:43.681	[31merror[0m	/Users/zhaoyuedong/Desktop/生鲜项目/fresh-b2b/fresh-shop/server/api/v1/system/sys_user.go:59	登陆失败! 用户名不存在或者密码错误!	{"error": "用户名不存在或者密码错误"}
[GIN] 2026/09/30 - 00:36:43 | 200 |   62.573292ms |             ::1 | POST     "/base/login"

2026/09/30 00:37:07 [32m/Users/zhaoyuedong/Desktop/生鲜项目/fresh-b2b/fresh-shop/server/service/system/sys_menu.go:30
[0m[33m[1.045ms] [34;1m[rows:52][0m SELECT * FROM `sys_authority_menus` WHERE sys_authority_authority_id = 888

2026/09/30 00:37:07 [32m/Users/zhaoyuedong/Desktop/生鲜项目/fresh-b2b/fresh-shop/server/service/system/sys_menu.go:41
[0m[33m[0.862ms] [34;1m[rows:2][0m SELECT * FROM `sys_base_menu_parameters` WHERE `sys_base_menu_parameters`.`sys_base_menu_id` IN (37,49,42,1,9,4,101,36,5,102,6,44,7,11,38,39,8,100,10,45,103,46,47,24,3) AND `sys_base_menu_parameters`.`deleted_at` IS NULL

2026/09/30 00:37:07 [32m/Users/zhaoyuedong/Desktop/生鲜项目/fresh-b2b/fresh-shop/server/service/system/sys_menu.go:41
[0m[33m[2.867ms] [34;1m[rows:25][0m SELECT * FROM `sys_base_menus` WHERE id in ('1','3','4','5','6','7','8','9','10','11','12','13','14','16','17','18','19','20','21','22','24','25','26','27','28','29','30','31','32','33','34','35','36','37','38','39','40','41','42','43','44','45','46','47','48','49','50','51','100','101','102','103') AND `sys_base_menus`.`deleted_at` IS NULL ORDER BY sort

2026/09/30 00:37:07 [32m/Users/zhaoyuedong/Desktop/生鲜项目/fresh-b2b/fresh-shop/server/service/system/sys_menu.go:55
[0m[33m[0.229ms] [34;1m[rows:0][0m SELECT * FROM `sys_authority_btns` WHERE authority_id = 888
[GIN] 2026/09/30 - 00:37:07 | 200 |    4.820875ms |       127.0.0.1 | POST     "/menu/getMenu"

2026/09/30 00:37:07 [32m/Users/zhaoyuedong/Desktop/生鲜项目/fresh-b2b/fresh-shop/server/service/system/sys_user.go:411
[0m[33m[0.263ms] [34;1m[rows:2][0m SELECT * FROM `sys_user_authority` WHERE `sys_user_authority`.`sys_user_id` = 1

2026/09/30 00:37:07 [32m/Users/zhaoyuedong/Desktop/生鲜项目/fresh-b2b/fresh-shop/server/service/system/sys_user.go:411
[0m[33m[0.349ms] [34;1m[rows:2][0m SELECT * FROM `sys_authorities` WHERE `sys_authorities`.`authority_id` IN (888,999)

2026/09/30 00:37:07 [32m/Users/zhaoyuedong/Desktop/生鲜项目/fresh-b2b/fresh-shop/server/service/system/sys_user.go:411
[0m[33m[0.174ms] [34;1m[rows:1][0m SELECT * FROM `sys_authorities` WHERE `sys_authorities`.`authority_id` = 888

2026/09/30 00:37:07 [32m/Users/zhaoyuedong/Desktop/生鲜项目/fresh-b2b/fresh-shop/server/service/system/sys_user.go:411
[0m[33m[1.550ms] [34;1m[rows:1][0m SELECT * FROM `sys_users` WHERE uuid = 'f0f71391-6d0e-418c-a601-af3dde923073' AND `sys_users`.`deleted_at` IS NULL ORDER BY `sys_users`.`id` LIMIT 1

2026/09/30 00:37:07 [32m/Users/zhaoyuedong/Desktop/生鲜项目/fresh-b2b/fresh-shop/server/service/system/sys_menu.go:227
[0m[33m[0.276ms] [34;1m[rows:52][0m SELECT `sys_base_menu_id` FROM `sys_authority_menus` WHERE sys_authority_authority_id = 888

2026/09/30 00:37:07 [32m/Users/zhaoyuedong/Desktop/生鲜项目/fresh-b2b/fresh-shop/server/service/system/sys_menu.go:232
[0m[33m[0.442ms] [34;1m[rows:1][0m SELECT * FROM `sys_base_menus` WHERE (name = 'dashboard' and id in ('1','3','4','5','6','7','8','9','10','11','12','13','14','16','17','18','19','20','21','22','24','25','26','27','28','29','30','31','32','33','34','35','36','37','38','39','40','41','42','43','44','45','46','47','48','49','50','51','100','101','102','103')) AND `sys_base_menus`.`deleted_at` IS NULL ORDER BY `sys_base_menus`.`id` LIMIT 1

2026/09/30 00:37:07 [32m/Users/zhaoyuedong/Desktop/生鲜项目/fresh-b2b/fresh-shop/server/service/common/account.go:161
[0m[33m[0.594ms] [34;1m[rows:1][0m SELECT * FROM `user_account_group` WHERE `user_account_group`.`id` = 2 AND `user_account_group`.`deleted_at` IS NULL

2026/09/30 00:37:07 [32m/Users/zhaoyuedong/Desktop/生鲜项目/fresh-b2b/fresh-shop/server/service/common/account.go:161
[0m[33m[1.109ms] [34;1m[rows:1][0m SELECT * FROM `user_account` WHERE (user_id = 1 and group_id = 2) AND `user_account`.`deleted_at` IS NULL ORDER BY `user_account`.`id` LIMIT 1
[GIN] 2026/09/30 - 00:37:07 | 200 |    3.688417ms |       127.0.0.1 | GET      "/user/getUserInfo"

2026/09/30 00:37:28 [32m/Users/zhaoyuedong/Desktop/生鲜项目/fresh-b2b/fresh-shop/server/service/system/sys_user.go:280
[0m[33m[0.320ms] [34;1m[rows:1][0m SELECT count(*) FROM `sys_users` WHERE `sys_users`.`deleted_at` IS NULL

2026/09/30 00:37:28 [32m/Users/zhaoyuedong/Desktop/生鲜项目/fresh-b2b/fresh-shop/server/service/system/sys_authority.go:162
[0m[33m[1.023ms] [34;1m[rows:1][0m SELECT count(*) FROM `sys_authorities` WHERE parent_id = '0'

2026/09/30 00:37:28 [32m/Users/zhaoyuedong/Desktop/生鲜项目/fresh-b2b/fresh-shop/server/service/system/sys_user.go:297
[0m[33m[0.215ms] [34;1m[rows:3][0m SELECT * FROM `sys_user_authority` WHERE `sys_user_authority`.`sys_user_id` IN (1,86)

2026/09/30 00:37:28 [32m/Users/zhaoyuedong/Desktop/生鲜项目/fresh-b2b/fresh-shop/server/service/system/sys_authority.go:166
[0m[33m[0.240ms] [34;1m[rows:2][0m SELECT * FROM `sys_data_authority_id` WHERE `sys_data_authority_id`.`sys_authority_authority_id` IN (888,999,1000,1001)

2026/09/30 00:37:28 [32m/Users/zhaoyuedong/Desktop/生鲜项目/fresh-b2b/fresh-shop/server/service/system/sys_user.go:297
[0m[33m[0.213ms] [34;1m[rows:3][0m SELECT * FROM `sys_authorities` WHERE `sys_authorities`.`authority_id` IN (888,999,1001)

2026/09/30 00:37:28 [32m/Users/zhaoyuedong/Desktop/生鲜项目/fresh-b2b/fresh-shop/server/service/system/sys_authority.go:166
[0m[33m[0.227ms] [34;1m[rows:1][0m SELECT * FROM `sys_authorities` WHERE `sys_authorities`.`authority_id` IN (888,9528)

2026/09/30 00:37:28 [32m/Users/zhaoyuedong/Desktop/生鲜项目/fresh-b2b/fresh-shop/server/service/system/sys_authority.go:166
[0m[33m[0.852ms] [34;1m[rows:4][0m SELECT * FROM `sys_authorities` WHERE parent_id = '0' AND parent_id = '0' LIMIT 999

2026/09/30 00:37:28 [32m/Users/zhaoyuedong/Desktop/生鲜项目/fresh-b2b/fresh-shop/server/service/system/sys_user.go:297
[0m[33m[0.187ms] [34;1m[rows:2][0m SELECT * FROM `sys_authorities` WHERE `sys_authorities`.`authority_id` IN (888,1001)

2026/09/30 00:37:28 [32m/Users/zhaoyuedong/Desktop/生鲜项目/fresh-b2b/fresh-shop/server/service/system/sys_user.go:297
[0m[33m[1.128ms] [34;1m[rows:2][0m SELECT * FROM `sys_users` WHERE `sys_users`.`deleted_at` IS NULL LIMIT 10

2026/09/30 00:37:28 [32m/Users/zhaoyuedong/Desktop/生鲜项目/fresh-b2b/fresh-shop/server/service/system/sys_authority.go:217
[0m[33m[0.246ms] [34;1m[rows:0][0m SELECT * FROM `sys_authorities` WHERE parent_id = 888

2026/09/30 00:37:28 [32m/Users/zhaoyuedong/Desktop/生鲜项目/fresh-b2b/fresh-shop/server/service/system/sys_authority.go:217
[0m[33m[0.167ms] [34;1m[rows:0][0m SELECT * FROM `sys_authorities` WHERE parent_id = 999

2026/09/30 00:37:28 [32m/Users/zhaoyuedong/Desktop/生鲜项目/fresh-b2b/fresh-shop/server/service/common/account.go:176
[0m[33m[0.421ms] [34;1m[rows:1][0m SELECT `user_account`.`id`,`user_account`.`created_at`,`user_account`.`updated_at`,`user_account`.`deleted_at`,`user_account`.`user_id`,`user_account`.`group_id`,`user_account`.`amount`,`user_account`.`freeze_amount`,`user_account`.`lock_amount`,`user_account`.`in_amount`,`user_account`.`out_amount`,`user_account`.`status`,`Group`.`id` AS `Group__id`,`Group`.`created_at` AS `Group__created_at`,`Group`.`updated_at` AS `Group__updated_at`,`Group`.`deleted_at` AS `Group__deleted_at`,`Group`.`name_en` AS `Group__name_en`,`Group`.`name_cn` AS `Group__name_cn`,`Group`.`places` AS `Group__places`,`Group`.`status` AS `Group__status`,`Group`.`sync` AS `Group__sync` FROM `user_account` LEFT JOIN `user_account_group` `Group` ON `user_account`.`group_id` = `Group`.`id` AND `Group`.`deleted_at` IS NULL WHERE (Group.status = 1 and user_id = 1) AND `user_account`.`deleted_at` IS NULL

2026/09/30 00:37:28 [32m/Users/zhaoyuedong/Desktop/生鲜项目/fresh-b2b/fresh-shop/server/service/system/sys_authority.go:217
[0m[33m[0.229ms] [34;1m[rows:0][0m SELECT * FROM `sys_authorities` WHERE parent_id = 1000

2026/09/30 00:37:28 [32m/Users/zhaoyuedong/Desktop/生鲜项目/fresh-b2b/fresh-shop/server/service/system/sys_authority.go:217
[0m[33m[0.160ms] [34;1m[rows:0][0m SELECT * FROM `sys_authorities` WHERE parent_id = 1001
[GIN] 2026/09/30 - 00:37:28 | 200 |      2.9665ms |       127.0.0.1 | POST     "/authority/getAuthorityList"

2026/09/30 00:37:28 [32m/Users/zhaoyuedong/Desktop/生鲜项目/fresh-b2b/fresh-shop/server/service/common/account.go:176
[0m[33m[0.398ms] [34;1m[rows:1][0m SELECT `user_account`.`id`,`user_account`.`created_at`,`user_account`.`updated_at`,`user_account`.`deleted_at`,`user_account`.`user_id`,`user_account`.`group_id`,`user_account`.`amount`,`user_account`.`freeze_amount`,`user_account`.`lock_amount`,`user_account`.`in_amount`,`user_account`.`out_amount`,`user_account`.`status`,`Group`.`id` AS `Group__id`,`Group`.`created_at` AS `Group__created_at`,`Group`.`updated_at` AS `Group__updated_at`,`Group`.`deleted_at` AS `Group__deleted_at`,`Group`.`name_en` AS `Group__name_en`,`Group`.`name_cn` AS `Group__name_cn`,`Group`.`places` AS `Group__places`,`Group`.`status` AS `Group__status`,`Group`.`sync` AS `Group__sync` FROM `user_account` LEFT JOIN `user_account_group` `Group` ON `user_account`.`group_id` = `Group`.`id` AND `Group`.`deleted_at` IS NULL WHERE (Group.status = 1 and user_id = 86) AND `user_account`.`deleted_at` IS NULL
[GIN] 2026/09/30 - 00:37:28 | 200 |    3.345875ms |       127.0.0.1 | POST     "/user/getUserList"

2026/09/30 00:37:28 [32m/Users/zhaoyuedong/Desktop/生鲜项目/fresh-b2b/fresh-shop/server/service/system/sys_dictionary.go:90
[0m[33m[0.354ms] [34;1m[rows:5][0m SELECT * FROM `sys_dictionary_details` WHERE `sys_dictionary_details`.`sys_dictionary_id` = 22 AND status = true AND `sys_dictionary_details`.`deleted_at` IS NULL

2026/09/30 00:37:28 [32m/Users/zhaoyuedong/Desktop/生鲜项目/fresh-b2b/fresh-shop/server/service/system/sys_dictionary.go:90
[0m[33m[0.923ms] [34;1m[rows:1][0m SELECT * FROM `sys_dictionaries` WHERE ((type = 'auditStatus' OR id = 0) and status = true) AND `sys_dictionaries`.`deleted_at` IS NULL ORDER BY `sys_dictionaries`.`id` LIMIT 1
[GIN] 2026/09/30 - 00:37:28 | 200 |    1.059292ms |       127.0.0.1 | GET      "/sysDictionary/findSysDictionary?type=auditStatus"

2026/09/30 00:39:05 [32m/Users/zhaoyuedong/Desktop/生鲜项目/fresh-b2b/fresh-shop/server/service/system/sys_user.go:280
[0m[33m[0.444ms] [34;1m[rows:1][0m SELECT count(*) FROM `sys_users` WHERE `sys_users`.`deleted_at` IS NULL

2026/09/30 00:39:05 [32m/Users/zhaoyuedong/Desktop/生鲜项目/fresh-b2b/fresh-shop/server/service/system/sys_authority.go:162
[0m[33m[0.452ms] [34;1m[rows:1][0m SELECT count(*) FROM `sys_authorities` WHERE parent_id = '0'

2026/09/30 00:39:05 [32m/Users/zhaoyuedong/Desktop/生鲜项目/fresh-b2b/fresh-shop/server/service/system/sys_user.go:297
[0m[33m[0.259ms] [34;1m[rows:3][0m SELECT * FROM `sys_user_authority` WHERE `sys_user_authority`.`sys_user_id` IN (1,86)

2026/09/30 00:39:05 [32m/Users/zhaoyuedong/Desktop/生鲜项目/fresh-b2b/fresh-shop/server/service/system/sys_authority.go:166
[0m[33m[0.294ms] [34;1m[rows:2][0m SELECT * FROM `sys_data_authority_id` WHERE `sys_data_authority_id`.`sys_authority_authority_id` IN (888,999,1000,1001)

2026/09/30 00:39:05 [32m/Users/zhaoyuedong/Desktop/生鲜项目/fresh-b2b/fresh-shop/server/service/system/sys_user.go:297
[0m[33m[0.257ms] [34;1m[rows:3][0m SELECT * FROM `sys_authorities` WHERE `sys_authorities`.`authority_id` IN (888,999,1001)

2026/09/30 00:39:05 [32m/Users/zhaoyuedong/Desktop/生鲜项目/fresh-b2b/fresh-shop/server/service/system/sys_authority.go:166
[0m[33m[0.248ms] [34;1m[rows:1][0m SELECT * FROM `sys_authorities` WHERE `sys_authorities`.`authority_id` IN (888,9528)

2026/09/30 00:39:05 [32m/Users/zhaoyuedong/Desktop/生鲜项目/fresh-b2b/fresh-shop/server/service/system/sys_authority.go:166
[0m[33m[0.984ms] [34;1m[rows:4][0m SELECT * FROM `sys_authorities` WHERE parent_id = '0' AND parent_id = '0' LIMIT 999

2026/09/30 00:39:05 [32m/Users/zhaoyuedong/Desktop/生鲜项目/fresh-b2b/fresh-shop/server/service/system/sys_authority.go:217
[0m[33m[0.304ms] [34;1m[rows:0][0m SELECT * FROM `sys_authorities` WHERE parent_id = 888

2026/09/30 00:39:05 [32m/Users/zhaoyuedong/Desktop/生鲜项目/fresh-b2b/fresh-shop/server/service/system/sys_user.go:297
[0m[33m[0.387ms] [34;1m[rows:2][0m SELECT * FROM `sys_authorities` WHERE `sys_authorities`.`authority_id` IN (888,1001)

2026/09/30 00:39:05 [32m/Users/zhaoyuedong/Desktop/生鲜项目/fresh-b2b/fresh-shop/server/service/system/sys_user.go:297
[0m[33m[1.449ms] [34;1m[rows:2][0m SELECT * FROM `sys_users` WHERE `sys_users`.`deleted_at` IS NULL LIMIT 10

2026/09/30 00:39:05 [32m/Users/zhaoyuedong/Desktop/生鲜项目/fresh-b2b/fresh-shop/server/service/system/sys_authority.go:217
[0m[33m[0.179ms] [34;1m[rows:0][0m SELECT * FROM `sys_authorities` WHERE parent_id = 999

2026/09/30 00:39:05 [32m/Users/zhaoyuedong/Desktop/生鲜项目/fresh-b2b/fresh-shop/server/service/system/sys_authority.go:217
[0m[33m[0.167ms] [34;1m[rows:0][0m SELECT * FROM `sys_authorities` WHERE parent_id = 1000

2026/09/30 00:39:05 [32m/Users/zhaoyuedong/Desktop/生鲜项目/fresh-b2b/fresh-shop/server/service/common/account.go:176
[0m[33m[0.513ms] [34;1m[rows:1][0m SELECT `user_account`.`id`,`user_account`.`created_at`,`user_account`.`updated_at`,`user_account`.`deleted_at`,`user_account`.`user_id`,`user_account`.`group_id`,`user_account`.`amount`,`user_account`.`freeze_amount`,`user_account`.`lock_amount`,`user_account`.`in_amount`,`user_account`.`out_amount`,`user_account`.`status`,`Group`.`id` AS `Group__id`,`Group`.`created_at` AS `Group__created_at`,`Group`.`updated_at` AS `Group__updated_at`,`Group`.`deleted_at` AS `Group__deleted_at`,`Group`.`name_en` AS `Group__name_en`,`Group`.`name_cn` AS `Group__name_cn`,`Group`.`places` AS `Group__places`,`Group`.`status` AS `Group__status`,`Group`.`sync` AS `Group__sync` FROM `user_account` LEFT JOIN `user_account_group` `Group` ON `user_account`.`group_id` = `Group`.`id` AND `Group`.`deleted_at` IS NULL WHERE (Group.status = 1 and user_id = 1) AND `user_account`.`deleted_at` IS NULL

2026/09/30 00:39:05 [32m/Users/zhaoyuedong/Desktop/生鲜项目/fresh-b2b/fresh-shop/server/service/system/sys_authority.go:217
[0m[33m[0.289ms] [34;1m[rows:0][0m SELECT * FROM `sys_authorities` WHERE parent_id = 1001
[GIN] 2026/09/30 - 00:39:05 | 200 |    2.680125ms |       127.0.0.1 | POST     "/authority/getAuthorityList"

2026/09/30 00:39:05 [32m/Users/zhaoyuedong/Desktop/生鲜项目/fresh-b2b/fresh-shop/server/service/common/account.go:176
[0m[33m[1.636ms] [34;1m[rows:1][0m SELECT `user_account`.`id`,`user_account`.`created_at`,`user_account`.`updated_at`,`user_account`.`deleted_at`,`user_account`.`user_id`,`user_account`.`group_id`,`user_account`.`amount`,`user_account`.`freeze_amount`,`user_account`.`lock_amount`,`user_account`.`in_amount`,`user_account`.`out_amount`,`user_account`.`status`,`Group`.`id` AS `Group__id`,`Group`.`created_at` AS `Group__created_at`,`Group`.`updated_at` AS `Group__updated_at`,`Group`.`deleted_at` AS `Group__deleted_at`,`Group`.`name_en` AS `Group__name_en`,`Group`.`name_cn` AS `Group__name_cn`,`Group`.`places` AS `Group__places`,`Group`.`status` AS `Group__status`,`Group`.`sync` AS `Group__sync` FROM `user_account` LEFT JOIN `user_account_group` `Group` ON `user_account`.`group_id` = `Group`.`id` AND `Group`.`deleted_at` IS NULL WHERE (Group.status = 1 and user_id = 86) AND `user_account`.`deleted_at` IS NULL
[GIN] 2026/09/30 - 00:39:05 | 200 |    4.548042ms |       127.0.0.1 | POST     "/user/getUserList"

2026/09/30 00:39:07 [32m/Users/zhaoyuedong/Desktop/生鲜项目/fresh-b2b/fresh-shop/server/service/business/user_delivery.go:69
[0m[33m[0.955ms] [34;1m[rows:1][0m SELECT count(*) FROM `user_delivery` WHERE `user_delivery`.`deleted_at` IS NULL

2026/09/30 00:39:07 [32m/Users/zhaoyuedong/Desktop/生鲜项目/fresh-b2b/fresh-shop/server/service/business/user_delivery.go:84
[0m[33m[0.145ms] [34;1m[rows:0][0m SELECT * FROM `user_delivery` WHERE `user_delivery`.`deleted_at` IS NULL LIMIT 10
[GIN] 2026/09/30 - 00:39:07 | 200 |     1.48925ms |       127.0.0.1 | GET      "/userDelivery/getUserDeliveryList?page=1&pageSize=10"

2026/09/30 00:39:07 [32m/Users/zhaoyuedong/Desktop/生鲜项目/fresh-b2b/fresh-shop/server/service/system/sys_dictionary.go:90
[0m[33m[0.402ms] [34;1m[rows:2][0m SELECT * FROM `sys_dictionary_details` WHERE `sys_dictionary_details`.`sys_dictionary_id` = 7 AND status = true AND `sys_dictionary_details`.`deleted_at` IS NULL

2026/09/30 00:39:07 [32m/Users/zhaoyuedong/Desktop/生鲜项目/fresh-b2b/fresh-shop/server/service/system/sys_dictionary.go:90
[0m[33m[1.440ms] [34;1m[rows:1][0m SELECT * FROM `sys_dictionaries` WHERE ((type = 'status' OR id = 0) and status = true) AND `sys_dictionaries`.`deleted_at` IS NULL ORDER BY `sys_dictionaries`.`id` LIMIT 1
[GIN] 2026/09/30 - 00:39:07 | 200 |    1.652875ms |       127.0.0.1 | GET      "/sysDictionary/findSysDictionary?type=status"

2026/09/30 00:39:29 [32m/Users/zhaoyuedong/Desktop/生鲜项目/fresh-b2b/fresh-shop/server/service/shop/goods.go:1267
[0m[33m[0.853ms] [34;1m[rows:1][0m SELECT count(*) FROM `shop_goods` WHERE `shop_goods`.`deleted_at` IS NULL

2026/09/30 00:39:29 [32m/Users/zhaoyuedong/Desktop/生鲜项目/fresh-b2b/fresh-shop/server/service/system/sys_dictionary.go:90
[0m[33m[0.659ms] [34;1m[rows:2][0m SELECT * FROM `sys_dictionary_details` WHERE `sys_dictionary_details`.`sys_dictionary_id` = 13 AND status = true AND `sys_dictionary_details`.`deleted_at` IS NULL

2026/09/30 00:39:29 [32m/Users/zhaoyuedong/Desktop/生鲜项目/fresh-b2b/fresh-shop/server/service/system/sys_dictionary.go:90
[0m[33m[1.611ms] [34;1m[rows:1][0m SELECT * FROM `sys_dictionaries` WHERE ((type = 'spec_type' OR id = 0) and status = true) AND `sys_dictionaries`.`deleted_at` IS NULL ORDER BY `sys_dictionaries`.`id` LIMIT 1
[GIN] 2026/09/30 - 00:39:29 | 200 |    1.769208ms |       127.0.0.1 | GET      "/sysDictionary/findSysDictionary?type=spec_type"

2026/09/30 00:39:29 [32m/Users/zhaoyuedong/Desktop/生鲜项目/fresh-b2b/fresh-shop/server/service/shop/goods.go:1272
[0m[33m[2.441ms] [34;1m[rows:1][0m SELECT * FROM `shop_brand` WHERE `shop_brand`.`id` IN (2,0) AND `shop_brand`.`deleted_at` IS NULL

2026/09/30 00:39:29 [32m/Users/zhaoyuedong/Desktop/生鲜项目/fresh-b2b/fresh-shop/server/service/shop/goods.go:1272
[0m[33m[0.450ms] [34;1m[rows:1][0m SELECT * FROM `shop_category` WHERE `shop_category`.`id` = 38 AND `shop_category`.`deleted_at` IS NULL

2026/09/30 00:39:29 [32m/Users/zhaoyuedong/Desktop/生鲜项目/fresh-b2b/fresh-shop/server/service/system/sys_dictionary.go:90
[0m[33m[0.422ms] [34;1m[rows:2][0m SELECT * FROM `sys_dictionary_details` WHERE `sys_dictionary_details`.`sys_dictionary_id` = 11 AND status = true AND `sys_dictionary_details`.`deleted_at` IS NULL

2026/09/30 00:39:29 [32m/Users/zhaoyuedong/Desktop/生鲜项目/fresh-b2b/fresh-shop/server/service/system/sys_dictionary.go:90
[0m[33m[1.359ms] [34;1m[rows:1][0m SELECT * FROM `sys_dictionaries` WHERE ((type = 'whether' OR id = 0) and status = true) AND `sys_dictionaries`.`deleted_at` IS NULL ORDER BY `sys_dictionaries`.`id` LIMIT 1
[GIN] 2026/09/30 - 00:39:29 | 200 |    1.668208ms |       127.0.0.1 | GET      "/sysDictionary/findSysDictionary?type=whether"

2026/09/30 00:39:29 [32m/Users/zhaoyuedong/Desktop/生鲜项目/fresh-b2b/fresh-shop/server/service/shop/goods.go:1272
[0m[33m[1.931ms] [34;1m[rows:10][0m SELECT * FROM `shop_goods_description` WHERE `shop_goods_description`.`goods_id` IN (725,724,723,722,721,720,719,718,717,716) AND `shop_goods_description`.`deleted_at` IS NULL

2026/09/30 00:39:29 [32m/Users/zhaoyuedong/Desktop/生鲜项目/fresh-b2b/fresh-shop/server/service/shop/goods.go:1272
[0m[33m[0.933ms] [34;1m[rows:1][0m SELECT * FROM `shop_goods_image` WHERE `shop_goods_image`.`goods_id` IN (725,724,723,722,721,720,719,718,717,716) AND `shop_goods_image`.`deleted_at` IS NULL

2026/09/30 00:39:29 [32m/Users/zhaoyuedong/Desktop/生鲜项目/fresh-b2b/fresh-shop/server/service/shop/goods.go:1272
[0m[33m[9.565ms] [34;1m[rows:10][0m SELECT * FROM `shop_goods` WHERE `shop_goods`.`deleted_at` IS NULL ORDER BY sort asc, created_at desc,sort asc LIMIT 10

2026/09/30 00:39:29 [31;1m/Users/zhaoyuedong/Desktop/生鲜项目/fresh-b2b/fresh-shop/server/service/shop/goods.go:1277 [35;1mrecord not found
[0m[33m[1.150ms] [34;1m[rows:0][0m SELECT * FROM `shop_cart` WHERE (user_id = 1 and goods_id = 725) AND `shop_cart`.`deleted_at` IS NULL ORDER BY `shop_cart`.`id` LIMIT 1

2026/09/30 00:39:29 [31;1m/Users/zhaoyuedong/Desktop/生鲜项目/fresh-b2b/fresh-shop/server/service/shop/goods.go:1277 [35;1mrecord not found
[0m[33m[0.270ms] [34;1m[rows:0][0m SELECT * FROM `shop_cart` WHERE (user_id = 1 and goods_id = 724) AND `shop_cart`.`deleted_at` IS NULL ORDER BY `shop_cart`.`id` LIMIT 1

2026/09/30 00:39:29 [31;1m/Users/zhaoyuedong/Desktop/生鲜项目/fresh-b2b/fresh-shop/server/service/shop/goods.go:1277 [35;1mrecord not found
[0m[33m[0.179ms] [34;1m[rows:0][0m SELECT * FROM `shop_cart` WHERE (user_id = 1 and goods_id = 723) AND `shop_cart`.`deleted_at` IS NULL ORDER BY `shop_cart`.`id` LIMIT 1

2026/09/30 00:39:29 [31;1m/Users/zhaoyuedong/Desktop/生鲜项目/fresh-b2b/fresh-shop/server/service/shop/goods.go:1277 [35;1mrecord not found
[0m[33m[0.141ms] [34;1m[rows:0][0m SELECT * FROM `shop_cart` WHERE (user_id = 1 and goods_id = 722) AND `shop_cart`.`deleted_at` IS NULL ORDER BY `shop_cart`.`id` LIMIT 1

2026/09/30 00:39:29 [31;1m/Users/zhaoyuedong/Desktop/生鲜项目/fresh-b2b/fresh-shop/server/service/shop/goods.go:1277 [35;1mrecord not found
[0m[33m[0.123ms] [34;1m[rows:0][0m SELECT * FROM `shop_cart` WHERE (user_id = 1 and goods_id = 721) AND `shop_cart`.`deleted_at` IS NULL ORDER BY `shop_cart`.`id` LIMIT 1

2026/09/30 00:39:29 [31;1m/Users/zhaoyuedong/Desktop/生鲜项目/fresh-b2b/fresh-shop/server/service/shop/goods.go:1277 [35;1mrecord not found
[0m[33m[0.126ms] [34;1m[rows:0][0m SELECT * FROM `shop_cart` WHERE (user_id = 1 and goods_id = 720) AND `shop_cart`.`deleted_at` IS NULL ORDER BY `shop_cart`.`id` LIMIT 1

2026/09/30 00:39:29 [31;1m/Users/zhaoyuedong/Desktop/生鲜项目/fresh-b2b/fresh-shop/server/service/shop/goods.go:1277 [35;1mrecord not found
[0m[33m[0.124ms] [34;1m[rows:0][0m SELECT * FROM `shop_cart` WHERE (user_id = 1 and goods_id = 719) AND `shop_cart`.`deleted_at` IS NULL ORDER BY `shop_cart`.`id` LIMIT 1

2026/09/30 00:39:29 [31;1m/Users/zhaoyuedong/Desktop/生鲜项目/fresh-b2b/fresh-shop/server/service/shop/goods.go:1277 [35;1mrecord not found
[0m[33m[0.153ms] [34;1m[rows:0][0m SELECT * FROM `shop_cart` WHERE (user_id = 1 and goods_id = 718) AND `shop_cart`.`deleted_at` IS NULL ORDER BY `shop_cart`.`id` LIMIT 1

2026/09/30 00:39:29 [31;1m/Users/zhaoyuedong/Desktop/生鲜项目/fresh-b2b/fresh-shop/server/service/shop/goods.go:1277 [35;1mrecord not found
[0m[33m[0.203ms] [34;1m[rows:0][0m SELECT * FROM `shop_cart` WHERE (user_id = 1 and goods_id = 717) AND `shop_cart`.`deleted_at` IS NULL ORDER BY `shop_cart`.`id` LIMIT 1

2026/09/30 00:39:29 [31;1m/Users/zhaoyuedong/Desktop/生鲜项目/fresh-b2b/fresh-shop/server/service/shop/goods.go:1277 [35;1mrecord not found
[0m[33m[0.167ms] [34;1m[rows:0][0m SELECT * FROM `shop_cart` WHERE (user_id = 1 and goods_id = 716) AND `shop_cart`.`deleted_at` IS NULL ORDER BY `shop_cart`.`id` LIMIT 1
[GIN] 2026/09/30 - 00:39:29 | 200 |   14.038083ms |       127.0.0.1 | GET      "/goods/getGoodsList?page=1&pageSize=10"

2026/09/30 00:39:29 [32m/Users/zhaoyuedong/Desktop/生鲜项目/fresh-b2b/fresh-shop/server/service/system/sys_dictionary.go:90
[0m[33m[0.229ms] [34;1m[rows:2][0m SELECT * FROM `sys_dictionary_details` WHERE `sys_dictionary_details`.`sys_dictionary_id` = 12 AND status = true AND `sys_dictionary_details`.`deleted_at` IS NULL

2026/09/30 00:39:29 [32m/Users/zhaoyuedong/Desktop/生鲜项目/fresh-b2b/fresh-shop/server/service/system/sys_dictionary.go:90
[0m[33m[0.791ms] [34;1m[rows:1][0m SELECT * FROM `sys_dictionaries` WHERE ((type = 'goods_area' OR id = 0) and status = true) AND `sys_dictionaries`.`deleted_at` IS NULL ORDER BY `sys_dictionaries`.`id` LIMIT 1
[GIN] 2026/09/30 - 00:39:29 | 200 |     940.042µs |       127.0.0.1 | GET      "/sysDictionary/findSysDictionary?type=goods_area"

2026/09/30 00:39:29 [32m/Users/zhaoyuedong/Desktop/生鲜项目/fresh-b2b/fresh-shop/server/service/system/sys_dictionary.go:90
[0m[33m[0.609ms] [34;1m[rows:2][0m SELECT * FROM `sys_dictionary_details` WHERE `sys_dictionary_details`.`sys_dictionary_id` = 14 AND status = true AND `sys_dictionary_details`.`deleted_at` IS NULL

2026/09/30 00:39:29 [32m/Users/zhaoyuedong/Desktop/生鲜项目/fresh-b2b/fresh-shop/server/service/system/sys_dictionary.go:90
[0m[33m[1.542ms] [34;1m[rows:1][0m SELECT * FROM `sys_dictionaries` WHERE ((type = 'goods_status' OR id = 0) and status = true) AND `sys_dictionaries`.`deleted_at` IS NULL ORDER BY `sys_dictionaries`.`id` LIMIT 1
[GIN] 2026/09/30 - 00:39:29 | 200 |    1.721834ms |       127.0.0.1 | GET      "/sysDictionary/findSysDictionary?type=goods_status"

2026/09/30 00:39:40 [32m/Users/zhaoyuedong/Desktop/生鲜项目/fresh-b2b/fresh-shop/server/service/shop/category.go:63
[0m[33m[0.628ms] [34;1m[rows:1][0m SELECT count(*) FROM `shop_category` WHERE `shop_category`.`deleted_at` IS NULL

2026/09/30 00:39:40 [32m/Users/zhaoyuedong/Desktop/生鲜项目/fresh-b2b/fresh-shop/server/service/shop/category.go:68
[0m[33m[0.347ms] [34;1m[rows:0][0m SELECT * FROM `shop_brand_category` WHERE `shop_brand_category`.`category_id` IN (37,38)

2026/09/30 00:39:40 [32m/Users/zhaoyuedong/Desktop/生鲜项目/fresh-b2b/fresh-shop/server/service/shop/category.go:68
[0m[33m[0.753ms] [34;1m[rows:2][0m SELECT * FROM `shop_category` WHERE `shop_category`.`deleted_at` IS NULL ORDER BY sort asc LIMIT 20
[GIN] 2026/09/30 - 00:39:40 | 200 |    1.628959ms |       127.0.0.1 | GET      "/category/getCategoryList?page=1&pageSize=20"

2026/09/30 00:39:40 [32m/Users/zhaoyuedong/Desktop/生鲜项目/fresh-b2b/fresh-shop/server/service/shop/brand.go:96
[0m[33m[0.718ms] [34;1m[rows:98][0m SELECT * FROM `shop_brand` WHERE `shop_brand`.`deleted_at` IS NULL
[GIN] 2026/09/30 - 00:39:40 | 200 |     885.625µs |       127.0.0.1 | GET      "/brand/getBrandListAll"

2026/09/30 00:40:25 [32m/Users/zhaoyuedong/Desktop/生鲜项目/fresh-b2b/fresh-shop/server/service/shop/goods.go:1267
[0m[33m[0.545ms] [34;1m[rows:1][0m SELECT count(*) FROM `shop_goods` WHERE `shop_goods`.`deleted_at` IS NULL

2026/09/30 00:40:25 [32m/Users/zhaoyuedong/Desktop/生鲜项目/fresh-b2b/fresh-shop/server/service/shop/goods.go:1272
[0m[33m[0.438ms] [34;1m[rows:1][0m SELECT * FROM `shop_brand` WHERE `shop_brand`.`id` IN (2,0) AND `shop_brand`.`deleted_at` IS NULL

2026/09/30 00:40:25 [32m/Users/zhaoyuedong/Desktop/生鲜项目/fresh-b2b/fresh-shop/server/service/shop/goods.go:1272
[0m[33m[0.331ms] [34;1m[rows:1][0m SELECT * FROM `shop_category` WHERE `shop_category`.`id` = 38 AND `shop_category`.`deleted_at` IS NULL

2026/09/30 00:40:25 [32m/Users/zhaoyuedong/Desktop/生鲜项目/fresh-b2b/fresh-shop/server/service/shop/goods.go:1272
[0m[33m[0.501ms] [34;1m[rows:10][0m SELECT * FROM `shop_goods_description` WHERE `shop_goods_description`.`goods_id` IN (725,724,723,722,721,720,719,718,717,716) AND `shop_goods_description`.`deleted_at` IS NULL

2026/09/30 00:40:25 [32m/Users/zhaoyuedong/Desktop/生鲜项目/fresh-b2b/fresh-shop/server/service/shop/goods.go:1272
[0m[33m[0.579ms] [34;1m[rows:1][0m SELECT * FROM `shop_goods_image` WHERE `shop_goods_image`.`goods_id` IN (725,724,723,722,721,720,719,718,717,716) AND `shop_goods_image`.`deleted_at` IS NULL

2026/09/30 00:40:25 [32m/Users/zhaoyuedong/Desktop/生鲜项目/fresh-b2b/fresh-shop/server/service/shop/goods.go:1272
[0m[33m[3.401ms] [34;1m[rows:10][0m SELECT * FROM `shop_goods` WHERE `shop_goods`.`deleted_at` IS NULL ORDER BY sort asc, created_at desc,sort asc LIMIT 10

2026/09/30 00:40:25 [31;1m/Users/zhaoyuedong/Desktop/生鲜项目/fresh-b2b/fresh-shop/server/service/shop/goods.go:1277 [35;1mrecord not found
[0m[33m[0.237ms] [34;1m[rows:0][0m SELECT * FROM `shop_cart` WHERE (user_id = 1 and goods_id = 725) AND `shop_cart`.`deleted_at` IS NULL ORDER BY `shop_cart`.`id` LIMIT 1

2026/09/30 00:40:25 [31;1m/Users/zhaoyuedong/Desktop/生鲜项目/fresh-b2b/fresh-shop/server/service/shop/goods.go:1277 [35;1mrecord not found
[0m[33m[0.197ms] [34;1m[rows:0][0m SELECT * FROM `shop_cart` WHERE (user_id = 1 and goods_id = 724) AND `shop_cart`.`deleted_at` IS NULL ORDER BY `shop_cart`.`id` LIMIT 1

2026/09/30 00:40:25 [31;1m/Users/zhaoyuedong/Desktop/生鲜项目/fresh-b2b/fresh-shop/server/service/shop/goods.go:1277 [35;1mrecord not found
[0m[33m[0.178ms] [34;1m[rows:0][0m SELECT * FROM `shop_cart` WHERE (user_id = 1 and goods_id = 723) AND `shop_cart`.`deleted_at` IS NULL ORDER BY `shop_cart`.`id` LIMIT 1

2026/09/30 00:40:25 [31;1m/Users/zhaoyuedong/Desktop/生鲜项目/fresh-b2b/fresh-shop/server/service/shop/goods.go:1277 [35;1mrecord not found
[0m[33m[0.173ms] [34;1m[rows:0][0m SELECT * FROM `shop_cart` WHERE (user_id = 1 and goods_id = 722) AND `shop_cart`.`deleted_at` IS NULL ORDER BY `shop_cart`.`id` LIMIT 1

2026/09/30 00:40:25 [31;1m/Users/zhaoyuedong/Desktop/生鲜项目/fresh-b2b/fresh-shop/server/service/shop/goods.go:1277 [35;1mrecord not found
[0m[33m[0.204ms] [34;1m[rows:0][0m SELECT * FROM `shop_cart` WHERE (user_id = 1 and goods_id = 721) AND `shop_cart`.`deleted_at` IS NULL ORDER BY `shop_cart`.`id` LIMIT 1

2026/09/30 00:40:25 [31;1m/Users/zhaoyuedong/Desktop/生鲜项目/fresh-b2b/fresh-shop/server/service/shop/goods.go:1277 [35;1mrecord not found
[0m[33m[0.176ms] [34;1m[rows:0][0m SELECT * FROM `shop_cart` WHERE (user_id = 1 and goods_id = 720) AND `shop_cart`.`deleted_at` IS NULL ORDER BY `shop_cart`.`id` LIMIT 1

2026/09/30 00:40:25 [31;1m/Users/zhaoyuedong/Desktop/生鲜项目/fresh-b2b/fresh-shop/server/service/shop/goods.go:1277 [35;1mrecord not found
[0m[33m[0.176ms] [34;1m[rows:0][0m SELECT * FROM `shop_cart` WHERE (user_id = 1 and goods_id = 719) AND `shop_cart`.`deleted_at` IS NULL ORDER BY `shop_cart`.`id` LIMIT 1

2026/09/30 00:40:25 [31;1m/Users/zhaoyuedong/Desktop/生鲜项目/fresh-b2b/fresh-shop/server/service/shop/goods.go:1277 [35;1mrecord not found
[0m[33m[0.155ms] [34;1m[rows:0][0m SELECT * FROM `shop_cart` WHERE (user_id = 1 and goods_id = 718) AND `shop_cart`.`deleted_at` IS NULL ORDER BY `shop_cart`.`id` LIMIT 1

2026/09/30 00:40:25 [31;1m/Users/zhaoyuedong/Desktop/生鲜项目/fresh-b2b/fresh-shop/server/service/shop/goods.go:1277 [35;1mrecord not found
[0m[33m[0.200ms] [34;1m[rows:0][0m SELECT * FROM `shop_cart` WHERE (user_id = 1 and goods_id = 717) AND `shop_cart`.`deleted_at` IS NULL ORDER BY `shop_cart`.`id` LIMIT 1

2026/09/30 00:40:25 [31;1m/Users/zhaoyuedong/Desktop/生鲜项目/fresh-b2b/fresh-shop/server/service/shop/goods.go:1277 [35;1mrecord not found
[0m[33m[0.202ms] [34;1m[rows:0][0m SELECT * FROM `shop_cart` WHERE (user_id = 1 and goods_id = 716) AND `shop_cart`.`deleted_at` IS NULL ORDER BY `shop_cart`.`id` LIMIT 1
[GIN] 2026/09/30 - 00:40:25 | 200 |    6.540542ms |       127.0.0.1 | GET      "/goods/getGoodsList?page=1&pageSize=10"

2026/09/30 00:43:00 [32m/Users/zhaoyuedong/Desktop/生鲜项目/fresh-b2b/fresh-shop/server/service/system/sys_menu.go:30
[0m[33m[0.479ms] [34;1m[rows:52][0m SELECT * FROM `sys_authority_menus` WHERE sys_authority_authority_id = 888

2026/09/30 00:43:00 [32m/Users/zhaoyuedong/Desktop/生鲜项目/fresh-b2b/fresh-shop/server/service/system/sys_menu.go:41
[0m[33m[0.317ms] [34;1m[rows:2][0m SELECT * FROM `sys_base_menu_parameters` WHERE `sys_base_menu_parameters`.`sys_base_menu_id` IN (37,49,42,1,9,4,101,36,5,102,6,44,7,11,38,39,8,100,10,45,103,46,47,24,3) AND `sys_base_menu_parameters`.`deleted_at` IS NULL

2026/09/30 00:43:00 [32m/Users/zhaoyuedong/Desktop/生鲜项目/fresh-b2b/fresh-shop/server/service/system/sys_menu.go:41
[0m[33m[1.363ms] [34;1m[rows:25][0m SELECT * FROM `sys_base_menus` WHERE id in ('1','3','4','5','6','7','8','9','10','11','12','13','14','16','17','18','19','20','21','22','24','25','26','27','28','29','30','31','32','33','34','35','36','37','38','39','40','41','42','43','44','45','46','47','48','49','50','51','100','101','102','103') AND `sys_base_menus`.`deleted_at` IS NULL ORDER BY sort

2026/09/30 00:43:00 [32m/Users/zhaoyuedong/Desktop/生鲜项目/fresh-b2b/fresh-shop/server/service/system/sys_menu.go:55
[0m[33m[0.293ms] [34;1m[rows:0][0m SELECT * FROM `sys_authority_btns` WHERE authority_id = 888
[GIN] 2026/09/30 - 00:43:00 | 200 |    2.548209ms |       127.0.0.1 | POST     "/menu/getMenu"

2026/09/30 00:43:00 [32m/Users/zhaoyuedong/Desktop/生鲜项目/fresh-b2b/fresh-shop/server/service/system/sys_user.go:411
[0m[33m[0.260ms] [34;1m[rows:2][0m SELECT * FROM `sys_user_authority` WHERE `sys_user_authority`.`sys_user_id` = 1

2026/09/30 00:43:00 [32m/Users/zhaoyuedong/Desktop/生鲜项目/fresh-b2b/fresh-shop/server/service/system/sys_user.go:411
[0m[33m[0.226ms] [34;1m[rows:2][0m SELECT * FROM `sys_authorities` WHERE `sys_authorities`.`authority_id` IN (888,999)

2026/09/30 00:43:00 [32m/Users/zhaoyuedong/Desktop/生鲜项目/fresh-b2b/fresh-shop/server/service/system/sys_user.go:411
[0m[33m[0.156ms] [34;1m[rows:1][0m SELECT * FROM `sys_authorities` WHERE `sys_authorities`.`authority_id` = 888

2026/09/30 00:43:00 [32m/Users/zhaoyuedong/Desktop/生鲜项目/fresh-b2b/fresh-shop/server/service/system/sys_user.go:411
[0m[33m[1.368ms] [34;1m[rows:1][0m SELECT * FROM `sys_users` WHERE uuid = 'f0f71391-6d0e-418c-a601-af3dde923073' AND `sys_users`.`deleted_at` IS NULL ORDER BY `sys_users`.`id` LIMIT 1

2026/09/30 00:43:00 [32m/Users/zhaoyuedong/Desktop/生鲜项目/fresh-b2b/fresh-shop/server/service/system/sys_menu.go:227
[0m[33m[0.297ms] [34;1m[rows:52][0m SELECT `sys_base_menu_id` FROM `sys_authority_menus` WHERE sys_authority_authority_id = 888

2026/09/30 00:43:00 [32m/Users/zhaoyuedong/Desktop/生鲜项目/fresh-b2b/fresh-shop/server/service/system/sys_menu.go:232
[0m[33m[0.564ms] [34;1m[rows:1][0m SELECT * FROM `sys_base_menus` WHERE (name = 'dashboard' and id in ('1','3','4','5','6','7','8','9','10','11','12','13','14','16','17','18','19','20','21','22','24','25','26','27','28','29','30','31','32','33','34','35','36','37','38','39','40','41','42','43','44','45','46','47','48','49','50','51','100','101','102','103')) AND `sys_base_menus`.`deleted_at` IS NULL ORDER BY `sys_base_menus`.`id` LIMIT 1

2026/09/30 00:43:00 [32m/Users/zhaoyuedong/Desktop/生鲜项目/fresh-b2b/fresh-shop/server/service/common/account.go:161
[0m[33m[0.304ms] [34;1m[rows:1][0m SELECT * FROM `user_account_group` WHERE `user_account_group`.`id` = 2 AND `user_account_group`.`deleted_at` IS NULL

2026/09/30 00:43:00 [32m/Users/zhaoyuedong/Desktop/生鲜项目/fresh-b2b/fresh-shop/server/service/common/account.go:161
[0m[33m[0.656ms] [34;1m[rows:1][0m SELECT * FROM `user_account` WHERE (user_id = 1 and group_id = 2) AND `user_account`.`deleted_at` IS NULL ORDER BY `user_account`.`id` LIMIT 1
[GIN] 2026/09/30 - 00:43:00 | 200 |    3.201542ms |       127.0.0.1 | GET      "/user/getUserInfo"

2026/09/30 00:43:00 [32m/Users/zhaoyuedong/Desktop/生鲜项目/fresh-b2b/fresh-shop/server/service/system/sys_user.go:280
[0m[33m[0.453ms] [34;1m[rows:1][0m SELECT count(*) FROM `sys_users` WHERE audit_status = 0 AND `sys_users`.`deleted_at` IS NULL

2026/09/30 00:43:00 [32m/Users/zhaoyuedong/Desktop/生鲜项目/fresh-b2b/fresh-shop/server/service/system/sys_user.go:297
[0m[33m[0.382ms] [34;1m[rows:2][0m SELECT * FROM `sys_user_authority` WHERE `sys_user_authority`.`sys_user_id` = 1

2026/09/30 00:43:00 [32m/Users/zhaoyuedong/Desktop/生鲜项目/fresh-b2b/fresh-shop/server/service/system/sys_user.go:297
[0m[33m[0.467ms] [34;1m[rows:2][0m SELECT * FROM `sys_authorities` WHERE `sys_authorities`.`authority_id` IN (888,999)

2026/09/30 00:43:00 [32m/Users/zhaoyuedong/Desktop/生鲜项目/fresh-b2b/fresh-shop/server/service/system/sys_user.go:297
[0m[33m[0.208ms] [34;1m[rows:1][0m SELECT * FROM `sys_authorities` WHERE `sys_authorities`.`authority_id` = 888

2026/09/30 00:43:00 [32m/Users/zhaoyuedong/Desktop/生鲜项目/fresh-b2b/fresh-shop/server/service/system/sys_user.go:297
[0m[33m[1.424ms] [34;1m[rows:1][0m SELECT * FROM `sys_users` WHERE audit_status = 0 AND `sys_users`.`deleted_at` IS NULL LIMIT 10

2026/09/30 00:43:00 [32m/Users/zhaoyuedong/Desktop/生鲜项目/fresh-b2b/fresh-shop/server/service/common/account.go:176
[0m[33m[0.345ms] [34;1m[rows:1][0m SELECT `user_account`.`id`,`user_account`.`created_at`,`user_account`.`updated_at`,`user_account`.`deleted_at`,`user_account`.`user_id`,`user_account`.`group_id`,`user_account`.`amount`,`user_account`.`freeze_amount`,`user_account`.`lock_amount`,`user_account`.`in_amount`,`user_account`.`out_amount`,`user_account`.`status`,`Group`.`id` AS `Group__id`,`Group`.`created_at` AS `Group__created_at`,`Group`.`updated_at` AS `Group__updated_at`,`Group`.`deleted_at` AS `Group__deleted_at`,`Group`.`name_en` AS `Group__name_en`,`Group`.`name_cn` AS `Group__name_cn`,`Group`.`places` AS `Group__places`,`Group`.`status` AS `Group__status`,`Group`.`sync` AS `Group__sync` FROM `user_account` LEFT JOIN `user_account_group` `Group` ON `user_account`.`group_id` = `Group`.`id` AND `Group`.`deleted_at` IS NULL WHERE (Group.status = 1 and user_id = 1) AND `user_account`.`deleted_at` IS NULL
[GIN] 2026/09/30 - 00:43:00 | 200 |    2.390291ms |       127.0.0.1 | POST     "/user/getUserList"

2026/09/30 00:43:07 [32m/Users/zhaoyuedong/Desktop/生鲜项目/fresh-b2b/fresh-shop/server/service/shop/category.go:63
[0m[33m[0.383ms] [34;1m[rows:1][0m SELECT count(*) FROM `shop_category` WHERE `shop_category`.`deleted_at` IS NULL

2026/09/30 00:43:07 [32m/Users/zhaoyuedong/Desktop/生鲜项目/fresh-b2b/fresh-shop/server/service/shop/category.go:68
[0m[33m[0.287ms] [34;1m[rows:0][0m SELECT * FROM `shop_brand_category` WHERE `shop_brand_category`.`category_id` IN (37,38)

2026/09/30 00:43:07 [32m/Users/zhaoyuedong/Desktop/生鲜项目/fresh-b2b/fresh-shop/server/service/shop/category.go:68
[0m[33m[0.618ms] [34;1m[rows:2][0m SELECT * FROM `shop_category` WHERE `shop_category`.`deleted_at` IS NULL ORDER BY sort asc LIMIT 20
[GIN] 2026/09/30 - 00:43:07 | 200 |    1.162625ms |       127.0.0.1 | GET      "/category/getCategoryList?page=1&pageSize=20"

2026/09/30 00:43:07 [32m/Users/zhaoyuedong/Desktop/生鲜项目/fresh-b2b/fresh-shop/server/service/system/sys_dictionary.go:90
[0m[33m[0.566ms] [34;1m[rows:2][0m SELECT * FROM `sys_dictionary_details` WHERE `sys_dictionary_details`.`sys_dictionary_id` = 11 AND status = true AND `sys_dictionary_details`.`deleted_at` IS NULL

2026/09/30 00:43:07 [32m/Users/zhaoyuedong/Desktop/生鲜项目/fresh-b2b/fresh-shop/server/service/system/sys_dictionary.go:90
[0m[33m[1.125ms] [34;1m[rows:1][0m SELECT * FROM `sys_dictionaries` WHERE ((type = 'whether' OR id = 0) and status = true) AND `sys_dictionaries`.`deleted_at` IS NULL ORDER BY `sys_dictionaries`.`id` LIMIT 1
[GIN] 2026/09/30 - 00:43:07 | 200 |    1.288625ms |       127.0.0.1 | GET      "/sysDictionary/findSysDictionary?type=whether"

2026/09/30 00:43:07 [32m/Users/zhaoyuedong/Desktop/生鲜项目/fresh-b2b/fresh-shop/server/service/shop/brand.go:96
[0m[33m[1.408ms] [34;1m[rows:98][0m SELECT * FROM `shop_brand` WHERE `shop_brand`.`deleted_at` IS NULL
[GIN] 2026/09/30 - 00:43:07 | 200 |    1.769042ms |       127.0.0.1 | GET      "/brand/getBrandListAll"

2026/09/30 00:43:10 [32m/Users/zhaoyuedong/Desktop/生鲜项目/fresh-b2b/fresh-shop/server/service/system/sys_user.go:280
[0m[33m[0.622ms] [34;1m[rows:1][0m SELECT count(*) FROM `sys_users` WHERE audit_status = 0 AND `sys_users`.`deleted_at` IS NULL

2026/09/30 00:43:10 [32m/Users/zhaoyuedong/Desktop/生鲜项目/fresh-b2b/fresh-shop/server/service/system/sys_user.go:297
[0m[33m[0.467ms] [34;1m[rows:2][0m SELECT * FROM `sys_user_authority` WHERE `sys_user_authority`.`sys_user_id` = 1

2026/09/30 00:43:10 [32m/Users/zhaoyuedong/Desktop/生鲜项目/fresh-b2b/fresh-shop/server/service/system/sys_user.go:297
[0m[33m[0.408ms] [34;1m[rows:2][0m SELECT * FROM `sys_authorities` WHERE `sys_authorities`.`authority_id` IN (888,999)

2026/09/30 00:43:10 [32m/Users/zhaoyuedong/Desktop/生鲜项目/fresh-b2b/fresh-shop/server/service/system/sys_user.go:297
[0m[33m[0.313ms] [34;1m[rows:1][0m SELECT * FROM `sys_authorities` WHERE `sys_authorities`.`authority_id` = 888

2026/09/30 00:43:10 [32m/Users/zhaoyuedong/Desktop/生鲜项目/fresh-b2b/fresh-shop/server/service/system/sys_user.go:297
[0m[33m[1.790ms] [34;1m[rows:1][0m SELECT * FROM `sys_users` WHERE audit_status = 0 AND `sys_users`.`deleted_at` IS NULL LIMIT 10

2026/09/30 00:43:10 [32m/Users/zhaoyuedong/Desktop/生鲜项目/fresh-b2b/fresh-shop/server/service/common/account.go:176
[0m[33m[0.383ms] [34;1m[rows:1][0m SELECT `user_account`.`id`,`user_account`.`created_at`,`user_account`.`updated_at`,`user_account`.`deleted_at`,`user_account`.`user_id`,`user_account`.`group_id`,`user_account`.`amount`,`user_account`.`freeze_amount`,`user_account`.`lock_amount`,`user_account`.`in_amount`,`user_account`.`out_amount`,`user_account`.`status`,`Group`.`id` AS `Group__id`,`Group`.`created_at` AS `Group__created_at`,`Group`.`updated_at` AS `Group__updated_at`,`Group`.`deleted_at` AS `Group__deleted_at`,`Group`.`name_en` AS `Group__name_en`,`Group`.`name_cn` AS `Group__name_cn`,`Group`.`places` AS `Group__places`,`Group`.`status` AS `Group__status`,`Group`.`sync` AS `Group__sync` FROM `user_account` LEFT JOIN `user_account_group` `Group` ON `user_account`.`group_id` = `Group`.`id` AND `Group`.`deleted_at` IS NULL WHERE (Group.status = 1 and user_id = 1) AND `user_account`.`deleted_at` IS NULL
[GIN] 2026/09/30 - 00:43:10 | 200 |    3.149791ms |       127.0.0.1 | POST     "/user/getUserList"

2026/09/30 00:43:12 [32m/Users/zhaoyuedong/Desktop/生鲜项目/fresh-b2b/fresh-shop/server/service/system/sys_user.go:280
[0m[33m[0.571ms] [34;1m[rows:1][0m SELECT count(*) FROM `sys_users` WHERE `sys_users`.`deleted_at` IS NULL

2026/09/30 00:43:12 [32m/Users/zhaoyuedong/Desktop/生鲜项目/fresh-b2b/fresh-shop/server/service/system/sys_authority.go:162
[0m[33m[0.504ms] [34;1m[rows:1][0m SELECT count(*) FROM `sys_authorities` WHERE parent_id = '0'

2026/09/30 00:43:12 [32m/Users/zhaoyuedong/Desktop/生鲜项目/fresh-b2b/fresh-shop/server/service/system/sys_user.go:297
[0m[33m[0.426ms] [34;1m[rows:3][0m SELECT * FROM `sys_user_authority` WHERE `sys_user_authority`.`sys_user_id` IN (1,86)

2026/09/30 00:43:12 [32m/Users/zhaoyuedong/Desktop/生鲜项目/fresh-b2b/fresh-shop/server/service/system/sys_authority.go:166
[0m[33m[0.498ms] [34;1m[rows:2][0m SELECT * FROM `sys_data_authority_id` WHERE `sys_data_authority_id`.`sys_authority_authority_id` IN (888,999,1000,1001)

2026/09/30 00:43:12 [32m/Users/zhaoyuedong/Desktop/生鲜项目/fresh-b2b/fresh-shop/server/service/system/sys_user.go:297
[0m[33m[0.467ms] [34;1m[rows:3][0m SELECT * FROM `sys_authorities` WHERE `sys_authorities`.`authority_id` IN (888,999,1001)

2026/09/30 00:43:12 [32m/Users/zhaoyuedong/Desktop/生鲜项目/fresh-b2b/fresh-shop/server/service/system/sys_authority.go:166
[0m[33m[0.506ms] [34;1m[rows:1][0m SELECT * FROM `sys_authorities` WHERE `sys_authorities`.`authority_id` IN (888,9528)

2026/09/30 00:43:12 [32m/Users/zhaoyuedong/Desktop/生鲜项目/fresh-b2b/fresh-shop/server/service/system/sys_authority.go:166
[0m[33m[1.730ms] [34;1m[rows:4][0m SELECT * FROM `sys_authorities` WHERE parent_id = '0' AND parent_id = '0' LIMIT 999

2026/09/30 00:43:12 [32m/Users/zhaoyuedong/Desktop/生鲜项目/fresh-b2b/fresh-shop/server/service/system/sys_user.go:297
[0m[33m[0.362ms] [34;1m[rows:2][0m SELECT * FROM `sys_authorities` WHERE `sys_authorities`.`authority_id` IN (888,1001)

2026/09/30 00:43:12 [32m/Users/zhaoyuedong/Desktop/生鲜项目/fresh-b2b/fresh-shop/server/service/system/sys_user.go:297
[0m[33m[2.057ms] [34;1m[rows:2][0m SELECT * FROM `sys_users` WHERE `sys_users`.`deleted_at` IS NULL LIMIT 10

2026/09/30 00:43:12 [32m/Users/zhaoyuedong/Desktop/生鲜项目/fresh-b2b/fresh-shop/server/service/system/sys_authority.go:217
[0m[33m[0.325ms] [34;1m[rows:0][0m SELECT * FROM `sys_authorities` WHERE parent_id = 888

2026/09/30 00:43:12 [32m/Users/zhaoyuedong/Desktop/生鲜项目/fresh-b2b/fresh-shop/server/service/system/sys_authority.go:217
[0m[33m[0.266ms] [34;1m[rows:0][0m SELECT * FROM `sys_authorities` WHERE parent_id = 999

2026/09/30 00:43:12 [32m/Users/zhaoyuedong/Desktop/生鲜项目/fresh-b2b/fresh-shop/server/service/common/account.go:176
[0m[33m[0.549ms] [34;1m[rows:1][0m SELECT `user_account`.`id`,`user_account`.`created_at`,`user_account`.`updated_at`,`user_account`.`deleted_at`,`user_account`.`user_id`,`user_account`.`group_id`,`user_account`.`amount`,`user_account`.`freeze_amount`,`user_account`.`lock_amount`,`user_account`.`in_amount`,`user_account`.`out_amount`,`user_account`.`status`,`Group`.`id` AS `Group__id`,`Group`.`created_at` AS `Group__created_at`,`Group`.`updated_at` AS `Group__updated_at`,`Group`.`deleted_at` AS `Group__deleted_at`,`Group`.`name_en` AS `Group__name_en`,`Group`.`name_cn` AS `Group__name_cn`,`Group`.`places` AS `Group__places`,`Group`.`status` AS `Group__status`,`Group`.`sync` AS `Group__sync` FROM `user_account` LEFT JOIN `user_account_group` `Group` ON `user_account`.`group_id` = `Group`.`id` AND `Group`.`deleted_at` IS NULL WHERE (Group.status = 1 and user_id = 1) AND `user_account`.`deleted_at` IS NULL

2026/09/30 00:43:12 [32m/Users/zhaoyuedong/Desktop/生鲜项目/fresh-b2b/fresh-shop/server/service/system/sys_authority.go:217
[0m[33m[0.335ms] [34;1m[rows:0][0m SELECT * FROM `sys_authorities` WHERE parent_id = 1000

2026/09/30 00:43:12 [32m/Users/zhaoyuedong/Desktop/生鲜项目/fresh-b2b/fresh-shop/server/service/system/sys_authority.go:217
[0m[33m[0.150ms] [34;1m[rows:0][0m SELECT * FROM `sys_authorities` WHERE parent_id = 1001
[GIN] 2026/09/30 - 00:43:12 | 200 |     3.75925ms |       127.0.0.1 | POST     "/authority/getAuthorityList"

2026/09/30 00:43:12 [32m/Users/zhaoyuedong/Desktop/生鲜项目/fresh-b2b/fresh-shop/server/service/common/account.go:176
[0m[33m[0.495ms] [34;1m[rows:1][0m SELECT `user_account`.`id`,`user_account`.`created_at`,`user_account`.`updated_at`,`user_account`.`deleted_at`,`user_account`.`user_id`,`user_account`.`group_id`,`user_account`.`amount`,`user_account`.`freeze_amount`,`user_account`.`lock_amount`,`user_account`.`in_amount`,`user_account`.`out_amount`,`user_account`.`status`,`Group`.`id` AS `Group__id`,`Group`.`created_at` AS `Group__created_at`,`Group`.`updated_at` AS `Group__updated_at`,`Group`.`deleted_at` AS `Group__deleted_at`,`Group`.`name_en` AS `Group__name_en`,`Group`.`name_cn` AS `Group__name_cn`,`Group`.`places` AS `Group__places`,`Group`.`status` AS `Group__status`,`Group`.`sync` AS `Group__sync` FROM `user_account` LEFT JOIN `user_account_group` `Group` ON `user_account`.`group_id` = `Group`.`id` AND `Group`.`deleted_at` IS NULL WHERE (Group.status = 1 and user_id = 86) AND `user_account`.`deleted_at` IS NULL
[GIN] 2026/09/30 - 00:43:12 | 200 |    4.194833ms |       127.0.0.1 | POST     "/user/getUserList"

2026/09/30 00:43:12 [32m/Users/zhaoyuedong/Desktop/生鲜项目/fresh-b2b/fresh-shop/server/service/system/sys_dictionary.go:90
[0m[33m[0.389ms] [34;1m[rows:5][0m SELECT * FROM `sys_dictionary_details` WHERE `sys_dictionary_details`.`sys_dictionary_id` = 22 AND status = true AND `sys_dictionary_details`.`deleted_at` IS NULL

2026/09/30 00:43:12 [32m/Users/zhaoyuedong/Desktop/生鲜项目/fresh-b2b/fresh-shop/server/service/system/sys_dictionary.go:90
[0m[33m[0.953ms] [34;1m[rows:1][0m SELECT * FROM `sys_dictionaries` WHERE ((type = 'auditStatus' OR id = 0) and status = true) AND `sys_dictionaries`.`deleted_at` IS NULL ORDER BY `sys_dictionaries`.`id` LIMIT 1
[GIN] 2026/09/30 - 00:43:12 | 200 |    1.085125ms |       127.0.0.1 | GET      "/sysDictionary/findSysDictionary?type=auditStatus"

2026/09/30 00:43:17 [32m/Users/zhaoyuedong/Desktop/生鲜项目/fresh-b2b/fresh-shop/server/service/system/sys_user.go:280
[0m[33m[0.892ms] [34;1m[rows:1][0m SELECT count(*) FROM `sys_users` WHERE audit_status = 0 AND `sys_users`.`deleted_at` IS NULL

2026/09/30 00:43:17 [32m/Users/zhaoyuedong/Desktop/生鲜项目/fresh-b2b/fresh-shop/server/service/system/sys_user.go:297
[0m[33m[0.271ms] [34;1m[rows:2][0m SELECT * FROM `sys_user_authority` WHERE `sys_user_authority`.`sys_user_id` = 1

2026/09/30 00:43:17 [32m/Users/zhaoyuedong/Desktop/生鲜项目/fresh-b2b/fresh-shop/server/service/system/sys_user.go:297
[0m[33m[0.400ms] [34;1m[rows:2][0m SELECT * FROM `sys_authorities` WHERE `sys_authorities`.`authority_id` IN (888,999)

2026/09/30 00:43:17 [32m/Users/zhaoyuedong/Desktop/生鲜项目/fresh-b2b/fresh-shop/server/service/system/sys_user.go:297
[0m[33m[0.157ms] [34;1m[rows:1][0m SELECT * FROM `sys_authorities` WHERE `sys_authorities`.`authority_id` = 888

2026/09/30 00:43:17 [32m/Users/zhaoyuedong/Desktop/生鲜项目/fresh-b2b/fresh-shop/server/service/system/sys_user.go:297
[0m[33m[1.601ms] [34;1m[rows:1][0m SELECT * FROM `sys_users` WHERE audit_status = 0 AND `sys_users`.`deleted_at` IS NULL LIMIT 10

2026/09/30 00:43:17 [32m/Users/zhaoyuedong/Desktop/生鲜项目/fresh-b2b/fresh-shop/server/service/common/account.go:176
[0m[33m[0.477ms] [34;1m[rows:1][0m SELECT `user_account`.`id`,`user_account`.`created_at`,`user_account`.`updated_at`,`user_account`.`deleted_at`,`user_account`.`user_id`,`user_account`.`group_id`,`user_account`.`amount`,`user_account`.`freeze_amount`,`user_account`.`lock_amount`,`user_account`.`in_amount`,`user_account`.`out_amount`,`user_account`.`status`,`Group`.`id` AS `Group__id`,`Group`.`created_at` AS `Group__created_at`,`Group`.`updated_at` AS `Group__updated_at`,`Group`.`deleted_at` AS `Group__deleted_at`,`Group`.`name_en` AS `Group__name_en`,`Group`.`name_cn` AS `Group__name_cn`,`Group`.`places` AS `Group__places`,`Group`.`status` AS `Group__status`,`Group`.`sync` AS `Group__sync` FROM `user_account` LEFT JOIN `user_account_group` `Group` ON `user_account`.`group_id` = `Group`.`id` AND `Group`.`deleted_at` IS NULL WHERE (Group.status = 1 and user_id = 1) AND `user_account`.`deleted_at` IS NULL
[GIN] 2026/09/30 - 00:43:17 | 200 |    3.466875ms |       127.0.0.1 | POST     "/user/getUserList"

2026/09/30 00:43:21 [32m/Users/zhaoyuedong/Desktop/生鲜项目/fresh-b2b/fresh-shop/server/service/system/sys_user.go:373
[0m[33m[2.381ms] [34;1m[rows:1][0m UPDATE `sys_users` SET `audit_remark`='',`audit_status`=1,`change_contact_name`='',`change_customer_name`='',`email`='',`enable`=0,`header_img`='',`nick_name`='',`origin_contact_name`='',`origin_customer_name`='',`phone`='',`updated_at`='2026-09-30 00:43:21.663' WHERE id=1 AND `sys_users`.`deleted_at` IS NULL

2026/09/30 00:43:21 [32m/Users/zhaoyuedong/Desktop/生鲜项目/fresh-b2b/fresh-shop/server/service/system/sys_operation_record.go:19
[0m[33m[1.856ms] [34;1m[rows:1][0m INSERT INTO `sys_operation_records` (`created_at`,`updated_at`,`deleted_at`,`ip`,`method`,`path`,`status`,`latency`,`agent`,`error_message`,`body`,`resp`,`user_id`) VALUES ('2026-09-30 00:43:21.666','2026-09-30 00:43:21.666',NULL,'127.0.0.1','PUT','/user/setUserInfo',200,2681709,'Mozilla/5.0 (Macintosh; Intel Mac OS X 10_15_7) AppleWebKit/537.36 (KHTML, like Gecko) Chrome/151.0.0.0 Safari/537.36','','{"id":1,"auditStatus":1}','{"code":0,"data":{},"msg":"设置成功"}',1)
[GIN] 2026/09/30 - 00:43:21 | 200 |    4.914208ms |       127.0.0.1 | PUT      "/user/setUserInfo"

2026/09/30 00:43:21 [32m/Users/zhaoyuedong/Desktop/生鲜项目/fresh-b2b/fresh-shop/server/service/system/sys_user.go:280
[0m[33m[0.727ms] [34;1m[rows:1][0m SELECT count(*) FROM `sys_users` WHERE audit_status = 0 AND `sys_users`.`deleted_at` IS NULL

2026/09/30 00:43:21 [32m/Users/zhaoyuedong/Desktop/生鲜项目/fresh-b2b/fresh-shop/server/service/system/sys_user.go:297
[0m[33m[0.866ms] [34;1m[rows:0][0m SELECT * FROM `sys_users` WHERE audit_status = 0 AND `sys_users`.`deleted_at` IS NULL LIMIT 10
[GIN] 2026/09/30 - 00:43:21 | 200 |    2.073417ms |       127.0.0.1 | POST     "/user/getUserList"

2026/09/30 00:43:24 [32m/Users/zhaoyuedong/Desktop/生鲜项目/fresh-b2b/fresh-shop/server/service/system/sys_user.go:280
[0m[33m[0.285ms] [34;1m[rows:1][0m SELECT count(*) FROM `sys_users` WHERE `sys_users`.`deleted_at` IS NULL

2026/09/30 00:43:24 [32m/Users/zhaoyuedong/Desktop/生鲜项目/fresh-b2b/fresh-shop/server/service/system/sys_authority.go:162
[0m[33m[0.329ms] [34;1m[rows:1][0m SELECT count(*) FROM `sys_authorities` WHERE parent_id = '0'

2026/09/30 00:43:24 [32m/Users/zhaoyuedong/Desktop/生鲜项目/fresh-b2b/fresh-shop/server/service/system/sys_user.go:297
[0m[33m[0.194ms] [34;1m[rows:3][0m SELECT * FROM `sys_user_authority` WHERE `sys_user_authority`.`sys_user_id` IN (1,86)

2026/09/30 00:43:24 [32m/Users/zhaoyuedong/Desktop/生鲜项目/fresh-b2b/fresh-shop/server/service/system/sys_authority.go:166
[0m[33m[0.244ms] [34;1m[rows:2][0m SELECT * FROM `sys_data_authority_id` WHERE `sys_data_authority_id`.`sys_authority_authority_id` IN (888,999,1000,1001)

2026/09/30 00:43:24 [32m/Users/zhaoyuedong/Desktop/生鲜项目/fresh-b2b/fresh-shop/server/service/system/sys_user.go:297
[0m[33m[0.225ms] [34;1m[rows:3][0m SELECT * FROM `sys_authorities` WHERE `sys_authorities`.`authority_id` IN (888,999,1001)

2026/09/30 00:43:24 [32m/Users/zhaoyuedong/Desktop/生鲜项目/fresh-b2b/fresh-shop/server/service/system/sys_authority.go:166
[0m[33m[0.242ms] [34;1m[rows:1][0m SELECT * FROM `sys_authorities` WHERE `sys_authorities`.`authority_id` IN (888,9528)

2026/09/30 00:43:24 [32m/Users/zhaoyuedong/Desktop/生鲜项目/fresh-b2b/fresh-shop/server/service/system/sys_authority.go:166
[0m[33m[0.893ms] [34;1m[rows:4][0m SELECT * FROM `sys_authorities` WHERE parent_id = '0' AND parent_id = '0' LIMIT 999

2026/09/30 00:43:24 [32m/Users/zhaoyuedong/Desktop/生鲜项目/fresh-b2b/fresh-shop/server/service/system/sys_user.go:297
[0m[33m[0.190ms] [34;1m[rows:2][0m SELECT * FROM `sys_authorities` WHERE `sys_authorities`.`authority_id` IN (888,1001)

2026/09/30 00:43:24 [32m/Users/zhaoyuedong/Desktop/生鲜项目/fresh-b2b/fresh-shop/server/service/system/sys_user.go:297
[0m[33m[1.113ms] [34;1m[rows:2][0m SELECT * FROM `sys_users` WHERE `sys_users`.`deleted_at` IS NULL LIMIT 10

2026/09/30 00:43:24 [32m/Users/zhaoyuedong/Desktop/生鲜项目/fresh-b2b/fresh-shop/server/service/system/sys_authority.go:217
[0m[33m[0.205ms] [34;1m[rows:0][0m SELECT * FROM `sys_authorities` WHERE parent_id = 888

2026/09/30 00:43:24 [32m/Users/zhaoyuedong/Desktop/生鲜项目/fresh-b2b/fresh-shop/server/service/system/sys_authority.go:217
[0m[33m[0.185ms] [34;1m[rows:0][0m SELECT * FROM `sys_authorities` WHERE parent_id = 999

2026/09/30 00:43:24 [32m/Users/zhaoyuedong/Desktop/生鲜项目/fresh-b2b/fresh-shop/server/service/common/account.go:176
[0m[33m[0.369ms] [34;1m[rows:1][0m SELECT `user_account`.`id`,`user_account`.`created_at`,`user_account`.`updated_at`,`user_account`.`deleted_at`,`user_account`.`user_id`,`user_account`.`group_id`,`user_account`.`amount`,`user_account`.`freeze_amount`,`user_account`.`lock_amount`,`user_account`.`in_amount`,`user_account`.`out_amount`,`user_account`.`status`,`Group`.`id` AS `Group__id`,`Group`.`created_at` AS `Group__created_at`,`Group`.`updated_at` AS `Group__updated_at`,`Group`.`deleted_at` AS `Group__deleted_at`,`Group`.`name_en` AS `Group__name_en`,`Group`.`name_cn` AS `Group__name_cn`,`Group`.`places` AS `Group__places`,`Group`.`status` AS `Group__status`,`Group`.`sync` AS `Group__sync` FROM `user_account` LEFT JOIN `user_account_group` `Group` ON `user_account`.`group_id` = `Group`.`id` AND `Group`.`deleted_at` IS NULL WHERE (Group.status = 1 and user_id = 1) AND `user_account`.`deleted_at` IS NULL

2026/09/30 00:43:24 [32m/Users/zhaoyuedong/Desktop/生鲜项目/fresh-b2b/fresh-shop/server/service/system/sys_authority.go:217
[0m[33m[0.245ms] [34;1m[rows:0][0m SELECT * FROM `sys_authorities` WHERE parent_id = 1000

2026/09/30 00:43:24 [32m/Users/zhaoyuedong/Desktop/生鲜项目/fresh-b2b/fresh-shop/server/service/system/sys_authority.go:217
[0m[33m[0.171ms] [34;1m[rows:0][0m SELECT * FROM `sys_authorities` WHERE parent_id = 1001

2026/09/30 00:43:24 [32m/Users/zhaoyuedong/Desktop/生鲜项目/fresh-b2b/fresh-shop/server/service/common/account.go:176
[0m[33m[0.343ms] [34;1m[rows:1][0m SELECT `user_account`.`id`,`user_account`.`created_at`,`user_account`.`updated_at`,`user_account`.`deleted_at`,`user_account`.`user_id`,`user_account`.`group_id`,`user_account`.`amount`,`user_account`.`freeze_amount`,`user_account`.`lock_amount`,`user_account`.`in_amount`,`user_account`.`out_amount`,`user_account`.`status`,`Group`.`id` AS `Group__id`,`Group`.`created_at` AS `Group__created_at`,`Group`.`updated_at` AS `Group__updated_at`,`Group`.`deleted_at` AS `Group__deleted_at`,`Group`.`name_en` AS `Group__name_en`,`Group`.`name_cn` AS `Group__name_cn`,`Group`.`places` AS `Group__places`,`Group`.`status` AS `Group__status`,`Group`.`sync` AS `Group__sync` FROM `user_account` LEFT JOIN `user_account_group` `Group` ON `user_account`.`group_id` = `Group`.`id` AND `Group`.`deleted_at` IS NULL WHERE (Group.status = 1 and user_id = 86) AND `user_account`.`deleted_at` IS NULL
[GIN] 2026/09/30 - 00:43:24 | 200 |    2.256625ms |       127.0.0.1 | POST     "/authority/getAuthorityList"
[GIN] 2026/09/30 - 00:43:24 | 200 |    2.433125ms |       127.0.0.1 | POST     "/user/getUserList"

2026/09/30 00:43:24 [32m/Users/zhaoyuedong/Desktop/生鲜项目/fresh-b2b/fresh-shop/server/service/system/sys_user.go:324
[0m[33m[0.737ms] [34;1m[rows:2][0m DELETE FROM `sys_user_authority` WHERE sys_user_id = 1

2026/09/30 00:43:24 [32m/Users/zhaoyuedong/Desktop/生鲜项目/fresh-b2b/fresh-shop/server/service/system/sys_user.go:334
[0m[33m[0.416ms] [34;1m[rows:2][0m INSERT INTO `sys_user_authority` (`sys_user_id`,`sys_authority_authority_id`) VALUES (1,888),(1,999)

2026/09/30 00:43:24 [32m/Users/zhaoyuedong/Desktop/生鲜项目/fresh-b2b/fresh-shop/server/service/system/sys_user.go:338
[0m[33m[4.646ms] [34;1m[rows:1][0m SELECT * FROM `sys_users` WHERE id = 1 AND `sys_users`.`deleted_at` IS NULL ORDER BY `sys_users`.`id` LIMIT 1

2026/09/30 00:43:24 [32m/Users/zhaoyuedong/Desktop/生鲜项目/fresh-b2b/fresh-shop/server/service/system/sys_user.go:338
[0m[33m[1.233ms] [34;1m[rows:1][0m UPDATE `sys_users` SET `authority_id`=888,`updated_at`='2026-09-30 00:43:24.676' WHERE id = 1 AND `sys_users`.`deleted_at` IS NULL AND `id` = 1 ORDER BY `sys_users`.`id` LIMIT 1

2026/09/30 00:43:24 [32m/Users/zhaoyuedong/Desktop/生鲜项目/fresh-b2b/fresh-shop/server/service/system/sys_user.go:373
[0m[33m[1.679ms] [34;1m[rows:1][0m UPDATE `sys_users` SET `audit_remark`='',`audit_status`=1,`change_contact_name`='',`change_customer_name`='',`email`='',`enable`=2,`header_img`='',`nick_name`='',`origin_contact_name`='',`origin_customer_name`='',`phone`='',`updated_at`='2026-09-30 00:43:24.677' WHERE id=1 AND `sys_users`.`deleted_at` IS NULL

2026/09/30 00:43:24 [32m/Users/zhaoyuedong/Desktop/生鲜项目/fresh-b2b/fresh-shop/server/service/system/sys_operation_record.go:19
[0m[33m[1.146ms] [34;1m[rows:1][0m INSERT INTO `sys_operation_records` (`created_at`,`updated_at`,`deleted_at`,`ip`,`method`,`path`,`status`,`latency`,`agent`,`error_message`,`body`,`resp`,`user_id`) VALUES ('2026-09-30 00:43:24.679','2026-09-30 00:43:24.679',NULL,'127.0.0.1','PUT','/user/setUserInfo',200,10787500,'Mozilla/5.0 (Macintosh; Intel Mac OS X 10_15_7) AppleWebKit/537.36 (KHTML, like Gecko) Chrome/151.0.0.0 Safari/537.36','','{"ID":1,"CreatedAt":"2023-03-09T12:33:18.717+08:00","UpdatedAt":"2026-09-30T00:43:21.663+08:00","uuid":"f0f71391-6d0e-418c-a601-af3dde923073","openId":"","userName":"admin","invitationCode":"","nickName":"","sex":0,"sideMode":"dark","headerImg":"","baseColor":"#fff","activeColor":"#1890ff","authorityId":888,"authority":{"CreatedAt":"2023-03-09T12:33:14.697+08:00","UpdatedAt":"2024-08-22T12:18:03.059+08:00","DeletedAt":null,"authorityId":888,"authorityName":"超级管理员","parentId":0,"dataAuthorityId":null,"children":null,"menus":null,"defaultRouter":"dashboard"},"authorities":[{"CreatedAt":"2023-03-09T12:33:14.697+08:00","UpdatedAt":"2024-08-22T12:18:03.059+08:00","DeletedAt":null,"authorityId":888,"authorityName":"超级管理员","parentId":0,"dataAuthorityId":null,"children":null,"menus":null,"defaultRouter":"dashboard"},{"CreatedAt":"2023-03-11T13:26:08.401+08:00","UpdatedAt":"2024-08-22T12:18:17.445+08:00","DeletedAt":null,"authorityId":999,"authorityName":"管理员","parentId":0,"dataAuthorityId":null,"children":null,"menus":null,"defaultRouter":"dashboard"}],"phone":"","email":"","enable":2,"loginIp":"::1","loginTime":"2026-09-23T22:35:45.309+08:00","originContactName":"","changeContactName":"","originCustomerName":"","changeCustomerName":"","auditStatus":1,"auditRemark":"","applyTime":"2023-05-28T21:35:11+08:00","companyId":0,"account":[{"ID":3,"CreatedAt":"2023-03-14T13:44:24.571+08:00","UpdatedAt":"2023-03-16T11:38:34.522+08:00","userId":1,"groupId":2,"amount":1727,"freezeAmount":0,"lockAmount":0,"inAmount":1927,"outAmount":200,"status":1,"user":{"ID":0,"CreatedAt":"0001-01-01T00:00:00Z","UpdatedAt":"0001-01-01T00:00:00Z","uuid":"00000000-0000-0000-0000-000000000000","openId":"","userName":"","invitationCode":"","nickName":"","sex":0,"sideMode":"","headerImg":"","baseColor":"","activeColor":"","authorityId":0,"authority":{"CreatedAt":"0001-01-01T00:00:00Z","UpdatedAt":"0001-01-01T00:00:00Z","DeletedAt":null,"authorityId":0,"authorityName":"","parentId":null,"dataAuthorityId":null,"children":null,"menus":null,"defaultRouter":""},"authorities":null,"phone":"","email":"","enable":0,"loginIp":"","loginTime":"0001-01-01T00:00:00Z","originContactName":"","changeContactName":"","originCustomerName":"","changeCustomerName":"","auditStatus":0,"auditRemark":"","applyTime":"0001-01-01T00:00:00Z","companyId":0,"account":null},"group":{"ID":2,"CreatedAt":"2023-03-14T13:58:29.359+08:00","UpdatedAt":"2023-03-14T14:47:04.886+08:00","nameEn":"point","nameCn":"积分","places":4,"status":1,"sync":2}}],"authorityIds":[888,999]}','{"code":0,"data":{},"msg":"设置成功"}',1)
[GIN] 2026/09/30 - 00:43:24 | 200 |     12.2045ms |       127.0.0.1 | PUT      "/user/setUserInfo"

2026/09/30 00:43:24 [32m/Users/zhaoyuedong/Desktop/生鲜项目/fresh-b2b/fresh-shop/server/service/system/sys_user.go:280
[0m[33m[0.581ms] [34;1m[rows:1][0m SELECT count(*) FROM `sys_users` WHERE `sys_users`.`deleted_at` IS NULL

2026/09/30 00:43:24 [32m/Users/zhaoyuedong/Desktop/生鲜项目/fresh-b2b/fresh-shop/server/service/system/sys_user.go:297
[0m[33m[0.462ms] [34;1m[rows:3][0m SELECT * FROM `sys_user_authority` WHERE `sys_user_authority`.`sys_user_id` IN (1,86)

2026/09/30 00:43:24 [32m/Users/zhaoyuedong/Desktop/生鲜项目/fresh-b2b/fresh-shop/server/service/system/sys_user.go:297
[0m[33m[0.496ms] [34;1m[rows:3][0m SELECT * FROM `sys_authorities` WHERE `sys_authorities`.`authority_id` IN (888,999,1001)

2026/09/30 00:43:24 [32m/Users/zhaoyuedong/Desktop/生鲜项目/fresh-b2b/fresh-shop/server/service/system/sys_user.go:297
[0m[33m[0.403ms] [34;1m[rows:2][0m SELECT * FROM `sys_authorities` WHERE `sys_authorities`.`authority_id` IN (888,1001)

2026/09/30 00:43:24 [32m/Users/zhaoyuedong/Desktop/生鲜项目/fresh-b2b/fresh-shop/server/service/system/sys_user.go:297
[0m[33m[2.295ms] [34;1m[rows:2][0m SELECT * FROM `sys_users` WHERE `sys_users`.`deleted_at` IS NULL LIMIT 10

2026/09/30 00:43:24 [32m/Users/zhaoyuedong/Desktop/生鲜项目/fresh-b2b/fresh-shop/server/service/common/account.go:176
[0m[33m[0.593ms] [34;1m[rows:1][0m SELECT `user_account`.`id`,`user_account`.`created_at`,`user_account`.`updated_at`,`user_account`.`deleted_at`,`user_account`.`user_id`,`user_account`.`group_id`,`user_account`.`amount`,`user_account`.`freeze_amount`,`user_account`.`lock_amount`,`user_account`.`in_amount`,`user_account`.`out_amount`,`user_account`.`status`,`Group`.`id` AS `Group__id`,`Group`.`created_at` AS `Group__created_at`,`Group`.`updated_at` AS `Group__updated_at`,`Group`.`deleted_at` AS `Group__deleted_at`,`Group`.`name_en` AS `Group__name_en`,`Group`.`name_cn` AS `Group__name_cn`,`Group`.`places` AS `Group__places`,`Group`.`status` AS `Group__status`,`Group`.`sync` AS `Group__sync` FROM `user_account` LEFT JOIN `user_account_group` `Group` ON `user_account`.`group_id` = `Group`.`id` AND `Group`.`deleted_at` IS NULL WHERE (Group.status = 1 and user_id = 1) AND `user_account`.`deleted_at` IS NULL

2026/09/30 00:43:24 [32m/Users/zhaoyuedong/Desktop/生鲜项目/fresh-b2b/fresh-shop/server/service/common/account.go:176
[0m[33m[0.423ms] [34;1m[rows:1][0m SELECT `user_account`.`id`,`user_account`.`created_at`,`user_account`.`updated_at`,`user_account`.`deleted_at`,`user_account`.`user_id`,`user_account`.`group_id`,`user_account`.`amount`,`user_account`.`freeze_amount`,`user_account`.`lock_amount`,`user_account`.`in_amount`,`user_account`.`out_amount`,`user_account`.`status`,`Group`.`id` AS `Group__id`,`Group`.`created_at` AS `Group__created_at`,`Group`.`updated_at` AS `Group__updated_at`,`Group`.`deleted_at` AS `Group__deleted_at`,`Group`.`name_en` AS `Group__name_en`,`Group`.`name_cn` AS `Group__name_cn`,`Group`.`places` AS `Group__places`,`Group`.`status` AS `Group__status`,`Group`.`sync` AS `Group__sync` FROM `user_account` LEFT JOIN `user_account_group` `Group` ON `user_account`.`group_id` = `Group`.`id` AND `Group`.`deleted_at` IS NULL WHERE (Group.status = 1 and user_id = 86) AND `user_account`.`deleted_at` IS NULL
[GIN] 2026/09/30 - 00:43:24 | 200 |    4.480708ms |       127.0.0.1 | POST     "/user/getUserList"

2026/09/30 00:43:25 [32m/Users/zhaoyuedong/Desktop/生鲜项目/fresh-b2b/fresh-shop/server/service/system/sys_menu.go:30
[0m[33m[0.452ms] [34;1m[rows:52][0m SELECT * FROM `sys_authority_menus` WHERE sys_authority_authority_id = 888

2026/09/30 00:43:25 [32m/Users/zhaoyuedong/Desktop/生鲜项目/fresh-b2b/fresh-shop/server/service/system/sys_menu.go:41
[0m[33m[0.359ms] [34;1m[rows:2][0m SELECT * FROM `sys_base_menu_parameters` WHERE `sys_base_menu_parameters`.`sys_base_menu_id` IN (37,49,42,1,9,4,101,36,5,102,6,44,7,11,38,39,8,100,10,45,103,46,47,24,3) AND `sys_base_menu_parameters`.`deleted_at` IS NULL

2026/09/30 00:43:25 [32m/Users/zhaoyuedong/Desktop/生鲜项目/fresh-b2b/fresh-shop/server/service/system/sys_menu.go:41
[0m[33m[1.497ms] [34;1m[rows:25][0m SELECT * FROM `sys_base_menus` WHERE id in ('1','3','4','5','6','7','8','9','10','11','12','13','14','16','17','18','19','20','21','22','24','25','26','27','28','29','30','31','32','33','34','35','36','37','38','39','40','41','42','43','44','45','46','47','48','49','50','51','100','101','102','103') AND `sys_base_menus`.`deleted_at` IS NULL ORDER BY sort

2026/09/30 00:43:25 [32m/Users/zhaoyuedong/Desktop/生鲜项目/fresh-b2b/fresh-shop/server/service/system/sys_menu.go:55
[0m[33m[0.227ms] [34;1m[rows:0][0m SELECT * FROM `sys_authority_btns` WHERE authority_id = 888
[GIN] 2026/09/30 - 00:43:25 | 200 |    2.509916ms |       127.0.0.1 | POST     "/menu/getMenu"

2026/09/30 00:43:25 [32m/Users/zhaoyuedong/Desktop/生鲜项目/fresh-b2b/fresh-shop/server/service/system/sys_user.go:411
[0m[33m[0.265ms] [34;1m[rows:2][0m SELECT * FROM `sys_user_authority` WHERE `sys_user_authority`.`sys_user_id` = 1

2026/09/30 00:43:25 [32m/Users/zhaoyuedong/Desktop/生鲜项目/fresh-b2b/fresh-shop/server/service/system/sys_user.go:411
[0m[33m[0.249ms] [34;1m[rows:2][0m SELECT * FROM `sys_authorities` WHERE `sys_authorities`.`authority_id` IN (888,999)

2026/09/30 00:43:25 [32m/Users/zhaoyuedong/Desktop/生鲜项目/fresh-b2b/fresh-shop/server/service/system/sys_user.go:411
[0m[33m[0.234ms] [34;1m[rows:1][0m SELECT * FROM `sys_authorities` WHERE `sys_authorities`.`authority_id` = 888

2026/09/30 00:43:25 [32m/Users/zhaoyuedong/Desktop/生鲜项目/fresh-b2b/fresh-shop/server/service/system/sys_user.go:411
[0m[33m[1.509ms] [34;1m[rows:1][0m SELECT * FROM `sys_users` WHERE uuid = 'f0f71391-6d0e-418c-a601-af3dde923073' AND `sys_users`.`deleted_at` IS NULL ORDER BY `sys_users`.`id` LIMIT 1

2026/09/30 00:43:25 [32m/Users/zhaoyuedong/Desktop/生鲜项目/fresh-b2b/fresh-shop/server/service/system/sys_menu.go:227
[0m[33m[0.320ms] [34;1m[rows:52][0m SELECT `sys_base_menu_id` FROM `sys_authority_menus` WHERE sys_authority_authority_id = 888

2026/09/30 00:43:25 [32m/Users/zhaoyuedong/Desktop/生鲜项目/fresh-b2b/fresh-shop/server/service/system/sys_menu.go:232
[0m[33m[0.568ms] [34;1m[rows:1][0m SELECT * FROM `sys_base_menus` WHERE (name = 'dashboard' and id in ('1','3','4','5','6','7','8','9','10','11','12','13','14','16','17','18','19','20','21','22','24','25','26','27','28','29','30','31','32','33','34','35','36','37','38','39','40','41','42','43','44','45','46','47','48','49','50','51','100','101','102','103')) AND `sys_base_menus`.`deleted_at` IS NULL ORDER BY `sys_base_menus`.`id` LIMIT 1

2026/09/30 00:43:25 [32m/Users/zhaoyuedong/Desktop/生鲜项目/fresh-b2b/fresh-shop/server/service/common/account.go:161
[0m[33m[0.206ms] [34;1m[rows:1][0m SELECT * FROM `user_account_group` WHERE `user_account_group`.`id` = 2 AND `user_account_group`.`deleted_at` IS NULL

2026/09/30 00:43:25 [32m/Users/zhaoyuedong/Desktop/生鲜项目/fresh-b2b/fresh-shop/server/service/common/account.go:161
[0m[33m[0.548ms] [34;1m[rows:1][0m SELECT * FROM `user_account` WHERE (user_id = 1 and group_id = 2) AND `user_account`.`deleted_at` IS NULL ORDER BY `user_account`.`id` LIMIT 1
[GIN] 2026/09/30 - 00:43:25 | 200 |    3.265459ms |       127.0.0.1 | GET      "/user/getUserInfo"

2026/09/30 00:43:25 [32m/Users/zhaoyuedong/Desktop/生鲜项目/fresh-b2b/fresh-shop/server/service/system/sys_user.go:280
[0m[33m[0.371ms] [34;1m[rows:1][0m SELECT count(*) FROM `sys_users` WHERE `sys_users`.`deleted_at` IS NULL

2026/09/30 00:43:25 [32m/Users/zhaoyuedong/Desktop/生鲜项目/fresh-b2b/fresh-shop/server/service/system/sys_authority.go:162
[0m[33m[0.379ms] [34;1m[rows:1][0m SELECT count(*) FROM `sys_authorities` WHERE parent_id = '0'

2026/09/30 00:43:25 [32m/Users/zhaoyuedong/Desktop/生鲜项目/fresh-b2b/fresh-shop/server/service/system/sys_user.go:297
[0m[33m[0.205ms] [34;1m[rows:3][0m SELECT * FROM `sys_user_authority` WHERE `sys_user_authority`.`sys_user_id` IN (1,86)

2026/09/30 00:43:25 [32m/Users/zhaoyuedong/Desktop/生鲜项目/fresh-b2b/fresh-shop/server/service/system/sys_authority.go:166
[0m[33m[0.252ms] [34;1m[rows:2][0m SELECT * FROM `sys_data_authority_id` WHERE `sys_data_authority_id`.`sys_authority_authority_id` IN (888,999,1000,1001)

2026/09/30 00:43:25 [32m/Users/zhaoyuedong/Desktop/生鲜项目/fresh-b2b/fresh-shop/server/service/system/sys_user.go:297
[0m[33m[0.173ms] [34;1m[rows:3][0m SELECT * FROM `sys_authorities` WHERE `sys_authorities`.`authority_id` IN (888,999,1001)

2026/09/30 00:43:25 [32m/Users/zhaoyuedong/Desktop/生鲜项目/fresh-b2b/fresh-shop/server/service/system/sys_authority.go:166
[0m[33m[0.138ms] [34;1m[rows:1][0m SELECT * FROM `sys_authorities` WHERE `sys_authorities`.`authority_id` IN (888,9528)

2026/09/30 00:43:25 [32m/Users/zhaoyuedong/Desktop/生鲜项目/fresh-b2b/fresh-shop/server/service/system/sys_authority.go:166
[0m[33m[0.763ms] [34;1m[rows:4][0m SELECT * FROM `sys_authorities` WHERE parent_id = '0' AND parent_id = '0' LIMIT 999

2026/09/30 00:43:25 [32m/Users/zhaoyuedong/Desktop/生鲜项目/fresh-b2b/fresh-shop/server/service/system/sys_user.go:297
[0m[33m[0.144ms] [34;1m[rows:2][0m SELECT * FROM `sys_authorities` WHERE `sys_authorities`.`authority_id` IN (888,1001)

2026/09/30 00:43:25 [32m/Users/zhaoyuedong/Desktop/生鲜项目/fresh-b2b/fresh-shop/server/service/system/sys_user.go:297
[0m[33m[1.001ms] [34;1m[rows:2][0m SELECT * FROM `sys_users` WHERE `sys_users`.`deleted_at` IS NULL LIMIT 10

2026/09/30 00:43:25 [32m/Users/zhaoyuedong/Desktop/生鲜项目/fresh-b2b/fresh-shop/server/service/system/sys_authority.go:217
[0m[33m[0.227ms] [34;1m[rows:0][0m SELECT * FROM `sys_authorities` WHERE parent_id = 888

2026/09/30 00:43:25 [32m/Users/zhaoyuedong/Desktop/生鲜项目/fresh-b2b/fresh-shop/server/service/system/sys_authority.go:217
[0m[33m[0.170ms] [34;1m[rows:0][0m SELECT * FROM `sys_authorities` WHERE parent_id = 999

2026/09/30 00:43:25 [32m/Users/zhaoyuedong/Desktop/生鲜项目/fresh-b2b/fresh-shop/server/service/common/account.go:176
[0m[33m[0.455ms] [34;1m[rows:1][0m SELECT `user_account`.`id`,`user_account`.`created_at`,`user_account`.`updated_at`,`user_account`.`deleted_at`,`user_account`.`user_id`,`user_account`.`group_id`,`user_account`.`amount`,`user_account`.`freeze_amount`,`user_account`.`lock_amount`,`user_account`.`in_amount`,`user_account`.`out_amount`,`user_account`.`status`,`Group`.`id` AS `Group__id`,`Group`.`created_at` AS `Group__created_at`,`Group`.`updated_at` AS `Group__updated_at`,`Group`.`deleted_at` AS `Group__deleted_at`,`Group`.`name_en` AS `Group__name_en`,`Group`.`name_cn` AS `Group__name_cn`,`Group`.`places` AS `Group__places`,`Group`.`status` AS `Group__status`,`Group`.`sync` AS `Group__sync` FROM `user_account` LEFT JOIN `user_account_group` `Group` ON `user_account`.`group_id` = `Group`.`id` AND `Group`.`deleted_at` IS NULL WHERE (Group.status = 1 and user_id = 1) AND `user_account`.`deleted_at` IS NULL

2026/09/30 00:43:25 [32m/Users/zhaoyuedong/Desktop/生鲜项目/fresh-b2b/fresh-shop/server/service/system/sys_authority.go:217
[0m[33m[0.254ms] [34;1m[rows:0][0m SELECT * FROM `sys_authorities` WHERE parent_id = 1000

2026/09/30 00:43:25 [32m/Users/zhaoyuedong/Desktop/生鲜项目/fresh-b2b/fresh-shop/server/service/system/sys_authority.go:217
[0m[33m[0.129ms] [34;1m[rows:0][0m SELECT * FROM `sys_authorities` WHERE parent_id = 1001
[GIN] 2026/09/30 - 00:43:25 | 200 |    2.147167ms |       127.0.0.1 | POST     "/authority/getAuthorityList"

2026/09/30 00:43:25 [32m/Users/zhaoyuedong/Desktop/生鲜项目/fresh-b2b/fresh-shop/server/service/common/account.go:176
[0m[33m[0.315ms] [34;1m[rows:1][0m SELECT `user_account`.`id`,`user_account`.`created_at`,`user_account`.`updated_at`,`user_account`.`deleted_at`,`user_account`.`user_id`,`user_account`.`group_id`,`user_account`.`amount`,`user_account`.`freeze_amount`,`user_account`.`lock_amount`,`user_account`.`in_amount`,`user_account`.`out_amount`,`user_account`.`status`,`Group`.`id` AS `Group__id`,`Group`.`created_at` AS `Group__created_at`,`Group`.`updated_at` AS `Group__updated_at`,`Group`.`deleted_at` AS `Group__deleted_at`,`Group`.`name_en` AS `Group__name_en`,`Group`.`name_cn` AS `Group__name_cn`,`Group`.`places` AS `Group__places`,`Group`.`status` AS `Group__status`,`Group`.`sync` AS `Group__sync` FROM `user_account` LEFT JOIN `user_account_group` `Group` ON `user_account`.`group_id` = `Group`.`id` AND `Group`.`deleted_at` IS NULL WHERE (Group.status = 1 and user_id = 86) AND `user_account`.`deleted_at` IS NULL
[GIN] 2026/09/30 - 00:43:25 | 200 |    2.456375ms |       127.0.0.1 | POST     "/user/getUserList"

2026/09/30 00:43:25 [32m/Users/zhaoyuedong/Desktop/生鲜项目/fresh-b2b/fresh-shop/server/service/system/sys_dictionary.go:90
[0m[33m[0.337ms] [34;1m[rows:5][0m SELECT * FROM `sys_dictionary_details` WHERE `sys_dictionary_details`.`sys_dictionary_id` = 22 AND status = true AND `sys_dictionary_details`.`deleted_at` IS NULL

2026/09/30 00:43:25 [32m/Users/zhaoyuedong/Desktop/生鲜项目/fresh-b2b/fresh-shop/server/service/system/sys_dictionary.go:90
[0m[33m[0.948ms] [34;1m[rows:1][0m SELECT * FROM `sys_dictionaries` WHERE ((type = 'auditStatus' OR id = 0) and status = true) AND `sys_dictionaries`.`deleted_at` IS NULL ORDER BY `sys_dictionaries`.`id` LIMIT 1
[GIN] 2026/09/30 - 00:43:25 | 200 |    1.105167ms |       127.0.0.1 | GET      "/sysDictionary/findSysDictionary?type=auditStatus"

2026/09/30 00:43:27 [32m/Users/zhaoyuedong/Desktop/生鲜项目/fresh-b2b/fresh-shop/server/service/system/sys_user.go:280
[0m[33m[0.804ms] [34;1m[rows:1][0m SELECT count(*) FROM `sys_users` WHERE audit_status = 0 AND `sys_users`.`deleted_at` IS NULL

2026/09/30 00:43:27 [32m/Users/zhaoyuedong/Desktop/生鲜项目/fresh-b2b/fresh-shop/server/service/system/sys_user.go:297
[0m[33m[1.500ms] [34;1m[rows:0][0m SELECT * FROM `sys_users` WHERE audit_status = 0 AND `sys_users`.`deleted_at` IS NULL LIMIT 10
[GIN] 2026/09/30 - 00:43:27 | 200 |    2.678875ms |       127.0.0.1 | POST     "/user/getUserList"

2026/09/30 00:43:28 [32m/Users/zhaoyuedong/Desktop/生鲜项目/fresh-b2b/fresh-shop/server/service/system/sys_menu.go:30
[0m[33m[0.607ms] [34;1m[rows:52][0m SELECT * FROM `sys_authority_menus` WHERE sys_authority_authority_id = 888

2026/09/30 00:43:28 [32m/Users/zhaoyuedong/Desktop/生鲜项目/fresh-b2b/fresh-shop/server/service/system/sys_menu.go:41
[0m[33m[0.278ms] [34;1m[rows:2][0m SELECT * FROM `sys_base_menu_parameters` WHERE `sys_base_menu_parameters`.`sys_base_menu_id` IN (37,49,42,1,9,4,101,36,5,102,6,44,7,11,38,39,8,100,10,45,103,46,47,24,3) AND `sys_base_menu_parameters`.`deleted_at` IS NULL

2026/09/30 00:43:28 [32m/Users/zhaoyuedong/Desktop/生鲜项目/fresh-b2b/fresh-shop/server/service/system/sys_menu.go:41
[0m[33m[1.642ms] [34;1m[rows:25][0m SELECT * FROM `sys_base_menus` WHERE id in ('1','3','4','5','6','7','8','9','10','11','12','13','14','16','17','18','19','20','21','22','24','25','26','27','28','29','30','31','32','33','34','35','36','37','38','39','40','41','42','43','44','45','46','47','48','49','50','51','100','101','102','103') AND `sys_base_menus`.`deleted_at` IS NULL ORDER BY sort

2026/09/30 00:43:28 [32m/Users/zhaoyuedong/Desktop/生鲜项目/fresh-b2b/fresh-shop/server/service/system/sys_menu.go:55
[0m[33m[0.409ms] [34;1m[rows:0][0m SELECT * FROM `sys_authority_btns` WHERE authority_id = 888
[GIN] 2026/09/30 - 00:43:28 | 200 |     3.21575ms |       127.0.0.1 | POST     "/menu/getMenu"

2026/09/30 00:43:28 [32m/Users/zhaoyuedong/Desktop/生鲜项目/fresh-b2b/fresh-shop/server/service/system/sys_user.go:411
[0m[33m[0.214ms] [34;1m[rows:2][0m SELECT * FROM `sys_user_authority` WHERE `sys_user_authority`.`sys_user_id` = 1

2026/09/30 00:43:28 [32m/Users/zhaoyuedong/Desktop/生鲜项目/fresh-b2b/fresh-shop/server/service/system/sys_user.go:411
[0m[33m[0.233ms] [34;1m[rows:2][0m SELECT * FROM `sys_authorities` WHERE `sys_authorities`.`authority_id` IN (888,999)

2026/09/30 00:43:28 [32m/Users/zhaoyuedong/Desktop/生鲜项目/fresh-b2b/fresh-shop/server/service/system/sys_user.go:411
[0m[33m[0.248ms] [34;1m[rows:1][0m SELECT * FROM `sys_authorities` WHERE `sys_authorities`.`authority_id` = 888

2026/09/30 00:43:28 [32m/Users/zhaoyuedong/Desktop/生鲜项目/fresh-b2b/fresh-shop/server/service/system/sys_user.go:411
[0m[33m[1.460ms] [34;1m[rows:1][0m SELECT * FROM `sys_users` WHERE uuid = 'f0f71391-6d0e-418c-a601-af3dde923073' AND `sys_users`.`deleted_at` IS NULL ORDER BY `sys_users`.`id` LIMIT 1

2026/09/30 00:43:28 [32m/Users/zhaoyuedong/Desktop/生鲜项目/fresh-b2b/fresh-shop/server/service/system/sys_menu.go:227
[0m[33m[0.247ms] [34;1m[rows:52][0m SELECT `sys_base_menu_id` FROM `sys_authority_menus` WHERE sys_authority_authority_id = 888

2026/09/30 00:43:28 [32m/Users/zhaoyuedong/Desktop/生鲜项目/fresh-b2b/fresh-shop/server/service/system/sys_menu.go:232
[0m[33m[0.500ms] [34;1m[rows:1][0m SELECT * FROM `sys_base_menus` WHERE (name = 'dashboard' and id in ('1','3','4','5','6','7','8','9','10','11','12','13','14','16','17','18','19','20','21','22','24','25','26','27','28','29','30','31','32','33','34','35','36','37','38','39','40','41','42','43','44','45','46','47','48','49','50','51','100','101','102','103')) AND `sys_base_menus`.`deleted_at` IS NULL ORDER BY `sys_base_menus`.`id` LIMIT 1

2026/09/30 00:43:28 [32m/Users/zhaoyuedong/Desktop/生鲜项目/fresh-b2b/fresh-shop/server/service/common/account.go:161
[0m[33m[0.201ms] [34;1m[rows:1][0m SELECT * FROM `user_account_group` WHERE `user_account_group`.`id` = 2 AND `user_account_group`.`deleted_at` IS NULL

2026/09/30 00:43:28 [32m/Users/zhaoyuedong/Desktop/生鲜项目/fresh-b2b/fresh-shop/server/service/common/account.go:161
[0m[33m[0.736ms] [34;1m[rows:1][0m SELECT * FROM `user_account` WHERE (user_id = 1 and group_id = 2) AND `user_account`.`deleted_at` IS NULL ORDER BY `user_account`.`id` LIMIT 1
[GIN] 2026/09/30 - 00:43:28 | 200 |    3.228583ms |       127.0.0.1 | GET      "/user/getUserInfo"

2026/09/30 00:43:28 [32m/Users/zhaoyuedong/Desktop/生鲜项目/fresh-b2b/fresh-shop/server/service/system/sys_user.go:280
[0m[33m[0.411ms] [34;1m[rows:1][0m SELECT count(*) FROM `sys_users` WHERE audit_status = 0 AND `sys_users`.`deleted_at` IS NULL

2026/09/30 00:43:28 [32m/Users/zhaoyuedong/Desktop/生鲜项目/fresh-b2b/fresh-shop/server/service/system/sys_user.go:297
[0m[33m[0.532ms] [34;1m[rows:0][0m SELECT * FROM `sys_users` WHERE audit_status = 0 AND `sys_users`.`deleted_at` IS NULL LIMIT 10
[GIN] 2026/09/30 - 00:43:28 | 200 |    1.170542ms |       127.0.0.1 | POST     "/user/getUserList"

2026/09/30 00:43:30 [32m/Users/zhaoyuedong/Desktop/生鲜项目/fresh-b2b/fresh-shop/server/service/business/user_delivery.go:69
[0m[33m[0.409ms] [34;1m[rows:1][0m SELECT count(*) FROM `user_delivery` WHERE `user_delivery`.`deleted_at` IS NULL

2026/09/30 00:43:30 [32m/Users/zhaoyuedong/Desktop/生鲜项目/fresh-b2b/fresh-shop/server/service/business/user_delivery.go:84
[0m[33m[0.173ms] [34;1m[rows:0][0m SELECT * FROM `user_delivery` WHERE `user_delivery`.`deleted_at` IS NULL LIMIT 10
[GIN] 2026/09/30 - 00:43:30 | 200 |     989.916µs |       127.0.0.1 | GET      "/userDelivery/getUserDeliveryList?page=1&pageSize=10"

2026/09/30 00:43:30 [32m/Users/zhaoyuedong/Desktop/生鲜项目/fresh-b2b/fresh-shop/server/service/system/sys_dictionary.go:90
[0m[33m[0.549ms] [34;1m[rows:2][0m SELECT * FROM `sys_dictionary_details` WHERE `sys_dictionary_details`.`sys_dictionary_id` = 7 AND status = true AND `sys_dictionary_details`.`deleted_at` IS NULL

2026/09/30 00:43:30 [32m/Users/zhaoyuedong/Desktop/生鲜项目/fresh-b2b/fresh-shop/server/service/system/sys_dictionary.go:90
[0m[33m[1.332ms] [34;1m[rows:1][0m SELECT * FROM `sys_dictionaries` WHERE ((type = 'status' OR id = 0) and status = true) AND `sys_dictionaries`.`deleted_at` IS NULL ORDER BY `sys_dictionaries`.`id` LIMIT 1
[GIN] 2026/09/30 - 00:43:30 | 200 |    1.523208ms |       127.0.0.1 | GET      "/sysDictionary/findSysDictionary?type=status"

2026/09/30 00:43:34 [32m/Users/zhaoyuedong/Desktop/生鲜项目/fresh-b2b/fresh-shop/server/service/system/company.go:86
[0m[33m[0.679ms] [34;1m[rows:1][0m SELECT count(*) FROM `sys_company` WHERE `sys_company`.`deleted_at` IS NULL

2026/09/30 00:43:34 [32m/Users/zhaoyuedong/Desktop/生鲜项目/fresh-b2b/fresh-shop/server/service/system/company.go:91
[0m[33m[0.351ms] [34;1m[rows:0][0m SELECT * FROM `sys_company` WHERE `sys_company`.`deleted_at` IS NULL ORDER BY created_at desc LIMIT 10
[GIN] 2026/09/30 - 00:43:34 | 200 |    1.411375ms |       127.0.0.1 | GET      "/company/list?page=1&pageSize=10"

2026/09/30 00:43:41 [32m/Users/zhaoyuedong/Desktop/生鲜项目/fresh-b2b/fresh-shop/server/service/system/sys_authority.go:162
[0m[33m[0.333ms] [34;1m[rows:1][0m SELECT count(*) FROM `sys_authorities` WHERE parent_id = '0'

2026/09/30 00:43:41 [32m/Users/zhaoyuedong/Desktop/生鲜项目/fresh-b2b/fresh-shop/server/service/system/sys_user.go:280
[0m[33m[0.394ms] [34;1m[rows:1][0m SELECT count(*) FROM `sys_users` WHERE `sys_users`.`deleted_at` IS NULL

2026/09/30 00:43:41 [32m/Users/zhaoyuedong/Desktop/生鲜项目/fresh-b2b/fresh-shop/server/service/system/sys_user.go:297
[0m[33m[0.208ms] [34;1m[rows:3][0m SELECT * FROM `sys_user_authority` WHERE `sys_user_authority`.`sys_user_id` IN (1,86)

2026/09/30 00:43:41 [32m/Users/zhaoyuedong/Desktop/生鲜项目/fresh-b2b/fresh-shop/server/service/system/sys_authority.go:166
[0m[33m[0.210ms] [34;1m[rows:2][0m SELECT * FROM `sys_data_authority_id` WHERE `sys_data_authority_id`.`sys_authority_authority_id` IN (888,999,1000,1001)

2026/09/30 00:43:41 [32m/Users/zhaoyuedong/Desktop/生鲜项目/fresh-b2b/fresh-shop/server/service/system/sys_user.go:297
[0m[33m[0.218ms] [34;1m[rows:3][0m SELECT * FROM `sys_authorities` WHERE `sys_authorities`.`authority_id` IN (888,999,1001)

2026/09/30 00:43:41 [32m/Users/zhaoyuedong/Desktop/生鲜项目/fresh-b2b/fresh-shop/server/service/system/sys_authority.go:166
[0m[33m[0.274ms] [34;1m[rows:1][0m SELECT * FROM `sys_authorities` WHERE `sys_authorities`.`authority_id` IN (888,9528)

2026/09/30 00:43:41 [32m/Users/zhaoyuedong/Desktop/生鲜项目/fresh-b2b/fresh-shop/server/service/system/sys_authority.go:166
[0m[33m[0.969ms] [34;1m[rows:4][0m SELECT * FROM `sys_authorities` WHERE parent_id = '0' AND parent_id = '0' LIMIT 999

2026/09/30 00:43:41 [32m/Users/zhaoyuedong/Desktop/生鲜项目/fresh-b2b/fresh-shop/server/service/system/sys_user.go:297
[0m[33m[0.241ms] [34;1m[rows:2][0m SELECT * FROM `sys_authorities` WHERE `sys_authorities`.`authority_id` IN (888,1001)

2026/09/30 00:43:41 [32m/Users/zhaoyuedong/Desktop/生鲜项目/fresh-b2b/fresh-shop/server/service/system/sys_user.go:297
[0m[33m[1.143ms] [34;1m[rows:2][0m SELECT * FROM `sys_users` WHERE `sys_users`.`deleted_at` IS NULL LIMIT 10

2026/09/30 00:43:41 [32m/Users/zhaoyuedong/Desktop/生鲜项目/fresh-b2b/fresh-shop/server/service/system/sys_authority.go:217
[0m[33m[0.282ms] [34;1m[rows:0][0m SELECT * FROM `sys_authorities` WHERE parent_id = 888

2026/09/30 00:43:41 [32m/Users/zhaoyuedong/Desktop/生鲜项目/fresh-b2b/fresh-shop/server/service/system/sys_authority.go:217
[0m[33m[0.182ms] [34;1m[rows:0][0m SELECT * FROM `sys_authorities` WHERE parent_id = 999

2026/09/30 00:43:41 [32m/Users/zhaoyuedong/Desktop/生鲜项目/fresh-b2b/fresh-shop/server/service/common/account.go:176
[0m[33m[0.448ms] [34;1m[rows:1][0m SELECT `user_account`.`id`,`user_account`.`created_at`,`user_account`.`updated_at`,`user_account`.`deleted_at`,`user_account`.`user_id`,`user_account`.`group_id`,`user_account`.`amount`,`user_account`.`freeze_amount`,`user_account`.`lock_amount`,`user_account`.`in_amount`,`user_account`.`out_amount`,`user_account`.`status`,`Group`.`id` AS `Group__id`,`Group`.`created_at` AS `Group__created_at`,`Group`.`updated_at` AS `Group__updated_at`,`Group`.`deleted_at` AS `Group__deleted_at`,`Group`.`name_en` AS `Group__name_en`,`Group`.`name_cn` AS `Group__name_cn`,`Group`.`places` AS `Group__places`,`Group`.`status` AS `Group__status`,`Group`.`sync` AS `Group__sync` FROM `user_account` LEFT JOIN `user_account_group` `Group` ON `user_account`.`group_id` = `Group`.`id` AND `Group`.`deleted_at` IS NULL WHERE (Group.status = 1 and user_id = 1) AND `user_account`.`deleted_at` IS NULL

2026/09/30 00:43:41 [32m/Users/zhaoyuedong/Desktop/生鲜项目/fresh-b2b/fresh-shop/server/service/system/sys_authority.go:217
[0m[33m[0.248ms] [34;1m[rows:0][0m SELECT * FROM `sys_authorities` WHERE parent_id = 1000

2026/09/30 00:43:41 [32m/Users/zhaoyuedong/Desktop/生鲜项目/fresh-b2b/fresh-shop/server/service/system/sys_authority.go:217
[0m[33m[0.181ms] [34;1m[rows:0][0m SELECT * FROM `sys_authorities` WHERE parent_id = 1001
[GIN] 2026/09/30 - 00:43:41 | 200 |    2.469666ms |       127.0.0.1 | POST     "/authority/getAuthorityList"

2026/09/30 00:43:41 [32m/Users/zhaoyuedong/Desktop/生鲜项目/fresh-b2b/fresh-shop/server/service/common/account.go:176
[0m[33m[0.422ms] [34;1m[rows:1][0m SELECT `user_account`.`id`,`user_account`.`created_at`,`user_account`.`updated_at`,`user_account`.`deleted_at`,`user_account`.`user_id`,`user_account`.`group_id`,`user_account`.`amount`,`user_account`.`freeze_amount`,`user_account`.`lock_amount`,`user_account`.`in_amount`,`user_account`.`out_amount`,`user_account`.`status`,`Group`.`id` AS `Group__id`,`Group`.`created_at` AS `Group__created_at`,`Group`.`updated_at` AS `Group__updated_at`,`Group`.`deleted_at` AS `Group__deleted_at`,`Group`.`name_en` AS `Group__name_en`,`Group`.`name_cn` AS `Group__name_cn`,`Group`.`places` AS `Group__places`,`Group`.`status` AS `Group__status`,`Group`.`sync` AS `Group__sync` FROM `user_account` LEFT JOIN `user_account_group` `Group` ON `user_account`.`group_id` = `Group`.`id` AND `Group`.`deleted_at` IS NULL WHERE (Group.status = 1 and user_id = 86) AND `user_account`.`deleted_at` IS NULL
[GIN] 2026/09/30 - 00:43:41 | 200 |    2.826292ms |       127.0.0.1 | POST     "/user/getUserList"

2026/09/30 00:43:41 [32m/Users/zhaoyuedong/Desktop/生鲜项目/fresh-b2b/fresh-shop/server/service/system/sys_dictionary.go:90
[0m[33m[0.281ms] [34;1m[rows:5][0m SELECT * FROM `sys_dictionary_details` WHERE `sys_dictionary_details`.`sys_dictionary_id` = 22 AND status = true AND `sys_dictionary_details`.`deleted_at` IS NULL

2026/09/30 00:43:41 [32m/Users/zhaoyuedong/Desktop/生鲜项目/fresh-b2b/fresh-shop/server/service/system/sys_dictionary.go:90
[0m[33m[0.868ms] [34;1m[rows:1][0m SELECT * FROM `sys_dictionaries` WHERE ((type = 'auditStatus' OR id = 0) and status = true) AND `sys_dictionaries`.`deleted_at` IS NULL ORDER BY `sys_dictionaries`.`id` LIMIT 1
[GIN] 2026/09/30 - 00:43:41 | 200 |    1.022792ms |       127.0.0.1 | GET      "/sysDictionary/findSysDictionary?type=auditStatus"

2026/09/30 00:44:25 [32m/Users/zhaoyuedong/Desktop/生鲜项目/fresh-b2b/fresh-shop/server/service/system/sys_menu.go:30
[0m[33m[0.513ms] [34;1m[rows:52][0m SELECT * FROM `sys_authority_menus` WHERE sys_authority_authority_id = 888

2026/09/30 00:44:25 [32m/Users/zhaoyuedong/Desktop/生鲜项目/fresh-b2b/fresh-shop/server/service/system/sys_menu.go:41
[0m[33m[0.330ms] [34;1m[rows:2][0m SELECT * FROM `sys_base_menu_parameters` WHERE `sys_base_menu_parameters`.`sys_base_menu_id` IN (37,49,42,1,9,4,101,36,5,102,6,44,7,11,38,39,8,100,10,45,103,46,47,24,3) AND `sys_base_menu_parameters`.`deleted_at` IS NULL

2026/09/30 00:44:25 [32m/Users/zhaoyuedong/Desktop/生鲜项目/fresh-b2b/fresh-shop/server/service/system/sys_menu.go:41
[0m[33m[1.294ms] [34;1m[rows:25][0m SELECT * FROM `sys_base_menus` WHERE id in ('1','3','4','5','6','7','8','9','10','11','12','13','14','16','17','18','19','20','21','22','24','25','26','27','28','29','30','31','32','33','34','35','36','37','38','39','40','41','42','43','44','45','46','47','48','49','50','51','100','101','102','103') AND `sys_base_menus`.`deleted_at` IS NULL ORDER BY sort

2026/09/30 00:44:25 [32m/Users/zhaoyuedong/Desktop/生鲜项目/fresh-b2b/fresh-shop/server/service/system/sys_menu.go:55
[0m[33m[0.184ms] [34;1m[rows:0][0m SELECT * FROM `sys_authority_btns` WHERE authority_id = 888
[GIN] 2026/09/30 - 00:44:25 | 200 |    4.525667ms |       127.0.0.1 | POST     "/menu/getMenu"

2026/09/30 00:44:25 [32m/Users/zhaoyuedong/Desktop/生鲜项目/fresh-b2b/fresh-shop/server/service/system/sys_user.go:411
[0m[33m[0.196ms] [34;1m[rows:2][0m SELECT * FROM `sys_user_authority` WHERE `sys_user_authority`.`sys_user_id` = 1

2026/09/30 00:44:25 [32m/Users/zhaoyuedong/Desktop/生鲜项目/fresh-b2b/fresh-shop/server/service/system/sys_user.go:411
[0m[33m[0.343ms] [34;1m[rows:2][0m SELECT * FROM `sys_authorities` WHERE `sys_authorities`.`authority_id` IN (888,999)

2026/09/30 00:44:25 [32m/Users/zhaoyuedong/Desktop/生鲜项目/fresh-b2b/fresh-shop/server/service/system/sys_user.go:411
[0m[33m[0.218ms] [34;1m[rows:1][0m SELECT * FROM `sys_authorities` WHERE `sys_authorities`.`authority_id` = 888

2026/09/30 00:44:25 [32m/Users/zhaoyuedong/Desktop/生鲜项目/fresh-b2b/fresh-shop/server/service/system/sys_user.go:411
[0m[33m[1.506ms] [34;1m[rows:1][0m SELECT * FROM `sys_users` WHERE uuid = 'f0f71391-6d0e-418c-a601-af3dde923073' AND `sys_users`.`deleted_at` IS NULL ORDER BY `sys_users`.`id` LIMIT 1

2026/09/30 00:44:25 [32m/Users/zhaoyuedong/Desktop/生鲜项目/fresh-b2b/fresh-shop/server/service/system/sys_menu.go:227
[0m[33m[0.214ms] [34;1m[rows:52][0m SELECT `sys_base_menu_id` FROM `sys_authority_menus` WHERE sys_authority_authority_id = 888

2026/09/30 00:44:25 [32m/Users/zhaoyuedong/Desktop/生鲜项目/fresh-b2b/fresh-shop/server/service/system/sys_menu.go:232
[0m[33m[0.469ms] [34;1m[rows:1][0m SELECT * FROM `sys_base_menus` WHERE (name = 'dashboard' and id in ('1','3','4','5','6','7','8','9','10','11','12','13','14','16','17','18','19','20','21','22','24','25','26','27','28','29','30','31','32','33','34','35','36','37','38','39','40','41','42','43','44','45','46','47','48','49','50','51','100','101','102','103')) AND `sys_base_menus`.`deleted_at` IS NULL ORDER BY `sys_base_menus`.`id` LIMIT 1

2026/09/30 00:44:25 [32m/Users/zhaoyuedong/Desktop/生鲜项目/fresh-b2b/fresh-shop/server/service/common/account.go:161
[0m[33m[0.510ms] [34;1m[rows:1][0m SELECT * FROM `user_account_group` WHERE `user_account_group`.`id` = 2 AND `user_account_group`.`deleted_at` IS NULL

2026/09/30 00:44:25 [32m/Users/zhaoyuedong/Desktop/生鲜项目/fresh-b2b/fresh-shop/server/service/common/account.go:161
[0m[33m[1.130ms] [34;1m[rows:1][0m SELECT * FROM `user_account` WHERE (user_id = 1 and group_id = 2) AND `user_account`.`deleted_at` IS NULL ORDER BY `user_account`.`id` LIMIT 1
[GIN] 2026/09/30 - 00:44:25 | 200 |    3.603667ms |       127.0.0.1 | GET      "/user/getUserInfo"

2026/09/30 00:44:25 [32m/Users/zhaoyuedong/Desktop/生鲜项目/fresh-b2b/fresh-shop/server/service/system/sys_user.go:280
[0m[33m[0.312ms] [34;1m[rows:1][0m SELECT count(*) FROM `sys_users` WHERE `sys_users`.`deleted_at` IS NULL

2026/09/30 00:44:25 [32m/Users/zhaoyuedong/Desktop/生鲜项目/fresh-b2b/fresh-shop/server/service/system/sys_authority.go:162
[0m[33m[0.315ms] [34;1m[rows:1][0m SELECT count(*) FROM `sys_authorities` WHERE parent_id = '0'

2026/09/30 00:44:25 [32m/Users/zhaoyuedong/Desktop/生鲜项目/fresh-b2b/fresh-shop/server/service/system/sys_user.go:297
[0m[33m[0.182ms] [34;1m[rows:3][0m SELECT * FROM `sys_user_authority` WHERE `sys_user_authority`.`sys_user_id` IN (1,86)

2026/09/30 00:44:25 [32m/Users/zhaoyuedong/Desktop/生鲜项目/fresh-b2b/fresh-shop/server/service/system/sys_authority.go:166
[0m[33m[0.222ms] [34;1m[rows:2][0m SELECT * FROM `sys_data_authority_id` WHERE `sys_data_authority_id`.`sys_authority_authority_id` IN (888,999,1000,1001)

2026/09/30 00:44:25 [32m/Users/zhaoyuedong/Desktop/生鲜项目/fresh-b2b/fresh-shop/server/service/system/sys_user.go:297
[0m[33m[0.206ms] [34;1m[rows:3][0m SELECT * FROM `sys_authorities` WHERE `sys_authorities`.`authority_id` IN (888,999,1001)

2026/09/30 00:44:25 [32m/Users/zhaoyuedong/Desktop/生鲜项目/fresh-b2b/fresh-shop/server/service/system/sys_authority.go:166
[0m[33m[0.223ms] [34;1m[rows:1][0m SELECT * FROM `sys_authorities` WHERE `sys_authorities`.`authority_id` IN (888,9528)

2026/09/30 00:44:25 [32m/Users/zhaoyuedong/Desktop/生鲜项目/fresh-b2b/fresh-shop/server/service/system/sys_authority.go:166
[0m[33m[0.776ms] [34;1m[rows:4][0m SELECT * FROM `sys_authorities` WHERE parent_id = '0' AND parent_id = '0' LIMIT 999

2026/09/30 00:44:25 [32m/Users/zhaoyuedong/Desktop/生鲜项目/fresh-b2b/fresh-shop/server/service/system/sys_user.go:297
[0m[33m[0.245ms] [34;1m[rows:2][0m SELECT * FROM `sys_authorities` WHERE `sys_authorities`.`authority_id` IN (888,1001)

2026/09/30 00:44:25 [32m/Users/zhaoyuedong/Desktop/生鲜项目/fresh-b2b/fresh-shop/server/service/system/sys_user.go:297
[0m[33m[1.047ms] [34;1m[rows:2][0m SELECT * FROM `sys_users` WHERE `sys_users`.`deleted_at` IS NULL LIMIT 10

2026/09/30 00:44:25 [32m/Users/zhaoyuedong/Desktop/生鲜项目/fresh-b2b/fresh-shop/server/service/system/sys_authority.go:217
[0m[33m[0.277ms] [34;1m[rows:0][0m SELECT * FROM `sys_authorities` WHERE parent_id = 888

2026/09/30 00:44:25 [32m/Users/zhaoyuedong/Desktop/生鲜项目/fresh-b2b/fresh-shop/server/service/system/sys_authority.go:217
[0m[33m[0.155ms] [34;1m[rows:0][0m SELECT * FROM `sys_authorities` WHERE parent_id = 999

2026/09/30 00:44:25 [32m/Users/zhaoyuedong/Desktop/生鲜项目/fresh-b2b/fresh-shop/server/service/common/account.go:176
[0m[33m[0.406ms] [34;1m[rows:1][0m SELECT `user_account`.`id`,`user_account`.`created_at`,`user_account`.`updated_at`,`user_account`.`deleted_at`,`user_account`.`user_id`,`user_account`.`group_id`,`user_account`.`amount`,`user_account`.`freeze_amount`,`user_account`.`lock_amount`,`user_account`.`in_amount`,`user_account`.`out_amount`,`user_account`.`status`,`Group`.`id` AS `Group__id`,`Group`.`created_at` AS `Group__created_at`,`Group`.`updated_at` AS `Group__updated_at`,`Group`.`deleted_at` AS `Group__deleted_at`,`Group`.`name_en` AS `Group__name_en`,`Group`.`name_cn` AS `Group__name_cn`,`Group`.`places` AS `Group__places`,`Group`.`status` AS `Group__status`,`Group`.`sync` AS `Group__sync` FROM `user_account` LEFT JOIN `user_account_group` `Group` ON `user_account`.`group_id` = `Group`.`id` AND `Group`.`deleted_at` IS NULL WHERE (Group.status = 1 and user_id = 1) AND `user_account`.`deleted_at` IS NULL

2026/09/30 00:44:25 [32m/Users/zhaoyuedong/Desktop/生鲜项目/fresh-b2b/fresh-shop/server/service/system/sys_authority.go:217
[0m[33m[0.177ms] [34;1m[rows:0][0m SELECT * FROM `sys_authorities` WHERE parent_id = 1000

2026/09/30 00:44:25 [32m/Users/zhaoyuedong/Desktop/生鲜项目/fresh-b2b/fresh-shop/server/service/system/sys_authority.go:217
[0m[33m[0.165ms] [34;1m[rows:0][0m SELECT * FROM `sys_authorities` WHERE parent_id = 1001
[GIN] 2026/09/30 - 00:44:25 | 200 |    2.084542ms |       127.0.0.1 | POST     "/authority/getAuthorityList"

2026/09/30 00:44:25 [32m/Users/zhaoyuedong/Desktop/生鲜项目/fresh-b2b/fresh-shop/server/service/common/account.go:176
[0m[33m[0.341ms] [34;1m[rows:1][0m SELECT `user_account`.`id`,`user_account`.`created_at`,`user_account`.`updated_at`,`user_account`.`deleted_at`,`user_account`.`user_id`,`user_account`.`group_id`,`user_account`.`amount`,`user_account`.`freeze_amount`,`user_account`.`lock_amount`,`user_account`.`in_amount`,`user_account`.`out_amount`,`user_account`.`status`,`Group`.`id` AS `Group__id`,`Group`.`created_at` AS `Group__created_at`,`Group`.`updated_at` AS `Group__updated_at`,`Group`.`deleted_at` AS `Group__deleted_at`,`Group`.`name_en` AS `Group__name_en`,`Group`.`name_cn` AS `Group__name_cn`,`Group`.`places` AS `Group__places`,`Group`.`status` AS `Group__status`,`Group`.`sync` AS `Group__sync` FROM `user_account` LEFT JOIN `user_account_group` `Group` ON `user_account`.`group_id` = `Group`.`id` AND `Group`.`deleted_at` IS NULL WHERE (Group.status = 1 and user_id = 86) AND `user_account`.`deleted_at` IS NULL
[GIN] 2026/09/30 - 00:44:25 | 200 |    2.378917ms |       127.0.0.1 | POST     "/user/getUserList"

2026/09/30 00:44:26 [32m/Users/zhaoyuedong/Desktop/生鲜项目/fresh-b2b/fresh-shop/server/service/system/sys_dictionary.go:90
[0m[33m[0.299ms] [34;1m[rows:5][0m SELECT * FROM `sys_dictionary_details` WHERE `sys_dictionary_details`.`sys_dictionary_id` = 22 AND status = true AND `sys_dictionary_details`.`deleted_at` IS NULL

2026/09/30 00:44:26 [32m/Users/zhaoyuedong/Desktop/生鲜项目/fresh-b2b/fresh-shop/server/service/system/sys_dictionary.go:90
[0m[33m[0.870ms] [34;1m[rows:1][0m SELECT * FROM `sys_dictionaries` WHERE ((type = 'auditStatus' OR id = 0) and status = true) AND `sys_dictionaries`.`deleted_at` IS NULL ORDER BY `sys_dictionaries`.`id` LIMIT 1
[GIN] 2026/09/30 - 00:44:26 | 200 |    1.001334ms |       127.0.0.1 | GET      "/sysDictionary/findSysDictionary?type=auditStatus"

2026/09/30 00:44:29 [32m/Users/zhaoyuedong/Desktop/生鲜项目/fresh-b2b/fresh-shop/server/service/system/sys_menu.go:30
[0m[33m[0.418ms] [34;1m[rows:52][0m SELECT * FROM `sys_authority_menus` WHERE sys_authority_authority_id = 888

2026/09/30 00:44:29 [32m/Users/zhaoyuedong/Desktop/生鲜项目/fresh-b2b/fresh-shop/server/service/system/sys_menu.go:41
[0m[33m[0.279ms] [34;1m[rows:2][0m SELECT * FROM `sys_base_menu_parameters` WHERE `sys_base_menu_parameters`.`sys_base_menu_id` IN (37,49,42,1,9,4,101,36,5,102,6,44,7,11,38,39,8,100,10,45,103,46,47,24,3) AND `sys_base_menu_parameters`.`deleted_at` IS NULL

2026/09/30 00:44:29 [32m/Users/zhaoyuedong/Desktop/生鲜项目/fresh-b2b/fresh-shop/server/service/system/sys_menu.go:41
[0m[33m[1.272ms] [34;1m[rows:25][0m SELECT * FROM `sys_base_menus` WHERE id in ('1','3','4','5','6','7','8','9','10','11','12','13','14','16','17','18','19','20','21','22','24','25','26','27','28','29','30','31','32','33','34','35','36','37','38','39','40','41','42','43','44','45','46','47','48','49','50','51','100','101','102','103') AND `sys_base_menus`.`deleted_at` IS NULL ORDER BY sort

2026/09/30 00:44:29 [32m/Users/zhaoyuedong/Desktop/生鲜项目/fresh-b2b/fresh-shop/server/service/system/sys_menu.go:55
[0m[33m[0.252ms] [34;1m[rows:0][0m SELECT * FROM `sys_authority_btns` WHERE authority_id = 888
[GIN] 2026/09/30 - 00:44:29 | 200 |    2.328542ms |       127.0.0.1 | POST     "/menu/getMenu"

2026/09/30 00:44:29 [32m/Users/zhaoyuedong/Desktop/生鲜项目/fresh-b2b/fresh-shop/server/service/system/sys_user.go:411
[0m[33m[0.211ms] [34;1m[rows:2][0m SELECT * FROM `sys_user_authority` WHERE `sys_user_authority`.`sys_user_id` = 1

2026/09/30 00:44:29 [32m/Users/zhaoyuedong/Desktop/生鲜项目/fresh-b2b/fresh-shop/server/service/system/sys_user.go:411
[0m[33m[0.288ms] [34;1m[rows:2][0m SELECT * FROM `sys_authorities` WHERE `sys_authorities`.`authority_id` IN (888,999)

2026/09/30 00:44:29 [32m/Users/zhaoyuedong/Desktop/生鲜项目/fresh-b2b/fresh-shop/server/service/system/sys_user.go:411
[0m[33m[0.184ms] [34;1m[rows:1][0m SELECT * FROM `sys_authorities` WHERE `sys_authorities`.`authority_id` = 888

2026/09/30 00:44:29 [32m/Users/zhaoyuedong/Desktop/生鲜项目/fresh-b2b/fresh-shop/server/service/system/sys_user.go:411
[0m[33m[1.439ms] [34;1m[rows:1][0m SELECT * FROM `sys_users` WHERE uuid = 'f0f71391-6d0e-418c-a601-af3dde923073' AND `sys_users`.`deleted_at` IS NULL ORDER BY `sys_users`.`id` LIMIT 1

2026/09/30 00:44:29 [32m/Users/zhaoyuedong/Desktop/生鲜项目/fresh-b2b/fresh-shop/server/service/system/sys_menu.go:227
[0m[33m[0.231ms] [34;1m[rows:52][0m SELECT `sys_base_menu_id` FROM `sys_authority_menus` WHERE sys_authority_authority_id = 888

2026/09/30 00:44:29 [32m/Users/zhaoyuedong/Desktop/生鲜项目/fresh-b2b/fresh-shop/server/service/system/sys_menu.go:232
[0m[33m[0.468ms] [34;1m[rows:1][0m SELECT * FROM `sys_base_menus` WHERE (name = 'dashboard' and id in ('1','3','4','5','6','7','8','9','10','11','12','13','14','16','17','18','19','20','21','22','24','25','26','27','28','29','30','31','32','33','34','35','36','37','38','39','40','41','42','43','44','45','46','47','48','49','50','51','100','101','102','103')) AND `sys_base_menus`.`deleted_at` IS NULL ORDER BY `sys_base_menus`.`id` LIMIT 1

2026/09/30 00:44:29 [32m/Users/zhaoyuedong/Desktop/生鲜项目/fresh-b2b/fresh-shop/server/service/common/account.go:161
[0m[33m[0.603ms] [34;1m[rows:1][0m SELECT * FROM `user_account_group` WHERE `user_account_group`.`id` = 2 AND `user_account_group`.`deleted_at` IS NULL

2026/09/30 00:44:29 [32m/Users/zhaoyuedong/Desktop/生鲜项目/fresh-b2b/fresh-shop/server/service/common/account.go:161
[0m[33m[1.656ms] [34;1m[rows:1][0m SELECT * FROM `user_account` WHERE (user_id = 1 and group_id = 2) AND `user_account`.`deleted_at` IS NULL ORDER BY `user_account`.`id` LIMIT 1
[GIN] 2026/09/30 - 00:44:29 | 200 |    4.063917ms |       127.0.0.1 | GET      "/user/getUserInfo"

2026/09/30 00:44:29 [32m/Users/zhaoyuedong/Desktop/生鲜项目/fresh-b2b/fresh-shop/server/service/system/sys_user.go:280
[0m[33m[0.456ms] [34;1m[rows:1][0m SELECT count(*) FROM `sys_users` WHERE `sys_users`.`deleted_at` IS NULL

2026/09/30 00:44:29 [32m/Users/zhaoyuedong/Desktop/生鲜项目/fresh-b2b/fresh-shop/server/service/system/sys_authority.go:162
[0m[33m[0.507ms] [34;1m[rows:1][0m SELECT count(*) FROM `sys_authorities` WHERE parent_id = '0'

2026/09/30 00:44:29 [32m/Users/zhaoyuedong/Desktop/生鲜项目/fresh-b2b/fresh-shop/server/service/system/sys_user.go:297
[0m[33m[0.388ms] [34;1m[rows:3][0m SELECT * FROM `sys_user_authority` WHERE `sys_user_authority`.`sys_user_id` IN (1,86)

2026/09/30 00:44:29 [32m/Users/zhaoyuedong/Desktop/生鲜项目/fresh-b2b/fresh-shop/server/service/system/sys_authority.go:166
[0m[33m[0.229ms] [34;1m[rows:2][0m SELECT * FROM `sys_data_authority_id` WHERE `sys_data_authority_id`.`sys_authority_authority_id` IN (888,999,1000,1001)

2026/09/30 00:44:29 [32m/Users/zhaoyuedong/Desktop/生鲜项目/fresh-b2b/fresh-shop/server/service/system/sys_user.go:297
[0m[33m[0.171ms] [34;1m[rows:3][0m SELECT * FROM `sys_authorities` WHERE `sys_authorities`.`authority_id` IN (888,999,1001)

2026/09/30 00:44:29 [32m/Users/zhaoyuedong/Desktop/生鲜项目/fresh-b2b/fresh-shop/server/service/system/sys_authority.go:166
[0m[33m[0.185ms] [34;1m[rows:1][0m SELECT * FROM `sys_authorities` WHERE `sys_authorities`.`authority_id` IN (888,9528)

2026/09/30 00:44:29 [32m/Users/zhaoyuedong/Desktop/生鲜项目/fresh-b2b/fresh-shop/server/service/system/sys_authority.go:166
[0m[33m[1.104ms] [34;1m[rows:4][0m SELECT * FROM `sys_authorities` WHERE parent_id = '0' AND parent_id = '0' LIMIT 999

2026/09/30 00:44:29 [32m/Users/zhaoyuedong/Desktop/生鲜项目/fresh-b2b/fresh-shop/server/service/system/sys_user.go:297
[0m[33m[0.218ms] [34;1m[rows:2][0m SELECT * FROM `sys_authorities` WHERE `sys_authorities`.`authority_id` IN (888,1001)

2026/09/30 00:44:29 [32m/Users/zhaoyuedong/Desktop/生鲜项目/fresh-b2b/fresh-shop/server/service/system/sys_user.go:297
[0m[33m[1.359ms] [34;1m[rows:2][0m SELECT * FROM `sys_users` WHERE `sys_users`.`deleted_at` IS NULL LIMIT 10

2026/09/30 00:44:29 [32m/Users/zhaoyuedong/Desktop/生鲜项目/fresh-b2b/fresh-shop/server/service/system/sys_authority.go:217
[0m[33m[0.241ms] [34;1m[rows:0][0m SELECT * FROM `sys_authorities` WHERE parent_id = 888

2026/09/30 00:44:29 [32m/Users/zhaoyuedong/Desktop/生鲜项目/fresh-b2b/fresh-shop/server/service/system/sys_authority.go:217
[0m[33m[0.171ms] [34;1m[rows:0][0m SELECT * FROM `sys_authorities` WHERE parent_id = 999

2026/09/30 00:44:29 [32m/Users/zhaoyuedong/Desktop/生鲜项目/fresh-b2b/fresh-shop/server/service/common/account.go:176
[0m[33m[0.461ms] [34;1m[rows:1][0m SELECT `user_account`.`id`,`user_account`.`created_at`,`user_account`.`updated_at`,`user_account`.`deleted_at`,`user_account`.`user_id`,`user_account`.`group_id`,`user_account`.`amount`,`user_account`.`freeze_amount`,`user_account`.`lock_amount`,`user_account`.`in_amount`,`user_account`.`out_amount`,`user_account`.`status`,`Group`.`id` AS `Group__id`,`Group`.`created_at` AS `Group__created_at`,`Group`.`updated_at` AS `Group__updated_at`,`Group`.`deleted_at` AS `Group__deleted_at`,`Group`.`name_en` AS `Group__name_en`,`Group`.`name_cn` AS `Group__name_cn`,`Group`.`places` AS `Group__places`,`Group`.`status` AS `Group__status`,`Group`.`sync` AS `Group__sync` FROM `user_account` LEFT JOIN `user_account_group` `Group` ON `user_account`.`group_id` = `Group`.`id` AND `Group`.`deleted_at` IS NULL WHERE (Group.status = 1 and user_id = 1) AND `user_account`.`deleted_at` IS NULL

2026/09/30 00:44:29 [32m/Users/zhaoyuedong/Desktop/生鲜项目/fresh-b2b/fresh-shop/server/service/system/sys_authority.go:217
[0m[33m[0.223ms] [34;1m[rows:0][0m SELECT * FROM `sys_authorities` WHERE parent_id = 1000

2026/09/30 00:44:29 [32m/Users/zhaoyuedong/Desktop/生鲜项目/fresh-b2b/fresh-shop/server/service/system/sys_authority.go:217
[0m[33m[0.167ms] [34;1m[rows:0][0m SELECT * FROM `sys_authorities` WHERE parent_id = 1001
[GIN] 2026/09/30 - 00:44:29 | 200 |    2.747667ms |       127.0.0.1 | POST     "/authority/getAuthorityList"

2026/09/30 00:44:29 [32m/Users/zhaoyuedong/Desktop/生鲜项目/fresh-b2b/fresh-shop/server/service/common/account.go:176
[0m[33m[0.491ms] [34;1m[rows:1][0m SELECT `user_account`.`id`,`user_account`.`created_at`,`user_account`.`updated_at`,`user_account`.`deleted_at`,`user_account`.`user_id`,`user_account`.`group_id`,`user_account`.`amount`,`user_account`.`freeze_amount`,`user_account`.`lock_amount`,`user_account`.`in_amount`,`user_account`.`out_amount`,`user_account`.`status`,`Group`.`id` AS `Group__id`,`Group`.`created_at` AS `Group__created_at`,`Group`.`updated_at` AS `Group__updated_at`,`Group`.`deleted_at` AS `Group__deleted_at`,`Group`.`name_en` AS `Group__name_en`,`Group`.`name_cn` AS `Group__name_cn`,`Group`.`places` AS `Group__places`,`Group`.`status` AS `Group__status`,`Group`.`sync` AS `Group__sync` FROM `user_account` LEFT JOIN `user_account_group` `Group` ON `user_account`.`group_id` = `Group`.`id` AND `Group`.`deleted_at` IS NULL WHERE (Group.status = 1 and user_id = 86) AND `user_account`.`deleted_at` IS NULL
[GIN] 2026/09/30 - 00:44:29 | 200 |     3.14525ms |       127.0.0.1 | POST     "/user/getUserList"

2026/09/30 00:44:29 [32m/Users/zhaoyuedong/Desktop/生鲜项目/fresh-b2b/fresh-shop/server/service/system/sys_dictionary.go:90
[0m[33m[0.306ms] [34;1m[rows:5][0m SELECT * FROM `sys_dictionary_details` WHERE `sys_dictionary_details`.`sys_dictionary_id` = 22 AND status = true AND `sys_dictionary_details`.`deleted_at` IS NULL

2026/09/30 00:44:29 [32m/Users/zhaoyuedong/Desktop/生鲜项目/fresh-b2b/fresh-shop/server/service/system/sys_dictionary.go:90
[0m[33m[1.008ms] [34;1m[rows:1][0m SELECT * FROM `sys_dictionaries` WHERE ((type = 'auditStatus' OR id = 0) and status = true) AND `sys_dictionaries`.`deleted_at` IS NULL ORDER BY `sys_dictionaries`.`id` LIMIT 1
[GIN] 2026/09/30 - 00:44:29 | 200 |    1.150542ms |       127.0.0.1 | GET      "/sysDictionary/findSysDictionary?type=auditStatus"

2026/09/30 00:44:56 [32m/Users/zhaoyuedong/Desktop/生鲜项目/fresh-b2b/fresh-shop/server/service/system/sys_menu.go:30
[0m[33m[0.522ms] [34;1m[rows:52][0m SELECT * FROM `sys_authority_menus` WHERE sys_authority_authority_id = 888

2026/09/30 00:44:56 [32m/Users/zhaoyuedong/Desktop/生鲜项目/fresh-b2b/fresh-shop/server/service/system/sys_menu.go:41
[0m[33m[0.243ms] [34;1m[rows:2][0m SELECT * FROM `sys_base_menu_parameters` WHERE `sys_base_menu_parameters`.`sys_base_menu_id` IN (37,49,42,1,9,4,101,36,5,102,6,44,7,11,38,39,8,100,10,45,103,46,47,24,3) AND `sys_base_menu_parameters`.`deleted_at` IS NULL

2026/09/30 00:44:56 [32m/Users/zhaoyuedong/Desktop/生鲜项目/fresh-b2b/fresh-shop/server/service/system/sys_menu.go:41
[0m[33m[0.971ms] [34;1m[rows:25][0m SELECT * FROM `sys_base_menus` WHERE id in ('1','3','4','5','6','7','8','9','10','11','12','13','14','16','17','18','19','20','21','22','24','25','26','27','28','29','30','31','32','33','34','35','36','37','38','39','40','41','42','43','44','45','46','47','48','49','50','51','100','101','102','103') AND `sys_base_menus`.`deleted_at` IS NULL ORDER BY sort

2026/09/30 00:44:56 [32m/Users/zhaoyuedong/Desktop/生鲜项目/fresh-b2b/fresh-shop/server/service/system/sys_menu.go:55
[0m[33m[0.194ms] [34;1m[rows:0][0m SELECT * FROM `sys_authority_btns` WHERE authority_id = 888
[GIN] 2026/09/30 - 00:44:56 | 200 |    2.038833ms |       127.0.0.1 | POST     "/menu/getMenu"

2026/09/30 00:44:56 [32m/Users/zhaoyuedong/Desktop/生鲜项目/fresh-b2b/fresh-shop/server/service/system/sys_user.go:411
[0m[33m[0.197ms] [34;1m[rows:2][0m SELECT * FROM `sys_user_authority` WHERE `sys_user_authority`.`sys_user_id` = 1

2026/09/30 00:44:56 [32m/Users/zhaoyuedong/Desktop/生鲜项目/fresh-b2b/fresh-shop/server/service/system/sys_user.go:411
[0m[33m[0.205ms] [34;1m[rows:2][0m SELECT * FROM `sys_authorities` WHERE `sys_authorities`.`authority_id` IN (888,999)

2026/09/30 00:44:56 [32m/Users/zhaoyuedong/Desktop/生鲜项目/fresh-b2b/fresh-shop/server/service/system/sys_user.go:411
[0m[33m[0.191ms] [34;1m[rows:1][0m SELECT * FROM `sys_authorities` WHERE `sys_authorities`.`authority_id` = 888

2026/09/30 00:44:56 [32m/Users/zhaoyuedong/Desktop/生鲜项目/fresh-b2b/fresh-shop/server/service/system/sys_user.go:411
[0m[33m[1.179ms] [34;1m[rows:1][0m SELECT * FROM `sys_users` WHERE uuid = 'f0f71391-6d0e-418c-a601-af3dde923073' AND `sys_users`.`deleted_at` IS NULL ORDER BY `sys_users`.`id` LIMIT 1

2026/09/30 00:44:56 [32m/Users/zhaoyuedong/Desktop/生鲜项目/fresh-b2b/fresh-shop/server/service/system/sys_menu.go:227
[0m[33m[0.197ms] [34;1m[rows:52][0m SELECT `sys_base_menu_id` FROM `sys_authority_menus` WHERE sys_authority_authority_id = 888

2026/09/30 00:44:56 [32m/Users/zhaoyuedong/Desktop/生鲜项目/fresh-b2b/fresh-shop/server/service/system/sys_menu.go:232
[0m[33m[0.518ms] [34;1m[rows:1][0m SELECT * FROM `sys_base_menus` WHERE (name = 'dashboard' and id in ('1','3','4','5','6','7','8','9','10','11','12','13','14','16','17','18','19','20','21','22','24','25','26','27','28','29','30','31','32','33','34','35','36','37','38','39','40','41','42','43','44','45','46','47','48','49','50','51','100','101','102','103')) AND `sys_base_menus`.`deleted_at` IS NULL ORDER BY `sys_base_menus`.`id` LIMIT 1

2026/09/30 00:44:56 [32m/Users/zhaoyuedong/Desktop/生鲜项目/fresh-b2b/fresh-shop/server/service/common/account.go:161
[0m[33m[0.275ms] [34;1m[rows:1][0m SELECT * FROM `user_account_group` WHERE `user_account_group`.`id` = 2 AND `user_account_group`.`deleted_at` IS NULL

2026/09/30 00:44:56 [32m/Users/zhaoyuedong/Desktop/生鲜项目/fresh-b2b/fresh-shop/server/service/common/account.go:161
[0m[33m[0.668ms] [34;1m[rows:1][0m SELECT * FROM `user_account` WHERE (user_id = 1 and group_id = 2) AND `user_account`.`deleted_at` IS NULL ORDER BY `user_account`.`id` LIMIT 1
[GIN] 2026/09/30 - 00:44:56 | 200 |     2.78775ms |       127.0.0.1 | GET      "/user/getUserInfo"

2026/09/30 00:44:56 [32m/Users/zhaoyuedong/Desktop/生鲜项目/fresh-b2b/fresh-shop/server/service/system/sys_user.go:280
[0m[33m[0.269ms] [34;1m[rows:1][0m SELECT count(*) FROM `sys_users` WHERE `sys_users`.`deleted_at` IS NULL

2026/09/30 00:44:56 [32m/Users/zhaoyuedong/Desktop/生鲜项目/fresh-b2b/fresh-shop/server/service/system/sys_authority.go:162
[0m[33m[0.325ms] [34;1m[rows:1][0m SELECT count(*) FROM `sys_authorities` WHERE parent_id = '0'

2026/09/30 00:44:56 [32m/Users/zhaoyuedong/Desktop/生鲜项目/fresh-b2b/fresh-shop/server/service/system/sys_user.go:297
[0m[33m[0.182ms] [34;1m[rows:3][0m SELECT * FROM `sys_user_authority` WHERE `sys_user_authority`.`sys_user_id` IN (1,86)

2026/09/30 00:44:56 [32m/Users/zhaoyuedong/Desktop/生鲜项目/fresh-b2b/fresh-shop/server/service/system/sys_authority.go:166
[0m[33m[0.208ms] [34;1m[rows:2][0m SELECT * FROM `sys_data_authority_id` WHERE `sys_data_authority_id`.`sys_authority_authority_id` IN (888,999,1000,1001)

2026/09/30 00:44:56 [32m/Users/zhaoyuedong/Desktop/生鲜项目/fresh-b2b/fresh-shop/server/service/system/sys_user.go:297
[0m[33m[0.257ms] [34;1m[rows:3][0m SELECT * FROM `sys_authorities` WHERE `sys_authorities`.`authority_id` IN (888,999,1001)

2026/09/30 00:44:56 [32m/Users/zhaoyuedong/Desktop/生鲜项目/fresh-b2b/fresh-shop/server/service/system/sys_authority.go:166
[0m[33m[0.305ms] [34;1m[rows:1][0m SELECT * FROM `sys_authorities` WHERE `sys_authorities`.`authority_id` IN (888,9528)

2026/09/30 00:44:56 [32m/Users/zhaoyuedong/Desktop/生鲜项目/fresh-b2b/fresh-shop/server/service/system/sys_authority.go:166
[0m[33m[0.776ms] [34;1m[rows:4][0m SELECT * FROM `sys_authorities` WHERE parent_id = '0' AND parent_id = '0' LIMIT 999

2026/09/30 00:44:56 [32m/Users/zhaoyuedong/Desktop/生鲜项目/fresh-b2b/fresh-shop/server/service/system/sys_user.go:297
[0m[33m[0.304ms] [34;1m[rows:2][0m SELECT * FROM `sys_authorities` WHERE `sys_authorities`.`authority_id` IN (888,1001)

2026/09/30 00:44:56 [32m/Users/zhaoyuedong/Desktop/生鲜项目/fresh-b2b/fresh-shop/server/service/system/sys_user.go:297
[0m[33m[1.019ms] [34;1m[rows:2][0m SELECT * FROM `sys_users` WHERE `sys_users`.`deleted_at` IS NULL LIMIT 10

2026/09/30 00:44:56 [32m/Users/zhaoyuedong/Desktop/生鲜项目/fresh-b2b/fresh-shop/server/service/system/sys_authority.go:217
[0m[33m[0.260ms] [34;1m[rows:0][0m SELECT * FROM `sys_authorities` WHERE parent_id = 888

2026/09/30 00:44:56 [32m/Users/zhaoyuedong/Desktop/生鲜项目/fresh-b2b/fresh-shop/server/service/system/sys_authority.go:217
[0m[33m[0.181ms] [34;1m[rows:0][0m SELECT * FROM `sys_authorities` WHERE parent_id = 999

2026/09/30 00:44:56 [32m/Users/zhaoyuedong/Desktop/生鲜项目/fresh-b2b/fresh-shop/server/service/common/account.go:176
[0m[33m[0.426ms] [34;1m[rows:1][0m SELECT `user_account`.`id`,`user_account`.`created_at`,`user_account`.`updated_at`,`user_account`.`deleted_at`,`user_account`.`user_id`,`user_account`.`group_id`,`user_account`.`amount`,`user_account`.`freeze_amount`,`user_account`.`lock_amount`,`user_account`.`in_amount`,`user_account`.`out_amount`,`user_account`.`status`,`Group`.`id` AS `Group__id`,`Group`.`created_at` AS `Group__created_at`,`Group`.`updated_at` AS `Group__updated_at`,`Group`.`deleted_at` AS `Group__deleted_at`,`Group`.`name_en` AS `Group__name_en`,`Group`.`name_cn` AS `Group__name_cn`,`Group`.`places` AS `Group__places`,`Group`.`status` AS `Group__status`,`Group`.`sync` AS `Group__sync` FROM `user_account` LEFT JOIN `user_account_group` `Group` ON `user_account`.`group_id` = `Group`.`id` AND `Group`.`deleted_at` IS NULL WHERE (Group.status = 1 and user_id = 1) AND `user_account`.`deleted_at` IS NULL

2026/09/30 00:44:56 [32m/Users/zhaoyuedong/Desktop/生鲜项目/fresh-b2b/fresh-shop/server/service/system/sys_authority.go:217
[0m[33m[0.224ms] [34;1m[rows:0][0m SELECT * FROM `sys_authorities` WHERE parent_id = 1000

2026/09/30 00:44:56 [32m/Users/zhaoyuedong/Desktop/生鲜项目/fresh-b2b/fresh-shop/server/service/system/sys_authority.go:217
[0m[33m[0.162ms] [34;1m[rows:0][0m SELECT * FROM `sys_authorities` WHERE parent_id = 1001
[GIN] 2026/09/30 - 00:44:56 | 200 |    2.111083ms |       127.0.0.1 | POST     "/authority/getAuthorityList"

2026/09/30 00:44:56 [32m/Users/zhaoyuedong/Desktop/生鲜项目/fresh-b2b/fresh-shop/server/service/common/account.go:176
[0m[33m[0.499ms] [34;1m[rows:1][0m SELECT `user_account`.`id`,`user_account`.`created_at`,`user_account`.`updated_at`,`user_account`.`deleted_at`,`user_account`.`user_id`,`user_account`.`group_id`,`user_account`.`amount`,`user_account`.`freeze_amount`,`user_account`.`lock_amount`,`user_account`.`in_amount`,`user_account`.`out_amount`,`user_account`.`status`,`Group`.`id` AS `Group__id`,`Group`.`created_at` AS `Group__created_at`,`Group`.`updated_at` AS `Group__updated_at`,`Group`.`deleted_at` AS `Group__deleted_at`,`Group`.`name_en` AS `Group__name_en`,`Group`.`name_cn` AS `Group__name_cn`,`Group`.`places` AS `Group__places`,`Group`.`status` AS `Group__status`,`Group`.`sync` AS `Group__sync` FROM `user_account` LEFT JOIN `user_account_group` `Group` ON `user_account`.`group_id` = `Group`.`id` AND `Group`.`deleted_at` IS NULL WHERE (Group.status = 1 and user_id = 86) AND `user_account`.`deleted_at` IS NULL
[GIN] 2026/09/30 - 00:44:56 | 200 |     2.43725ms |       127.0.0.1 | POST     "/user/getUserList"

2026/09/30 00:44:56 [32m/Users/zhaoyuedong/Desktop/生鲜项目/fresh-b2b/fresh-shop/server/service/system/sys_dictionary.go:90
[0m[33m[0.395ms] [34;1m[rows:5][0m SELECT * FROM `sys_dictionary_details` WHERE `sys_dictionary_details`.`sys_dictionary_id` = 22 AND status = true AND `sys_dictionary_details`.`deleted_at` IS NULL

2026/09/30 00:44:56 [32m/Users/zhaoyuedong/Desktop/生鲜项目/fresh-b2b/fresh-shop/server/service/system/sys_dictionary.go:90
[0m[33m[1.534ms] [34;1m[rows:1][0m SELECT * FROM `sys_dictionaries` WHERE ((type = 'auditStatus' OR id = 0) and status = true) AND `sys_dictionaries`.`deleted_at` IS NULL ORDER BY `sys_dictionaries`.`id` LIMIT 1
[GIN] 2026/09/30 - 00:44:56 | 200 |    1.875583ms |       127.0.0.1 | GET      "/sysDictionary/findSysDictionary?type=auditStatus"

2026/09/30 00:48:16 [32m/Users/zhaoyuedong/Desktop/生鲜项目/fresh-b2b/fresh-shop/server/service/system/sys_user.go:324
[0m[33m[0.758ms] [34;1m[rows:1][0m DELETE FROM `sys_user_authority` WHERE sys_user_id = 86

2026/09/30 00:48:16 [32m/Users/zhaoyuedong/Desktop/生鲜项目/fresh-b2b/fresh-shop/server/service/system/sys_user.go:334
[0m[33m[0.336ms] [34;1m[rows:1][0m INSERT INTO `sys_user_authority` (`sys_user_id`,`sys_authority_authority_id`) VALUES (86,1001)

2026/09/30 00:48:16 [32m/Users/zhaoyuedong/Desktop/生鲜项目/fresh-b2b/fresh-shop/server/service/system/sys_user.go:338
[0m[33m[0.649ms] [34;1m[rows:1][0m SELECT * FROM `sys_users` WHERE id = 86 AND `sys_users`.`deleted_at` IS NULL ORDER BY `sys_users`.`id` LIMIT 1

2026/09/30 00:48:16 [32m/Users/zhaoyuedong/Desktop/生鲜项目/fresh-b2b/fresh-shop/server/service/system/sys_user.go:338
[0m[33m[0.501ms] [34;1m[rows:1][0m UPDATE `sys_users` SET `authority_id`=1001,`updated_at`='2026-09-30 00:48:16.599' WHERE id = 86 AND `sys_users`.`deleted_at` IS NULL AND `id` = 86 ORDER BY `sys_users`.`id` LIMIT 1

2026/09/30 00:48:16 [32m/Users/zhaoyuedong/Desktop/生鲜项目/fresh-b2b/fresh-shop/server/service/system/sys_operation_record.go:19
[0m[33m[0.883ms] [34;1m[rows:1][0m INSERT INTO `sys_operation_records` (`created_at`,`updated_at`,`deleted_at`,`ip`,`method`,`path`,`status`,`latency`,`agent`,`error_message`,`body`,`resp`,`user_id`) VALUES ('2026-09-30 00:48:16.601','2026-09-30 00:48:16.601',NULL,'127.0.0.1','POST','/user/setUserAuthorities',200,4456459,'Mozilla/5.0 (Macintosh; Intel Mac OS X 10_15_7) AppleWebKit/537.36 (KHTML, like Gecko) Chrome/151.0.0.0 Safari/537.36','','{"ID":86,"authorityIds":[1001]}','{"code":0,"data":{},"msg":"修改成功"}',1)
[GIN] 2026/09/30 - 00:48:16 | 200 |    5.663792ms |       127.0.0.1 | POST     "/user/setUserAuthorities"
2026/09/30 00:55:03 10457 Received SIGTERM.
2026/09/30 00:55:03 10457 Waiting for connections to finish...
2026/09/30 00:55:03 10457 Serve() returning...
2026/09/30 00:55:03 10457 [::]:48888 Listener closed.
[fresh_shop/server]2026/09/30 - 00:55:03.727	[31merror[0m	/Users/zhaoyuedong/Desktop/生鲜项目/fresh-b2b/fresh-shop/server/core/server.go:44	accept tcp [::]:48888: use of closed network connection
